,Series,Key,Description
0,SBN2024,PDPOSMBS-TOT,Total - Mortgage-backed Securities: Federal Agency and GSE MBS: Long - Mortgage-backed Securities: Federal Agency and GSE MBS: Short
1,SBN2024,PDPOSABS-TOT,Total - ASSET-BACKED SECURITIES - LONG. - ASSET-BACKED SECURITIES - SHORT.
2,SBN2024,PDPOSCS-TOT,Total - CORPORATE SECURITIES DEALER POSITION - LONG. - CORPORATE SECURITIES: DEALER POSITION - SHORT.
3,SBN2024,PDPOSFGS-TOT,Total - FEDERAL AGENCY AND GSE SECURITIES (EXCLUDING MBS) - DEALER POSITION - LONG - FEDERAL AGENCY AND GSE SECURITIES (EXCLUDING MBS) - : DEALER POSITION - SHORT
4,SBN2024,PDPOSSMGO-TOT,Total - STATE AND MUNICIPAL GOVERNMENT OBLIGATIONS : DEALER POSITION - LONG. - STATE AND MUNICIPAL GOVERNMENT OBLIGATIONS : DEALER POSITION - SHORT.
5,SBN2024,PDPOSGST-TOT,Total - U.S. TREASURY SECURITIES (EXCLUDING TREASURY INFLATION-PROTECTED SECURITIES (TIPS)) : DEALER POSITION - LONG. - U.S. TREASURY SECURITIES (EXCLUDING TREASURY INFLATION-PROTECTED SECURITIES (TIPS)) : DEALER POSITION - SHORT.
6,SBN2024,PDTRAB-TOT,Total - ASSET-BACKED SECURITIES: DEALER TRANSACTIONS WITH INTER-DEALER BROKERS. + ASSET-BACKED SECURITIES: DEALER TRANSACTIONS WITH OTHER.
7,SBN2024,PDABTOT,Total - ASSET-BACKED SECURITIES: DEALER TRANSACTIONS WITH INTER-DEALER BROKERS. + ASSET-BACKED SECURITIES: DEALER TRANSACTIONS WITH OTHER.
8,SBN2024,PDCSTOT,Total - CORPORATE SECURITIES: TRANSACTIONS WITH INTER-DEALER BROKERS + Total - CORPORATE SECURITIES: TRANSACTIONS WITH OTHERS
9,SBN2024,PDTRCS-TOT,Total - CORPORATE SECURITIES: TRANSACTIONS WITH INTER-DEALER BROKERS + Total - CORPORATE SECURITIES: TRANSACTIONS WITH OTHERS
10,SBN2024,PDFGSXMTOT,Total - FEDERAL AGENCY AND GSE SECURITIES (EXCLUDING MBS) - DEALER TRANSACTIONS WITH INTER-DEALER BROKERS + FEDERAL AGENCY AND GSE SECURITIES (EXCLUDING MBS) - DEALER TRANSACTIONS WITH OTHERS
11,SBN2024,PDTRFGSXM-TOT,Total - FEDERAL AGENCY AND GSE SECURITIES (EXCLUDING MBS) - DEALER TRANSACTIONS WITH INTER-DEALER BROKERS + FEDERAL AGENCY AND GSE SECURITIES (EXCLUDING MBS) - DEALER TRANSACTIONS WITH OTHERS
12,SBN2024,PDTRGS-FRN,FLOATING RATE NOTES: DEALER TRANSACTIONS WITH INTER-DEALER BROKERS + FLOATING RATE NOTES: DEALER TRANSACTIONS WITH OTHERS
13,SBN2024,PDTRMBS-TOT,Total - Mortgage-backed Securities: With Inter-dealer Brokers + Total - Mortgage-backed Securities: With Others
14,SBN2024,PDMBSTOT,Total - Mortgage-backed Securities: With Inter-dealer Brokers + Total - Mortgage-backed Securities: With Others
15,SBN2024,PDTRSMGO-TOT,Total - STATE AND MUNICIPAL GOVERNMENT OBLIGATIONS WITH INTER-DEALER BROKERS + Total - STATE AND MUNICIPAL GOVERNMENT OBLIGATIONS WITH OTHERS
16,SBN2024,PDMGOTOT,Total - STATE AND MUNICIPAL GOVERNMENT OBLIGATIONS WITH INTER-DEALER BROKERS + Total - STATE AND MUNICIPAL GOVERNMENT OBLIGATIONS WITH OTHERS
17,SBN2024,PDTIPSTOT,Total - U.S. TREASURY INFLATION-PROTECTED SECURITIES (TIPS) DEALER TRANSACTIONS WITH INTER-DEALER BROKERS + Total - U.S. TREASURY INFLATION-PROTECTED SECURITIES (TIPS) DEALER TRANSACTIONS WITH OTHERS
18,SBN2024,PDTRGST-TOT,Total - U.S. TREASURY INFLATION-PROTECTED SECURITIES (TIPS) DEALER TRANSACTIONS WITH INTER-DEALER BROKERS + Total - U.S. TREASURY INFLATION-PROTECTED SECURITIES (TIPS) DEALER TRANSACTIONS WITH OTHERS
19,SBN2024,PDGSWOEXTTOT,Total - U.S. TREASURY SECURITIES (EXCLUDING TREASURY INFLATION-PROTECTED SECURITIES (TIPS)) - DEALER TRANSACTIONS WITH INTER-DEALER BROKERS + Total - U.S. TREASURY SECURITIES (EXCLUDING TREASURY INFLATION-PROTECTED SECURITIES (TIPS)) - DEALER TRANSACTIONS WITH OTHERS
20,SBN2024,PDSIOSB-ABSTOT,Total - ASSET-BACKED SECURITIES OTHER FINANCING ACTIVITY SECURITIES BORROWED - DEALER FINANCING.
21,SBN2024,PDSOOS-ABSTOT,Total - ASSET-BACKED SECURITIES OTHER FINANCING ACTIVITY SECURITIES LENT
22,SBN2024,PDSIOSB-CDTOT,Total - CORPORATE DEBT OTHER FINANCING ACTIVITY - DEALER FINANCING SECURITIES BORROWED.
23,SBN2024,PDSOOS-CDTOT,Total - CORPORATE DEBT OTHER FINANCING ACTIVITY - DEALER FINANCING SECURITIES LENT
24,SBN2024,PDSIOSB-ETOT,Total - EQUITIES OTHER FINANCING ACTIVITY - DEALER FINANCING SECURITIES BORROWED: OVERNIGHT AND CONTINUING.
25,SBN2024,PDSOOS-ETOT,Total - EQUITIES OTHER FINANCING ACTIVITY - DEALER FINANCING SECURITIES LENT
26,SBN2024,PDSIOSB-FGEMTOT,Total - FEDERAL AGENCY AND GSE SECURITIES (EXCLUDING MBS) OTHER FINANCING ACTIVITY - DEALER FINANCING SECURITIES BORROWED:
27,SBN2024,PDSOOS-FGEMTOT,Total - FEDERAL AGENCY AND GSE SECURITIES (EXCLUDING MBS) OTHER FINANCING ACTIVITY - DEALER FINANCING SECURITIES LENT
28,SBN2024,PDSIOSB-OTOT,Total - OTHER FINANCING ACTIVITY - DEALER FINANCING SECURITIES BORROWED
29,SBN2024,PDSIOSB-FGCMTOT,"Total - Other Financing Activity, Securities Borrowed: Federal Agency and GSE CMBS "
30,SBN2024,PDSIOSB-FGMTOT,"Total - Other Financing Activity, Securities Borrowed: Federal Agency and GSE Residential MBS"
31,SBN2024,PDSOOS-FGCMTOT,"Total - Other Financing Activity, Securities Lent: Federal Agency and GSE CMBS"
32,SBN2024,PDSOOS-FGMTOT,"Total - Other Financing Activity, Securities Lent: Federal Agency and GSE Residential MBS"
33,SBN2024,PDSOOS-OTOT,Total - OTHER OTHER FINANCING ACTIVITY - DEALER FINANCING SECURITIES LENT
34,SBN2024,PDSORA-ABSTOT,Total - Repurchase Agreements: Asset-backed securities - Triparty (excluding GCF)
35,SBN2024,PDSORA-CDTOT,Total - Repurchase Agreements: Corporate Debt - Triparty (excluding GCF)
36,SBN2024,PDSORA-ETOT,Total - Repurchase Agreements: Equities - Triparty (excluding GCF)
37,SBN2024,PDSORA-FGCMTOT,Total - Repurchase Agreements: Federal Agency and GSE CMBS
38,SBN2024,PDSORA-FGMTOT,Total - Repurchase Agreements: Federal Agency and GSE Residential MBS
39,SBN2024,PDSORA-FGEMTOT,Total - Repurchase Agreements: Federal Agency and GSE Securities (excluding MBS)
40,SBN2024,PDSORA-OTOT,Total - Repurchase Agreements: Other 
41,SBN2024,PDSORA-UTSTTOT,Total - Repurchase Agreements: U.S. Treasury Inflation-Protected Securities (TIPS)
42,SBN2024,PDSORA-UTSETTOT,Total - Repurchase Agreements: U.S. Treasury securities (excluding TIPS)
43,SBN2024,PDSIRRA-ABSTOT,Total - Reverse Repurchase Agreements: Asset-backed securities
44,SBN2024,PDSIRRA-CDTOT,"Total - Other Financing Activity, Securities Borrowed: Federal Agency and GSE Residential MBS"
45,SBN2024,PDSIRRA-ETOT,Total - Reverse Repurchase Agreements: Equities
46,SBN2024,PDSIRRA-FGCMTOT,Total - Reverse Repurchase Agreements: Federal Agency and GSE CMBS
47,SBN2024,PDSIRRA-FGMTOT,Total - Reverse Repurchase Agreements: Federal Agency and GSE Residential MBS
48,SBN2024,PDSIRRA-FGEMTOT,Total - Reverse Repurchase Agreements: Federal Agency and GSE Securities (excluding MBS) 
49,SBN2024,PDSIRRA-OTOT,Total - Reverse Repurchase Agreements: Other 
50,SBN2024,PDSIRRA-UTSTTOT,Total - Reverse Repurchase Agreements: U.S. Treasury Inflation-Protected Securities (TIPS)
51,SBN2024,PDSIRRA-UTSETTOT,Total - Reverse Repurchase Agreements: U.S. Treasury securities (excluding TIPS)
52,SBN2024,PDSIOSB-UTSTTOT,Total - TREASURY INFLATION-PROTECTED SECURITIES (TIPS) OTHER FINANCING ACTIVITY - DEALER FINANCING SECURITIES BORROWED
53,SBN2024,PDSOOS-UTSTTOT,Total - TREASURY INFLATION-PROTECTED SECURITIES (TIPS) OTHER FINANCING ACTIVITY - DEALER FINANCING SECURITIES LENT
54,SBN2024,PDSIOSB-UTSETTOT,Total - U.S. TREASURY SECURITIES (EXCLUDING TREASURY INFLATION-PROTECTED SECURITIES (TIPS)) OTHER FINANCING ACTIVITY - DEALER FINANCING SECURITIES BORROWED
55,SBN2024,PDSOOS-UTSETTOT,Total - U.S. TREASURY SECURITIES (EXCLUDING TREASURY INFLATION-PROTECTED SECURITIES (TIPS)) OTHER FINANCING ACTIVITY - DEALER FINANCING SECURITIES LENT
56,SBN2024,PDCAFHLMCNONUMBS-FDT,"Total - CLASS A, 30-YEAR FEDERAL AGENCY AND GSE PASS-THROUGH MBS FAILS: FHLMC (NON-UMBS) FAILS TO DELIVER"
57,SBN2024,PDCAFHLMCNONUMBS-FRT,"Total - CLASS A, 30-YEAR FEDERAL AGENCY AND GSE PASS-THROUGH MBS FAILS: FHLMC (NON-UMBS) FAILS TO RECEIVE"
58,SBN2024,PDCAFNMAFHLMC-FDT,"Total - CLASS A, 30-YEAR FEDERAL AGENCY AND GSE PASS-THROUGH MBS FAILS: FNMA/FHLMC UMBS FAILS TO DELIVER"
59,SBN2024,PDCAFNMAFHLMC-FRT,"Total - CLASS A, 30-YEAR FEDERAL AGENCY AND GSE PASS-THROUGH MBS FAILS: FNMA/FHLMC UMBS FAILS TO RECEIVE"
60,SBN2024,PDCAFHLMCNONUMBS-DRT,"Total - CLASS A, 30-YEAR FEDERAL AGENCY AND GSE PASS-THROUGH MBS TRANSACTION VOLUMES: FHLMC (NON-UMBS) DOLLAR ROLL"
61,SBN2024,PDCAFHLMCNONUMBS-OUTT,"Total - CLASS A, 30-YEAR FEDERAL AGENCY AND GSE PASS-THROUGH MBS TRANSACTION VOLUMES: FHLMC (NON-UMBS) OUTRIGHT"
62,SBN2024,PDCAFNMAFHLMC-DRT,"Total - CLASS A, 30-YEAR FEDERAL AGENCY AND GSE PASS-THROUGH MBS TRANSACTION VOLUMES: FNMA/FHLMC UMBS DOLLAR ROLL"
63,SBN2024,PDCAFNMAFHLMC-OUTT,"Total - CLASS A, 30-YEAR FEDERAL AGENCY AND GSE PASS-THROUGH MBS TRANSACTION VOLUMES: FNMA/FHLMC UMBS OUTRIGHT"
64,SBN2024,PDCBFHLMCNONUMBS-FDT,"Total - CLASS B, 15-YEAR FEDERAL AGENCY AND GSE PASS-THROUGH MBS FAILS: FHLMC (NON-UMBS) FAILS TO DELIVER"
65,SBN2024,PDCBFHLMCNONUMBS-FRT,"Total - CLASS B, 15-YEAR FEDERAL AGENCY AND GSE PASS-THROUGH MBS FAILS: FHLMC (NON-UMBS) FAILS TO RECEIVE"
66,SBN2024,PDCBFNMAFHLMC-FDT,"Total - CLASS B, 15-YEAR FEDERAL AGENCY AND GSE PASS-THROUGH MBS FAILS: FNMA/FHLMC UMBS FAILS TO DELIVER"
67,SBN2024,PDCBFNMAFHLMC-FRT,"Total - CLASS B, 15-YEAR FEDERAL AGENCY AND GSE PASS-THROUGH MBS FAILS: FNMA/FHLMC UMBS FAILS TO RECEIVE"
68,SBN2024,PDCBFHLMCNONUMBS-DRT,"Total - CLASS B, 15-YEAR FEDERAL AGENCY AND GSE PASS-THROUGH MBS TRANSACTION VOLUMES: FHLMC (NON-UMBS) DOLLAR ROLL"
69,SBN2024,PDCBFHLMCNONUMBS-OUTT,"Total - CLASS B, 15-YEAR FEDERAL AGENCY AND GSE PASS-THROUGH MBS TRANSACTION VOLUMES: FHLMC (NON-UMBS) OUTRIGHT"
70,SBN2024,PDCBFNMAFHLMC-DRT,"Total - CLASS B, 15-YEAR FEDERAL AGENCY AND GSE PASS-THROUGH MBS TRANSACTION VOLUMES: FNMA/FHLMC UMBS DOLLAR ROLL"
71,SBN2024,PDCBFNMAFHLMC-OUTT,"Total - CLASS B, 15-YEAR FEDERAL AGENCY AND GSE PASS-THROUGH MBS TRANSACTION VOLUMES: FNMA/FHLMC UMBS OUTRIGHT"
72,SBN2024,PDCCGNMA-FDT,"Total - CLASS C, 30-YEAR FEDERAL AGENCY AND GSE PASS-THROUGH MBS FAILS: GNMA FAILS TO DELIVER"
73,SBN2024,PDCCGNMA-FRT,"Total - CLASS C, 30-YEAR FEDERAL AGENCY AND GSE PASS-THROUGH MBS FAILS: GNMA FAILS TO RECEIVE"
74,SBN2024,PDCCGNMA-DRT,"Total - CLASS C, 30-YEAR FEDERAL AGENCY AND GSE PASS-THROUGH MBS TRANSACTION VOLUMES: GNMA DOLLAR ROLL"
75,SBN2024,PDCCGNMA-OUTT,"Total - CLASS C, 30-YEAR FEDERAL AGENCY AND GSE PASS-THROUGH MBS TRANSACTION VOLUMES: GNMA OUTRIGHT"
76,SBN2024,PDMEFHLMCNONUMBS15-FDT,"Total - MONTH-END, 15-YEAR FEDERAL AGENCY AND GSE PASS-THROUGH MBS FAILS: FHLMC (NON-UMBS) FAILS TO DELIVER"
77,SBN2024,PDMEFHLMCNONUMBS15-FRT,"Total - MONTH-END, 15-YEAR FEDERAL AGENCY AND GSE PASS-THROUGH MBS FAILS: FHLMC (NON-UMBS) FAILS TO RECEIVE"
78,SBN2024,PDMEFNMAFHLMC15-FDT,"Total - MONTH-END, 15-YEAR FEDERAL AGENCY AND GSE PASS-THROUGH MBS FAILS: FNMA/FHLMC UMBS FAILS TO DELIVER"
79,SBN2024,PDMEFNMAFHLMC15-FRT,"Total - MONTH-END, 15-YEAR FEDERAL AGENCY AND GSE PASS-THROUGH MBS FAILS: FNMA/FHLMC UMBS FAILS TO RECEIVE"
80,SBN2024,PDMEFHLMCNONUMBS15-DRT,"Total - MONTH-END, 15-YEAR FEDERAL AGENCY AND GSE PASS-THROUGH MBS TRANSACTION VOLUMES: FHLMC (NON-UMBS) DOLLAR ROLL"
81,SBN2024,PDMEFHLMCNONUMBS15-OUTT,"Total - MONTH-END, 15-YEAR FEDERAL AGENCY AND GSE PASS-THROUGH MBS TRANSACTION VOLUMES: FHLMC (NON-UMBS) OUTRIGHT"
82,SBN2024,PDMEFNMAFHLMC15-DRT,"Total - MONTH-END, 15-YEAR FEDERAL AGENCY AND GSE PASS-THROUGH MBS TRANSACTION VOLUMES: FNMA/FHLMC UMBS DOLLAR ROLL"
83,SBN2024,PDMEFNMAFHLMC15-OUTT,"Total - MONTH-END, 15-YEAR FEDERAL AGENCY AND GSE PASS-THROUGH MBS TRANSACTION VOLUMES: FNMA/FHLMC UMBS OUTRIGHT"
84,SBN2024,PDMEFHLMCNONUMBS-FDT,"Total - MONTH-END, 30-YEAR FEDERAL AGENCY AND GSE PASS-THROUGH MBS FAILS: FHLMC (NON-UMBS) FAILS TO DELIVER"
85,SBN2024,PDMEFHLMCNONUMBS-FRT,"Total - MONTH-END, 30-YEAR FEDERAL AGENCY AND GSE PASS-THROUGH MBS FAILS: FHLMC (NON-UMBS) FAILS TO RECEIVE"
86,SBN2024,PDMEFNMAFHLMC-FDT,"Total - MONTH-END, 30-YEAR FEDERAL AGENCY AND GSE PASS-THROUGH MBS FAILS: FNMA/FHLMC UMBS FAILS TO DELIVER"
87,SBN2024,PDMEFNMAFHLMC-FRT,"Total - MONTH-END, 30-YEAR FEDERAL AGENCY AND GSE PASS-THROUGH MBS FAILS: FNMA/FHLMC UMBS FAILS TO RECEIVE"
88,SBN2024,PDMEGNMA-FDT,"Total - MONTH-END, 30-YEAR FEDERAL AGENCY AND GSE PASS-THROUGH MBS FAILS: GNMA FAILS TO DELIVER"
89,SBN2024,PDMEGNMA-FRT,"Total - MONTH-END, 30-YEAR FEDERAL AGENCY AND GSE PASS-THROUGH MBS FAILS: GNMA FAILS TO DELIVER"
90,SBN2024,PDMEFHLMCNONUMBS-DRT,"Total - MONTH-END, 30-YEAR FEDERAL AGENCY AND GSE PASS-THROUGH MBS TRANSACTION VOLUMES: FHLMC (NON-UMBS) DOLLAR ROLL"
91,SBN2024,PDMEFHLMCNONUMBS-OUTT,"Total - MONTH-END, 30-YEAR FEDERAL AGENCY AND GSE PASS-THROUGH MBS TRANSACTION VOLUMES: FHLMC (NON-UMBS) OUTRIGHT"
92,SBN2024,PDMEFNMAFHLMC-DRT,"Total - MONTH-END, 30-YEAR FEDERAL AGENCY AND GSE PASS-THROUGH MBS TRANSACTION VOLUMES: FNMA/FHLMC UMBS DOLLAR ROLL"
93,SBN2024,PDMEFNMAFHLMC-OUTT,"Total - MONTH-END, 30-YEAR FEDERAL AGENCY AND GSE PASS-THROUGH MBS TRANSACTION VOLUMES: FNMA/FHLMC UMBS OUTRIGHT"
94,SBN2024,PDMEGNMA-DRT,"Total - MONTH-END, 30-YEAR FEDERAL AGENCY AND GSE PASS-THROUGH MBS TRANSACTION VOLUMES: GNMA DOLLAR ROLL"
95,SBN2024,PDMEGNMA-OUTT,"Total - MONTH-END, 30-YEAR FEDERAL AGENCY AND GSE PASS-THROUGH MBS TRANSACTION VOLUMES: GNMA DOLLAR ROLL"
96,SBN2024,PDPOSMBSFGS-TBA," Mortgage-backed Securities: Federal Agency and GSE MBS: TBAs - Outright Positions, Long - Mortgage-backed Securities: Federal Agency and GSE MBS: TBAs - Outright Positions, Short"
97,SBN2024,PDPOSCSBND-L13,"CORPORATE SECURITIES: INVESTMENT GRADE BONDS, NOTES AND DEBENTURES DUE IN LESS THAN OR EQUAL TO 13 MONTHS: DEALER POSITION - LONG. - CORPORATE SECURITIES: INVESTMENT GRADE BONDS, NOTES AND DEBENTURES DUE IN LESS THAN OR EQUAL TO 13 MONTHS: DEALER POSITION - SHORT."
98,SBN2024,PDPOSABS-ALB,ASSET-BACKED SECURITIES: AUTOMOBILE LOAN-BACKED SECURITIES: DEALER POSITION - LONG. - ASSET-BACKED SECURITIES: AUTOMOBILE LOAN-BACKED SECURITIES: DEALER POSITION - SHORT.
99,SBN2024,PDPOSABS-CCB,ASSET-BACKED SECURITIES: CREDIT CARD-BACKED SECURITIES: DEALER POSITION - LONG. - ASSET-BACKED SECURITIES: CREDIT CARD-BACKED SECURITIES: DEALER POSITION - SHORT.
100,SBN2024,PDPOSABS-OAB,ASSET-BACKED SECURITIES: OTHER ASSET-BACKED SECURITIES: DEALER POSITION - LONG. - ASSET-BACKED SECURITIES: OTHER ASSET-BACKED SECURITIES: DEALER POSITION - SHORT.
101,SBN2024,PDPOSABS-SLB,ASSET-BACKED SECURITIES: STUDENT LOAN-BACKED SECURITIES: DEALER POSITION - LONG. - ASSET-BACKED SECURITIES: STUDENT LOAN-BACKED SECURITIES IN SHORT POSITION.
102,SBN2024,PDPOSCSBND-BELG10,CORPORATE SECURITIES BELOW INVESTMENT GRADE BONDS NOTES AND DEBENTURES DUE IN MORE THAN 10 YEARS: DEALER POSITION - LONG. - CORPORATE SECURITIES BELOW INVESTMENT GRADE BONDS NOTES AND DEBENTURES DUE IN MORE THAN 10 YEARS: DEALER POSITION -SHORT.
103,SBN2024,PDPOSCSBND-BELG13,CORPORATE SECURITIES BELOW INVESTMENT GRADE BONDS NOTES AND DEBENTURES DUE IN MORE THAN 13 MONTHS BUT LESS THAN OR EQUAL TO 5 YEARS: DEALER POSITION -LONG. - CORPORATE SECURITIES BELOW INVESTMENT GRADE BONDS NOTES AND DEBENTURES DUE IN MORE THAN 13 MONTHS BUT LESS THAN OR EQUAL TO 5 YEARS: DEALER POSITION -SHORT.
104,SBN2024,PDPOSCSBND-BELG5L10,CORPORATE SECURITIES BELOW INVESTMENT GRADE BONDS NOTES AND DEBENTURES DUE IN MORE THAN 5 YEARS BUT LESS THAN OR EQUAL TO 10 YEARS: DEALER POSITION - LONG. - CORPORATE SECURITIES BELOW INVESTMENT GRADE BONDS NOTES AND DEBENTURES DUE IN MORE THAN 5 YEARS BUT LESS THAN OR EQUAL TO 10 YEARS: DEALER POSITION -SHORT.
105,SBN2024,PDPOSCSBND-BELL13,CORPORATE SECURITIES BELOW INVESTMENT GRADE DUE IN LESS THAN OR EQUAL TO 13 MONTHS: DEALER POSITION - LONG. - CORPORATE SECURITIES BELOW INVESTMENT GRADE DUE IN LESS THAN OR EQUAL TO 13 MONTHS: DEALER POSITION - SHORT.
106,SBN2024,PDPOSCSBND-G10,CORPORATE SECURITIES INVESTMENT GRADE BONDS NOTES AND DEBENTURES DUE IN MORE THAN 10 YEARS: DEALER POSITION - LONG. - CORPORATE SECURITIES INVESTMENT GRADE BONDS NOTES AND DEBENTURES DUE IN MORE THAN 10 YEARS: DEALER POSITION - SHORT.
107,SBN2024,PDPOSCSBND-G5L10,CORPORATE SECURITIES INVESTMENT GRADE BONDS NOTES AND DEBENTURES DUE IN MORE THAN 5 YEARS BUT LESS THAN OR EQUAL TO 10 YEARS: DEALER POSITION - LONG. - CORPORATE SECURITIES INVESTMENT GRADE BONDS NOTES AND DEBENTURES DUE IN MORE THAN 5 YEARS BUT LESS THAN OR EQUAL TO 10 YEARS: DEALER POSITION -SHORT.
108,SBN2024,PDPOSCSCP,CORPORATE SECURITIES: COMMERCIAL PAPER: DEALER POSITION - LONG. - CORPORATE SECURITIES: COMMERCIAL PAPER: DEALER POSITION - SHORT.
109,SBN2024,PDPOSCSBND-G13,CORPORATE SECURITIES: INVESTMENT GRADE BONDS NOTES AND DEBENTURES DUE IN MORE THAN 13 MONTHS BUT LESS THAN OR EQUAL TO 5 YEARS: DEALER POSITION - LONG. - CORPORATE SECURITIES INVESTMENT GRADE BONDS NOTES AND DEBENTURES DUE IN MORE THAN 13 MONTHS BUT LESS THAN OR EQUAL TO 5 YEARS: DEALER POSITION - SHORT.
110,SBN2024,PDPOSFGS-C,FEDERAL AGENCY AND GSE SECURITIES (EXCLUDING MBS) - COUPONS: DEALER POSITION - LONG - FEDERAL AGENCY AND GSE SECURITIES (EXCLUDING MBS) - COUPONS : DEALER POSITION - SHORT
111,SBN2024,PDPOSFGS-DN,FEDERAL AGENCY AND GSE SECURITIES (EXCLUDING MBS) - DISCOUNT NOTES: DEALER POSITION - LONG - FEDERAL AGENCY AND GSE SECURITIES (EXCLUDING MBS) - DISCOUNT NOTES: DEALER POSITION - SHORT
112,SBN2024,PDPOSGS-BFRN,FLOATING RATE NOTES: DEALER POSITION - LONG. - FLOATING RATE NOTES: DEALER POSITION - SHORT.
113,SBN2024,PDPOSMBSFGS-OR,MORTGAGE-BACKED SECURITIES - ALL OTHER FEDERAL AGENCY AND GSE RESIDENTIAL MBS: DEALER POSITION - LONG - MORTGAGE-BACKED SECURITIES - ALL OTHER FEDERAL AGENCY AND GSE RESIDENTIAL MBS: DEALER POSITION - SHORT
114,SBN2024,PDPOSMBSFGS-C,MORTGAGE-BACKED SECURITIES - FEDERAL AGENCY AND GSE CMBS: DEALER POSITION - LONG - MORTGAGE-BACKED SECURITIES - FEDERAL AGENCY AND GSE CMBS: DEALER POSITION - SHORT
115,SBN2024,PDPOSMBSNA-O,MORTGAGE-BACKED SECURITIES - NON-AGENCY OTHER CMBS : DEALER POSITION - LONG - MORTGAGE-BACKED SECURITIES - NON-AGENCY OTHER CMBS : DEALER POSITION - SHORT
116,SBN2024,PDPOSMBSNA-R,MORTGAGE-BACKED SECURITIES - NON-AGENCY RESIDENTIAL MBS : DEALER POSITION - LONG - MORTGAGE-BACKED SECURITIES - NON-AGENCY RESIDENTIAL MBS : DEALER POSITION - SHORT
117,SBN2024,PDPOSMBSFGS-ST,"Mortgage-backed Securities: Federal Agency and GSE MBS: Specified pools - Outright Positions, Long - Mortgage-backed Securities: Federal Agency and GSE MBS: Specified pools - Outright Positions, Short"
118,SBN2024,PDPOSSMGO-L13,STATE AND MUNICIPAL GOVERNMENT OBLIGATIONS DUE IN LESS THAN OR EQUAL TO 13 MONTHS: DEALER POSITION - LONG. - STATE AND MUNICIPAL GOVERNMENT OBLIGATIONS DUE IN LESS THAN OR EQUAL TO 13 MONTHS: DEALER POSITION - SHORT.
119,SBN2024,PDPOSSMGO-G10,STATE AND MUNICIPAL GOVERNMENT OBLIGATIONS DUE IN MORE THAN 10 YEARS: DEALER POSITION - LONG. - STATE AND MUNICIPAL GOVERNMENT OBLIGATIONS DUE IN MORE THAN 10 YEARS: DEALER POSITION - SHORT.
120,SBN2024,PDPOSSMGO-G13,STATE AND MUNICIPAL GOVERNMENT OBLIGATIONS DUE IN MORE THAN 13 MONTHS BUT LESS THAN OR EQUAL TO 5 YEARS: DEALER POSITION - LONG. - STATE AND MUNICIPAL GOVERNMENT OBLIGATIONS DUE IN MORE THAN 13 MONTHS BUT LESS THAN OR EQUAL TO 5 YEARS: DEALER POSITION - SHORT.
121,SBN2024,PDPOSSMGO-G5L10,STATE AND MUNICIPAL GOVERNMENT OBLIGATIONS DUE IN MORE THAN 5 YEARS BUT LESS THAN OR EQUAL TO 10 YEARS: DEALER POSITION - LONG. - STATE AND MUNICIPAL GOVERNMENT OBLIGATIONS DUE IN MORE THAN 5 YEARS BUT LESS THAN OR EQUAL TO 10 YEARS: DEALER POSITION - SHORT.
122,SBN2024,PDPOSSMGO-VRD,STATE AND MUNICIPAL GOVERNMENT OBLIGATIONS VARIABLE RATE DEMAND NOTES: DEALER POSITION - LONG. - STATE AND MUNICIPAL GOVERNMENT OBLIGATIONS VARIABLE RATE DEMAND NOTES: DEALER POSITION - SHORT.
123,SBN2024,PDPOSTIPS-L2,U.S. TREASURY INFLATION-PROTECTED SECURITIES (TIPS) DUE IN LESS THAN OR EQUAL TO 2 YEARS : DEALER POSITION - LONG. - U.S. TREASURY INFLATION-PROTECTED SECURITIES (TIPS) DUE IN LESS THAN OR EQUAL TO 2 YEARS : DEALER POSITION - SHORT.
124,SBN2024,PDPOSTIPS-G11,U.S. TREASURY INFLATION-PROTECTED SECURITIES (TIPS) DUE IN MORE THAN 11 YEARS : DEALER POSITION - LONG. - U.S. TREASURY INFLATION-PROTECTED SECURITIES (TIPS) DUE IN MORE THAN 11 YEARS : DEALER POSITION - SHORT.
125,SBN2024,PDPOSTIPS-G2,U.S. TREASURY INFLATION-PROTECTED SECURITIES (TIPS) DUE IN MORE THAN 2 YEARS BUT LESS THAN OR EQUAL TO 6 YEARS : DEALER POSITION - LONG. - U.S. TREASURY INFLATION-PROTECTED SECURITIES (TIPS) DUE IN MORE THAN 2 YEARS BUT LESS THAN OR EQUAL TO 6 YEARS : DEALER POSITION - SHORT.
126,SBN2024,PDPOSTIPS-G6L11,U.S. TREASURY INFLATION-PROTECTED SECURITIES (TIPS) DUE IN MORE THAN 6 YEARS BUT LESS THAN OR EQUAL TO 11 YEARS : DEALER POSITION - LONG. - U.S. TREASURY INFLATION-PROTECTED SECURITIES (TIPS) DUE IN MORE THAN 6 YEARS BUT LESS THAN OR EQUAL TO 11 YEARS : DEALER POSITION - SHORT.
127,SBN2024,PDPOSGSC-G11L21,U.S. TREASURY SECURITIES (EXCLUDING TIPS): COUPONS DUE IN MORE THAN 11 YEARS BUT LESS THAN OR EQUAL TO 21 YEARS - OUTRIGHT POSITIONS LONG - U.S. TREASURY SECURITIES (EXCLUDING TIPS): COUPONS DUE IN MORE THAN 11 YEARS BUT LESS THAN OR EQUAL TO 21 YEARS - OUTRIGHT POSITIONS SHORT
128,SBN2024,PDPOSGSC-G21,U.S. TREASURY SECURITIES (EXCLUDING TIPS): COUPONS DUE IN MORE THAN 21 YEARS - OUTRIGHT POSITIONS LONG - U.S. TREASURY SECURITIES (EXCLUDING TIPS): COUPONS DUE IN MORE THAN 21 YEARS - OUTRIGHT POSITIONS SHORT
129,SBN2024,PDPOSGS-B,U.S. TREASURY SECURITIES (EXCLUDING TREASURY INFLATION-PROTECTED SECURITIES (TIPS)) BILLS: DEALER POSITION - LONG. - U.S. TREASURY SECURITIES (EXCLUDING TREASURY INFLATION-PROTECTED SECURITIES (TIPS)) BILLS : DEALER POSITION - SHORT.
130,SBN2024,PDPOSGSC-L2,U.S. TREASURY SECURITIES (EXCLUDING TREASURY INFLATION-PROTECTED SECURITIES (TIPS)) COUPONS DUE IN LESS THAN OR EQUAL TO 2 YEARS : DEALER POSITION - LONG. - U.S. TREASURY SECURITIES (EXCLUDING TREASURY INFLATION-PROTECTED SECURITIES (TIPS)) COUPONS DUE IN LESS THAN OR EQUAL TO 2 YEARS : DEALER POSITION - SHORT.
131,SBN2024,PDPOSGSC-G2L3,U.S. TREASURY SECURITIES (EXCLUDING TREASURY INFLATION-PROTECTED SECURITIES (TIPS)) COUPONS DUE IN MORE THAN 2 YEARS BUT LESS THAN OR EQUAL TO 3 YEARS : DEALER POSITION - LONG. - U.S. TREASURY SECURITIES (EXCLUDING TREASURY INFLATION-PROTECTED SECURITIES (TIPS)) COUPONS DUE IN MORE THAN 2 YEARS BUT LESS THAN OR EQUAL TO 3 YEARS : DEALER POSITION - SHORT.
132,SBN2024,PDPOSGSC-G3L6,U.S. TREASURY SECURITIES (EXCLUDING TREASURY INFLATION-PROTECTED SECURITIES (TIPS)) COUPONS DUE IN MORE THAN 3 YEARS BUT LESS THAN OR EQUAL TO 6 YEARS : DEALER POSITION - LONG. - U.S. TREASURY SECURITIES (EXCLUDING TREASURY INFLATION-PROTECTED SECURITIES (TIPS)) COUPONS DUE IN MORE THAN 3 YEARS BUT LESS THAN OR EQUAL TO 6 YEARS : DEALER POSITION - SHORT.
133,SBN2024,PDPOSGSC-G6L7,U.S. TREASURY SECURITIES (EXCLUDING TREASURY INFLATION-PROTECTED SECURITIES (TIPS)) COUPONS DUE IN MORE THAN 6 YEARS BUT LESS THAN OR EQUAL TO 7 YEARS : DEALER POSITION - LONG. - U.S. TREASURY SECURITIES (EXCLUDING TREASURY INFLATION-PROTECTED SECURITIES (TIPS)) COUPONS DUE IN MORE THAN 6 YEARS BUT LESS THAN OR EQUAL TO 7 YEARS : DEALER POSITION - SHORT.
134,SBN2024,PDPOSGSC-G7L11,U.S. TREASURY SECURITIES (EXCLUDING TREASURY INFLATION-PROTECTED SECURITIES (TIPS)) COUPONS DUE IN MORE THAN 7 YEARS BUT LESS THAN OR EQUAL TO 11 YEARS : DEALER POSITION - LONG. - U.S. TREASURY SECURITIES (EXCLUDING TREASURY INFLATION-PROTECTED SECURITIES (TIPS)) COUPONS DUE IN MORE THAN 7 YEARS BUT LESS THAN OR EQUAL TO 11 YEARS : DEALER POSITION - SHORT.
135,SBN2024,PDPOSABS-ALBC,ASSET-BACKED SECURITIES: AUTOMOBILE LOAN-BACKED SECURITIES: DEALER POSITION - LONG. + ASSET-BACKED SECURITIES: AUTOMOBILE LOAN-BACKED SECURITIES: DEALER POSITION - SHORT. - Change From Previous Week
136,SBN2024,PDPOSABS-CCBC,ASSET-BACKED SECURITIES: CREDIT CARD-BACKED SECURITIES: DEALER POSITION - LONG. + ASSET-BACKED SECURITIES: CREDIT CARD-BACKED SECURITIES: DEALER POSITION - SHORT. - Change From Previous Week
137,SBN2024,PDPOSABS-OABC,ASSET-BACKED SECURITIES: OTHER ASSET-BACKED SECURITIES: DEALER POSITION - LONG. + ASSET-BACKED SECURITIES: OTHER ASSET-BACKED SECURITIES: DEALER POSITION - SHORT. - Change From Previous Week
138,SBN2024,PDPOSABS-SLBC,ASSET-BACKED SECURITIES: STUDENT LOAN-BACKED SECURITIES: DEALER POSITION - LONG. + ASSET-BACKED SECURITIES: STUDENT LOAN-BACKED SECURITIES IN SHORT POSITION. - Change From Previous Week
139,SBN2024,PDPOSABS-TOTC,Total - ASSET-BACKED SECURITIES: CREDIT CARD-BACKED SECURITIES: DEALER POSITION - LONG. + ASSET-BACKED SECURITIES: CREDIT CARD-BACKED SECURITIES: DEALER POSITION - SHORT. - Change From Previous Week
140,SBN2024,PDPOSCSBND-BELG10C,CORPORATE SECURITIES BELOW INVESTMENT GRADE BONDS NOTES AND DEBENTURES DUE IN MORE THAN 10 YEARS: DEALER POSITION - LONG. + CORPORATE SECURITIES BELOW INVESTMENT GRADE BONDS NOTES AND DEBENTURES DUE IN MORE THAN 10 YEARS: DEALER POSITION -SHORT. - Change From Previous Week
141,SBN2024,PDPOSCSBND-BELG13C,CORPORATE SECURITIES BELOW INVESTMENT GRADE BONDS NOTES AND DEBENTURES DUE IN MORE THAN 13 MONTHS BUT LESS THAN OR EQUAL TO 5 YEARS: DEALER POSITION -LONG. + CORPORATE SECURITIES BELOW INVESTMENT GRADE BONDS NOTES AND DEBENTURES DUE IN MORE THAN 13 MONTHS BUT LESS THAN OR EQUAL TO 5 YEARS: DEALER POSITION -SHORT. - Change From Previous Week
142,SBN2024,PDPOSCSBND-BELG5L10C,CORPORATE SECURITIES BELOW INVESTMENT GRADE BONDS NOTES AND DEBENTURES DUE IN MORE THAN 5 YEARS BUT LESS THAN OR EQUAL TO 10 YEARS: DEALER POSITION - LONG. + CORPORATE SECURITIES BELOW INVESTMENT GRADE BONDS NOTES AND DEBENTURES DUE IN MORE THAN 5 YEARS BUT LESS THAN OR EQUAL TO 10 YEARS: DEALER POSITION -SHORT. - Change From Previous Week
143,SBN2024,PDPOSCSBND-BELL13C,CORPORATE SECURITIES BELOW INVESTMENT GRADE DUE IN LESS THAN OR EQUAL TO 13 MONTHS: DEALER POSITION - LONG. + CORPORATE SECURITIES BELOW INVESTMENT GRADE DUE IN LESS THAN OR EQUAL TO 13 MONTHS: DEALER POSITION - SHORT. - Change From Previous Week
144,SBN2024,PDPOSCSBND-G10C,CORPORATE SECURITIES INVESTMENT GRADE BONDS NOTES AND DEBENTURES DUE IN MORE THAN 10 YEARS: DEALER POSITION - LONG. + CORPORATE SECURITIES INVESTMENT GRADE BONDS NOTES AND DEBENTURES DUE IN MORE THAN 10 YEARS: DEALER POSITION - SHORT. - Change From Previous Week
145,SBN2024,PDPOSCSBND-G13C,CORPORATE SECURITIES: INVESTMENT GRADE BONDS NOTES AND DEBENTURES DUE IN MORE THAN 13 MONTHS BUT LESS THAN OR EQUAL TO 5 YEARS: DEALER POSITION - LONG. + CORPORATE SECURITIES INVESTMENT GRADE BONDS NOTES AND DEBENTURES DUE IN MORE THAN 13 MONTHS BUT LESS THAN OR EQUAL TO 5 YEARS: DEALER POSITION - SHORT. - Change From Previous Week
146,SBN2024,PDPOSCSBND-G5L10C,CORPORATE SECURITIES INVESTMENT GRADE BONDS NOTES AND DEBENTURES DUE IN MORE THAN 5 YEARS BUT LESS THAN OR EQUAL TO 10 YEARS: DEALER POSITION - LONG. + CORPORATE SECURITIES INVESTMENT GRADE BONDS NOTES AND DEBENTURES DUE IN MORE THAN 5 YEARS BUT LESS THAN OR EQUAL TO 10 YEARS: DEALER POSITION -SHORT. - Change From Previous Week
147,SBN2024,PDPOSCSBND-L13C,"CORPORATE SECURITIES: INVESTMENT GRADE BONDS, NOTES AND DEBENTURES DUE IN LESS THAN OR EQUAL TO 13 MONTHS: DEALER POSITION - LONG. + CORPORATE SECURITIES: INVESTMENT GRADE BONDS, NOTES AND DEBENTURES DUE IN LESS THAN OR EQUAL TO 13 MONTHS: DEALER POSITION - SHORT. - Change From Previous Week"
148,SBN2024,PDPOSCSCPC,CORPORATE SECURITIES: COMMERCIAL PAPER: DEALER POSITION - LONG. + CORPORATE SECURITIES: COMMERCIAL PAPER: DEALER POSITION - SHORT. - Change From Previous Week
149,SBN2024,PDPOSCS-TOTC,Total - CORPORATE SECURITIES: COMMERCIAL PAPER: DEALER POSITION - LONG. + CORPORATE SECURITIES: COMMERCIAL PAPER: DEALER POSITION - SHORT. - Change From Previous Week
150,SBN2024,PDPOSFGS-CC,FEDERAL AGENCY AND GSE SECURITIES (EXCLUDING MBS) - COUPONS: DEALER POSITION - LONG + FEDERAL AGENCY AND GSE SECURITIES (EXCLUDING MBS) - COUPONS : DEALER POSITION - SHORT - Change From Previous Week
151,SBN2024,PDPOSFGS-DNC,FEDERAL AGENCY AND GSE SECURITIES (EXCLUDING MBS) - DISCOUNT NOTES: DEALER POSITION - LONG + FEDERAL AGENCY AND GSE SECURITIES (EXCLUDING MBS) - DISCOUNT NOTES: DEALER POSITION - SHORT - Change From Previous Week
152,SBN2024,PDPOSFGS-TOTC,Total - FEDERAL AGENCY AND GSE SECURITIES (EXCLUDING MBS) - DISCOUNT NOTES: DEALER POSITION - LONG + FEDERAL AGENCY AND GSE SECURITIES (EXCLUDING MBS) - DISCOUNT NOTES: DEALER POSITION - SHORT - Change From Previous Week
153,SBN2024,PDPOSGS-BC,U.S. TREASURY SECURITIES (EXCLUDING TREASURY INFLATION-PROTECTED SECURITIES (TIPS)) BILLS: DEALER POSITION - LONG. + U.S. TREASURY SECURITIES (EXCLUDING TREASURY INFLATION-PROTECTED SECURITIES (TIPS)) BILLS : DEALER POSITION - SHORT. - Change From Previous Week
154,SBN2024,PDPOSGS-BFRNC,FLOATING RATE NOTES: DEALER POSITION - LONG. + FLOATING RATE NOTES: DEALER POSITION - SHORT. - Change From Previous Week
155,SBN2024,PDPOSGSC-G11L21C,U.S. TREASURY SECURITIES (EXCLUDING TIPS): COUPONS DUE IN MORE THAN 11 YEARS BUT LESS THAN OR EQUAL TO 21 YEARS - OUTRIGHT POSITIONS LONG + U.S. TREASURY SECURITIES (EXCLUDING TIPS): COUPONS DUE IN MORE THAN 11 YEARS BUT LESS THAN OR EQUAL TO 21 YEARS - OUTRIGHT POSITIONS SHORT - Change From Previous Week
156,SBN2024,PDPOSGSC-G21C,U.S. TREASURY SECURITIES (EXCLUDING TIPS): COUPONS DUE IN MORE THAN 21 YEARS - OUTRIGHT POSITIONS LONG + U.S. TREASURY SECURITIES (EXCLUDING TIPS): COUPONS DUE IN MORE THAN 21 YEARS - OUTRIGHT POSITIONS SHORT - Change From Previous Week
157,SBN2024,PDPOSGSC-G2L3C,U.S. TREASURY SECURITIES (EXCLUDING TREASURY INFLATION-PROTECTED SECURITIES (TIPS)) COUPONS DUE IN MORE THAN 2 YEARS BUT LESS THAN OR EQUAL TO 3 YEARS : DEALER POSITION - LONG. + U.S. TREASURY SECURITIES (EXCLUDING TREASURY INFLATION-PROTECTED SECURITIES (TIPS)) COUPONS DUE IN MORE THAN 2 YEARS BUT LESS THAN OR EQUAL TO 3 YEARS : DEALER POSITION - SHORT. - Change From Previous Week
158,SBN2024,PDPOSGSC-G3L6C,U.S. TREASURY SECURITIES (EXCLUDING TREASURY INFLATION-PROTECTED SECURITIES (TIPS)) COUPONS DUE IN MORE THAN 3 YEARS BUT LESS THAN OR EQUAL TO 6 YEARS : DEALER POSITION - LONG. + U.S. TREASURY SECURITIES (EXCLUDING TREASURY INFLATION-PROTECTED SECURITIES (TIPS)) COUPONS DUE IN MORE THAN 3 YEARS BUT LESS THAN OR EQUAL TO 6 YEARS : DEALER POSITION - SHORT. - Change From Previous Week
159,SBN2024,PDPOSGSC-G6L7C,U.S. TREASURY SECURITIES (EXCLUDING TREASURY INFLATION-PROTECTED SECURITIES (TIPS)) COUPONS DUE IN MORE THAN 6 YEARS BUT LESS THAN OR EQUAL TO 7 YEARS : DEALER POSITION - LONG. + U.S. TREASURY SECURITIES (EXCLUDING TREASURY INFLATION-PROTECTED SECURITIES (TIPS)) COUPONS DUE IN MORE THAN 6 YEARS BUT LESS THAN OR EQUAL TO 7 YEARS : DEALER POSITION - SHORT. - Change From Previous Week
160,SBN2024,PDPOSGSC-G7L11C,U.S. TREASURY SECURITIES (EXCLUDING TREASURY INFLATION-PROTECTED SECURITIES (TIPS)) COUPONS DUE IN MORE THAN 7 YEARS BUT LESS THAN OR EQUAL TO 11 YEARS : DEALER POSITION - LONG. + U.S. TREASURY SECURITIES (EXCLUDING TREASURY INFLATION-PROTECTED SECURITIES (TIPS)) COUPONS DUE IN MORE THAN 7 YEARS BUT LESS THAN OR EQUAL TO 11 YEARS : DEALER POSITION - SHORT. - Change From Previous Week
161,SBN2024,PDPOSGSC-L2C,U.S. TREASURY SECURITIES (EXCLUDING TREASURY INFLATION-PROTECTED SECURITIES (TIPS)) COUPONS DUE IN LESS THAN OR EQUAL TO 2 YEARS : DEALER POSITION - LONG. + U.S. TREASURY SECURITIES (EXCLUDING TREASURY INFLATION-PROTECTED SECURITIES (TIPS)) COUPONS DUE IN LESS THAN OR EQUAL TO 2 YEARS : DEALER POSITION - SHORT. - Change From Previous Week
162,SBN2024,PDPOSGST-TOTC,Total - U.S. TREASURY SECURITIES (EXCLUDING TREASURY INFLATION-PROTECTED SECURITIES (TIPS)) BILLS: DEALER POSITION - LONG. + U.S. TREASURY SECURITIES (EXCLUDING TREASURY INFLATION-PROTECTED SECURITIES (TIPS)) BILLS : DEALER POSITION - SHORT. - Change From Previous Week
163,SBN2024,PDPOSMBSFGS-CC,MORTGAGE-BACKED SECURITIES - FEDERAL AGENCY AND GSE CMBS: DEALER POSITION - LONG + MORTGAGE-BACKED SECURITIES - FEDERAL AGENCY AND GSE CMBS: DEALER POSITION - SHORT - Change From Previous Week
164,SBN2024,PDPOSMBSFGS-ORC,MORTGAGE-BACKED SECURITIES - ALL OTHER FEDERAL AGENCY AND GSE RESIDENTIAL MBS: DEALER POSITION - LONG + MORTGAGE-BACKED SECURITIES - ALL OTHER FEDERAL AGENCY AND GSE RESIDENTIAL MBS: DEALER POSITION - SHORT - Change From Previous Week
165,SBN2024,PDPOSMBSFGS-STC,"Mortgage-backed Securities: Federal Agency and GSE MBS: Specified pools - Outright Positions, Long + Mortgage-backed Securities: Federal Agency and GSE MBS: Specified pools - Outright Positions, Short - Change From Previous Week"
166,SBN2024,PDPOSMBSFGS-TBAC," Mortgage-backed Securities: Federal Agency and GSE MBS: TBAs - Outright Positions, Long + Mortgage-backed Securities: Federal Agency and GSE MBS: TBAs - Outright Positions, Short - Change From Previous Week"
167,SBN2024,PDPOSMBSNA-OC,MORTGAGE-BACKED SECURITIES - NON-AGENCY OTHER CMBS : DEALER POSITION - LONG + MORTGAGE-BACKED SECURITIES - NON-AGENCY OTHER CMBS : DEALER POSITION - SHORT - Change From Previous Week
168,SBN2024,PDPOSMBSNA-RC,MORTGAGE-BACKED SECURITIES - NON-AGENCY RESIDENTIAL MBS : DEALER POSITION - LONG + MORTGAGE-BACKED SECURITIES - NON-AGENCY RESIDENTIAL MBS : DEALER POSITION - SHORT - Change From Previous Week
169,SBN2024,PDPOSMBS-TOTC,"Total - Mortgage-backed Securities: Federal Agency and GSE MBS: TBAs - Outright Positions, Long + Mortgage-backed Securities: Federal Agency and GSE MBS: TBAs - Outright Positions, Short - Change From Previous Week"
170,SBN2024,PDPOSSMGO-G10C,STATE AND MUNICIPAL GOVERNMENT OBLIGATIONS DUE IN MORE THAN 10 YEARS: DEALER POSITION - LONG. + STATE AND MUNICIPAL GOVERNMENT OBLIGATIONS DUE IN MORE THAN 10 YEARS: DEALER POSITION - SHORT. - Change From Previous Week
171,SBN2024,PDPOSSMGO-G13C,STATE AND MUNICIPAL GOVERNMENT OBLIGATIONS DUE IN MORE THAN 13 MONTHS BUT LESS THAN OR EQUAL TO 5 YEARS: DEALER POSITION - LONG. + STATE AND MUNICIPAL GOVERNMENT OBLIGATIONS DUE IN MORE THAN 13 MONTHS BUT LESS THAN OR EQUAL TO 5 YEARS: DEALER POSITION - SHORT. - Change From Previous Week
172,SBN2024,PDPOSSMGO-G5L10C,STATE AND MUNICIPAL GOVERNMENT OBLIGATIONS DUE IN MORE THAN 5 YEARS BUT LESS THAN OR EQUAL TO 10 YEARS: DEALER POSITION - LONG. + STATE AND MUNICIPAL GOVERNMENT OBLIGATIONS DUE IN MORE THAN 5 YEARS BUT LESS THAN OR EQUAL TO 10 YEARS: DEALER POSITION - SHORT. - Change From Previous Week
173,SBN2024,PDPOSSMGO-L13C,STATE AND MUNICIPAL GOVERNMENT OBLIGATIONS DUE IN LESS THAN OR EQUAL TO 13 MONTHS: DEALER POSITION - LONG. + STATE AND MUNICIPAL GOVERNMENT OBLIGATIONS DUE IN LESS THAN OR EQUAL TO 13 MONTHS: DEALER POSITION - SHORT. - Change From Previous Week
174,SBN2024,PDPOSSMGO-TOTC,Total - STATE AND MUNICIPAL GOVERNMENT OBLIGATIONS DUE IN LESS THAN OR EQUAL TO 13 MONTHS: DEALER POSITION - LONG. + STATE AND MUNICIPAL GOVERNMENT OBLIGATIONS DUE IN LESS THAN OR EQUAL TO 13 MONTHS: DEALER POSITION - SHORT. - Change From Previous Week
175,SBN2024,PDPOSSMGO-VRDC,STATE AND MUNICIPAL GOVERNMENT OBLIGATIONS VARIABLE RATE DEMAND NOTES: DEALER POSITION - LONG. + STATE AND MUNICIPAL GOVERNMENT OBLIGATIONS VARIABLE RATE DEMAND NOTES: DEALER POSITION - SHORT. - Change From Previous Week
176,SBN2024,PDPOSTIPS-G11C,U.S. TREASURY INFLATION-PROTECTED SECURITIES (TIPS) DUE IN MORE THAN 11 YEARS : DEALER POSITION - LONG. + U.S. TREASURY INFLATION-PROTECTED SECURITIES (TIPS) DUE IN MORE THAN 11 YEARS : DEALER POSITION - SHORT. - Change From Previous Week
177,SBN2024,PDPOSTIPS-G2C,U.S. TREASURY INFLATION-PROTECTED SECURITIES (TIPS) DUE IN MORE THAN 2 YEARS BUT LESS THAN OR EQUAL TO 6 YEARS : DEALER POSITION - LONG. + U.S. TREASURY INFLATION-PROTECTED SECURITIES (TIPS) DUE IN MORE THAN 2 YEARS BUT LESS THAN OR EQUAL TO 6 YEARS : DEALER POSITION - SHORT. - Change From Previous Week
178,SBN2024,PDPOSTIPS-G6L11C,U.S. TREASURY INFLATION-PROTECTED SECURITIES (TIPS) DUE IN MORE THAN 6 YEARS BUT LESS THAN OR EQUAL TO 11 YEARS : DEALER POSITION - LONG. + U.S. TREASURY INFLATION-PROTECTED SECURITIES (TIPS) DUE IN MORE THAN 6 YEARS BUT LESS THAN OR EQUAL TO 11 YEARS : DEALER POSITION - SHORT. - Change From Previous Week
179,SBN2024,PDPOSTIPS-L2C,U.S. TREASURY INFLATION-PROTECTED SECURITIES (TIPS) DUE IN LESS THAN OR EQUAL TO 2 YEARS : DEALER POSITION - LONG. + U.S. TREASURY INFLATION-PROTECTED SECURITIES (TIPS) DUE IN LESS THAN OR EQUAL TO 2 YEARS : DEALER POSITION - SHORT. - Change From Previous Week
180,SBN2024,PDTRCSIND-L13,"CORPORATE SECURITIES: INVESTMENT GRADE BONDS, NOTES AND DEBENTURES DUE IN LESS THAN OR EQUAL TO 13 MONTHS - DEALER TRANSACTIONS WITH INTER-DEALER BROKERS. + CORPORATE SECURITIES: INVESTMENT GRADE BONDS, NOTES AND DEBENTURES DUE IN LESS THAN OR EQUAL TO 13 MONTHS - DEALER TRANSACTIONS WITH OTHER."
181,SBN2024,PDTRAB-ALB,ASSET-BACKED SECURITIES: AUTOMOBILE LOAN-BACKED SECURITIES - DEALER TRANSACTIONS WITH INTER-DEALER BROKERS. + ASSET-BACKED SECURITIES: AUTOMOBILE LOAN-BACKED SECURITIES - DEALER TRANSACTIONS WITH OTHER.
182,SBN2024,PDTRAB-CC,ASSET-BACKED SECURITIES: CREDIT CARD-BACKED SECURITIES - DEALER TRANSACTIONS WITH INTER-DEALER BROKERS. + ASSET-BACKED SECURITIES: CREDIT CARD-BACKED SECURITIES - DEALER TRANSACTIONS WITH OTHER.
183,SBN2024,PDIDBAB,ASSET-BACKED SECURITIES: CREDIT CARD-BACKED SECURITIES - DEALER TRANSACTIONS WITH INTER-DEALER BROKERS. + ASSET-BACKED SECURITIES: STUDENT LOAN-BACKED SECURITIES - DEALER TRANSACTIONS WITH INTER-DEALER BROKERS. + ASSET-BACKED SECURITIES: AUTOMOBILE LOAN-BACKED SECURITIES - DEALER TRANSACTIONS WITH INTER-DEALER BROKERS. + ASSET-BACKED SECURITIES: OTHER ASSET-BACKED SECURITIES - DEALER TRANSACTIONS WITH INTER-DEALER BROKERS.
184,SBN2024,PDWOAB,ASSET-BACKED SECURITIES: CREDIT CARD-BACKED SECURITIES - DEALER TRANSACTIONS WITH OTHER. + ASSET-BACKED SECURITIES: STUDENT LOAN-BACKED SECURITIES - DEALER TRANSACTIONS WITH OTHERS. + ASSET-BACKED SECURITIES: AUTOMOBILE LOAN-BACKED SECURITIES - DEALER TRANSACTIONS WITH OTHER. + ASSET-BACKED SECURITIES: OTHER ASSET-BACKED SECURITIES - DEALER TRANSACTIONS WITH OTHER.
185,SBN2024,PDTRAB-OAB,ASSET-BACKED SECURITIES: OTHER ASSET-BACKED SECURITIES - DEALER TRANSACTIONS WITH INTER-DEALER BROKERS. + ASSET-BACKED SECURITIES: OTHER ASSET-BACKED SECURITIES - DEALER TRANSACTIONS WITH OTHER.
186,SBN2024,PDTRAB-SLB,ASSET-BACKED SECURITIES: STUDENT LOAN-BACKED SECURITIES - DEALER TRANSACTIONS WITH INTER-DEALER BROKERS. + ASSET-BACKED SECURITIES: STUDENT LOAN-BACKED SECURITIES - DEALER TRANSACTIONS WITH OTHERS.
187,SBN2024,PDTRCSIND-BELG10,CORPORATE SECURITIES BELOW INVESTMENT GRADE BONDS NOTES AND DEBENTURES DUE IN MORE THAN 10 YEARS: DEALER TRANSACTIONS WITH INTER-DEALER BROKERS. + CORPORATE SECURITIES BELOW INVESTMENT GRADE BONDS NOTES AND DEBENTURES DUE IN MORE THAN 10 YEARS: DEALER TRANSACTIONS WITH OTHERS.
188,SBN2024,PDTRCSIND-BELG13,CORPORATE SECURITIES BELOW INVESTMENT GRADE BONDS NOTES AND DEBENTURES DUE IN MORE THAN 13 MONTHS BUT LESS THAN OR EQUAL TO 5 YEARS: DEALER TRANSACTIONS WITH INTER-DEALER BROKERS. + CORPORATE SECURITIES BELOW INVESTMENT GRADE BONDS NOTES AND DEBENTURES DUE IN MORE THAN 13 MONTHS BUT LESS THAN OR EQUAL TO 5 YEARS: DEALER TRANSACTIONS WITH OTHERS.
189,SBN2024,PDTRCSIND-BELG5L10,CORPORATE SECURITIES BELOW INVESTMENT GRADE BONDS NOTES AND DEBENTURES DUE IN MORE THAN 5 YEARS BUT LESS THAN OR EQUAL TO 10 YEARS: DEALER TRANSACTIONS WITH INTER-DEALER BROKERS. + CORPORATE SECURITIES BELOW INVESTMENT GRADE BONDS NOTES AND DEBENTURES DUE IN MORE THAN 5 YEARS BUT LESS THAN OR EQUAL TO 10 YEARS: DEALER TRANSACTIONS WITH OTHERS.
190,SBN2024,PDTRCSIND-BELL13,CORPORATE SECURITIES BELOW INVESTMENT GRADE DUE IN LESS THAN OR EQUAL TO 13 MONTHS: DEALER TRANSACTIONS WITH INTER-DEALER BROKERS. + CORPORATE SECURITIES BELOW INVESTMENT GRADE DUE IN LESS THAN OR EQUAL TO 13 MONTHS: DEALER TRANSACTIONS WITH OTHERS.
191,SBN2024,PDTRCSIND-G10,CORPORATE SECURITIES INVESTMENT GRADE BONDS NOTES AND DEBENTURES DUE IN MORE THAN 10 YEARS: DEALER TRANSACTIONS WITH INTER-DEALER BROKERS. + CORPORATE SECURITIES INVESTMENT GRADE BONDS NOTES AND DEBENTURES DUE IN MORE THAN 10 YEARS: DEALER TRANSACTIONS WITH OTHERS.
192,SBN2024,PDTRCSIND-G5L10,CORPORATE SECURITIES INVESTMENT GRADE BONDS NOTES AND DEBENTURES DUE IN MORE THAN 5 YEARS BUT LESS THAN OR EQUAL TO 10 YEARS: DEALER TRANSACTIONS WITH INTER-DEALER BROKERS. + CORPORATE SECURITIES INVESTMENT GRADE BONDS NOTES AND DEBENTURES DUE IN MORE THAN 5 YEARS BUT LESS THAN OR EQUAL TO 10 YEARS: DEALER TRANSACTIONS WITH OTHERS.
193,SBN2024,PDWOCS,"CORPORATE SECURITIES: COMMERCIAL PAPER - DEALER TRANSACTIONS WITH OTHER. + CORPORATE SECURITIES: INVESTMENT GRADE BONDS, NOTES AND DEBENTURES DUE IN LESS THAN OR EQUAL TO 13 MONTHS - DEALER TRANSACTIONS WITH OTHER. + CORPORATE SECURITIES INVESTMENT GRADE BONDS NOTES AND DEBENTURES DUE IN MORE THAN 13 MONTHS BUT LESS THAN OR EQUAL TO 5 YEARS: DEALER TRANSACTIONS WITH OTHERS. + CORPORATE SECURITIES INVESTMENT GRADE BONDS NOTES AND DEBENTURES DUE IN MORE THAN 5 YEARS BUT LESS THAN OR EQUAL TO 10 YEARS: DEALER TRANSACTIONS WITH OTHERS. + CORPORATE SECURITIES INVESTMENT GRADE BONDS NOTES AND DEBENTURES DUE IN MORE THAN 10 YEARS: DEALER TRANSACTIONS WITH OTHERS. + CORPORATE SECURITIES BELOW INVESTMENT GRADE DUE IN LESS THAN OR EQUAL TO 13 MONTHS: DEALER TRANSACTIONS WITH OTHERS. + CORPORATE SECURITIES BELOW INVESTMENT GRADE BONDS NOTES AND DEBENTURES DUE IN MORE THAN 13 MONTHS BUT LESS THAN OR EQUAL TO 5 YEARS: DEALER TRANSACTIONS WITH OTHERS. + CORPORATE SECURITIES BELOW INVESTMENT GRADE BONDS NOTES AND DEBENTURES DUE IN MORE THAN 5 YEARS BUT LESS THAN OR EQUAL TO 10 YEARS: DEALER TRANSACTIONS WITH OTHERS. + CORPORATE SECURITIES BELOW INVESTMENT GRADE BONDS NOTES AND DEBENTURES DUE IN MORE THAN 10 YEARS: DEALER TRANSACTIONS WITH OTHERS."
194,SBN2024,PDIDBCS,"CORPORATE SECURITIES: COMMERCIAL PAPER - TRANSACTIONS WITH INTER-DEALER BROKERS. + CORPORATE SECURITIES: INVESTMENT GRADE BONDS, NOTES AND DEBENTURES DUE IN LESS THAN OR EQUAL TO 13 MONTHS - DEALER TRANSACTIONS WITH INTER-DEALER BROKERS. + CORPORATE SECURITIES: INVESTMENT GRADE BONDS NOTES AND DEBENTURES DUE IN MORE THAN 13 MONTHS BUT LESS THAN OR EQUAL TO 5 YEARS: DEALER TRANSACTIONS WITH INTER-DEALER BROKERS. + CORPORATE SECURITIES INVESTMENT GRADE BONDS NOTES AND DEBENTURES DUE IN MORE THAN 5 YEARS BUT LESS THAN OR EQUAL TO 10 YEARS: DEALER TRANSACTIONS WITH INTER-DEALER BROKERS. + CORPORATE SECURITIES INVESTMENT GRADE BONDS NOTES AND DEBENTURES DUE IN MORE THAN 10 YEARS: DEALER TRANSACTIONS WITH INTER-DEALER BROKERS. + CORPORATE SECURITIES BELOW INVESTMENT GRADE DUE IN LESS THAN OR EQUAL TO 13 MONTHS: DEALER TRANSACTIONS WITH INTER-DEALER BROKERS. + CORPORATE SECURITIES BELOW INVESTMENT GRADE BONDS NOTES AND DEBENTURES DUE IN MORE THAN 13 MONTHS BUT LESS THAN OR EQUAL TO 5 YEARS: DEALER TRANSACTIONS WITH INTER-DEALER BROKERS. + CORPORATE SECURITIES BELOW INVESTMENT GRADE BONDS NOTES AND DEBENTURES DUE IN MORE THAN 5 YEARS BUT LESS THAN OR EQUAL TO 10 YEARS: DEALER TRANSACTIONS WITH INTER-DEALER BROKERS. + CORPORATE SECURITIES BELOW INVESTMENT GRADE BONDS NOTES AND DEBENTURES DUE IN MORE THAN 10 YEARS: DEALER TRANSACTIONS WITH INTER-DEALER BROKERS."
195,SBN2024,PDTRCS-CP,CORPORATE SECURITIES: COMMERCIAL PAPER - TRANSACTIONS WITH INTER-DEALER BROKERS. + CORPORATE SECURITIES: COMMERCIAL PAPER - DEALER TRANSACTIONS WITH OTHER.
196,SBN2024,PDTRCSIND-G13,CORPORATE SECURITIES: INVESTMENT GRADE BONDS NOTES AND DEBENTURES DUE IN MORE THAN 13 MONTHS BUT LESS THAN OR EQUAL TO 5 YEARS: DEALER TRANSACTIONS WITH INTER-DEALER BROKERS. + CORPORATE SECURITIES INVESTMENT GRADE BONDS NOTES AND DEBENTURES DUE IN MORE THAN 13 MONTHS BUT LESS THAN OR EQUAL TO 5 YEARS: DEALER TRANSACTIONS WITH OTHERS.
197,SBN2024,PDTRFGSXM-C,FEDERAL AGENCY AND GSE SECURITIES (EXCLUDING MBS) COUPONS - DEALER TRANSACTIONS WITH INTER-DEALER BROKERS + FEDERAL AGENCY AND GSE SECURITIES (EXCLUDING MBS) COUPONS - DEALER TRANSACTIONS WITH OTHER
198,SBN2024,PDIDBFGSXM,FEDERAL AGENCY AND GSE SECURITIES (EXCLUDING MBS) DISCOUNT NOTES - DEALER TRANSACTIONS WITH INTER-DEALER BROKERS + FEDERAL AGENCY AND GSE SECURITIES (EXCLUDING MBS) COUPONS - DEALER TRANSACTIONS WITH INTER-DEALER BROKERS
199,SBN2024,PDTRFGSXM-DN,FEDERAL AGENCY AND GSE SECURITIES (EXCLUDING MBS) DISCOUNT NOTES - DEALER TRANSACTIONS WITH INTER-DEALER BROKERS + FEDERAL AGENCY AND GSE SECURITIES (EXCLUDING MBS) DISCOUNT NOTES - DEALER TRANSACTIONS WITH OTHER
200,SBN2024,PDWOFGSXM,FEDERAL AGENCY AND GSE SECURITIES (EXCLUDING MBS) DISCOUNT NOTES - DEALER TRANSACTIONS WITH OTHER + FEDERAL AGENCY AND GSE SECURITIES (EXCLUDING MBS) COUPONS - DEALER TRANSACTIONS WITH OTHER
201,SBN2024,PDFRNIDEXT,FLOATING RATE NOTES: DEALER TRANSACTIONS WITH INTER-DEALER BROKERS.
202,SBN2024,PDFRNIDWOEXT,FLOATING RATE NOTES: DEALER TRANSACTIONS WITH OTHERS.
203,SBN2024,PDTRMBSRPT-AO,MORTGAGE-BACKED SECURITIES - ALL OTHER FEDERAL AGENCY AND GSE RESIDENTIAL MBS - DEALER TRANSACTIONS WITH INTER-DEALER BROKERS + MORTGAGE-BACKED SECURITIES - ALL OTHER FEDERAL AGENCY AND GSE RESIDENTIAL MBS - DEALER TRANSACTIONS WITH OTHER
204,SBN2024,PDTRMBSRPT-C,MORTGAGE-BACKED SECURITIES - FEDERAL AGENCY AND GSE CMBS - DEALER TRANSACTIONS WITH INTER-DEALER BROKERS + MORTGAGE-BACKED SECURITIES - FEDERAL AGENCY AND GSE CMBS - DEALER TRANSACTIONS WITH OTHER
205,SBN2024,PDTRMBSNA-R,MORTGAGE-BACKED SECURITIES - NON-AGENCY RESIDENTIAL MBS - DEALER TRANSACTIONS WITH INTER-DEALER BROKERS + MORTGAGE-BACKED SECURITIES - NON-AGENCY RESIDENTIAL MBS - DEALER TRANSACTIONS WITH OTHER
206,SBN2024,PDTRMBSNA-O,MORTGAGE-BACKED SECURITIES - OTHER CMBS - DEALER TRANSACTIONS WITH INTER-DEALER BROKERS + MORTGAGE-BACKED SECURITIES - OTHER CMBS - DEALER TRANSACTIONS WITH OTHER
207,SBN2024,PDTRMBSRPT-SPCT,"Mortgage-backed Securities: Federal Agency and GSE MBS: Federal Agency and GSE Residential Pass-through MBS: Specified pools cash transactions - Cumulative Outright Transactions, With Inter-dealer Brokers + Mortgage-backed Securities: Federal Agency and GSE MBS: Federal Agency and GSE Residential Pass-through MBS: Specified pools cash transactions - Cumulative Outright Transactions, With Others"
208,SBN2024,PDTRMBSRPT-SPDR,"Mortgage-backed Securities: Federal Agency and GSE MBS: Federal Agency and GSE Residential Pass-through MBS: Specified pools dollar roll transactions - Cumulative Outright Transactions, With Inter-dealer Brokers + Mortgage-backed Securities: Federal Agency and GSE MBS: Federal Agency and GSE Residential Pass-through MBS: Specified pools dollar roll transactions - Cumulative Outright Transactions, With Others"
209,SBN2024,PDTRMBSRPT-CT,"Mortgage-backed Securities: Federal Agency and GSE MBS: Federal Agency and GSE Residential Pass-through MBS: TBA Cash transactions - Cumulative Outright Transactions, With Inter-dealer Brokers + Mortgage-backed Securities: Federal Agency and GSE MBS: Federal Agency and GSE Residential Pass-through MBS: TBA Cash transactions - Cumulative Outright Transactions, With Others"
210,SBN2024,PDIDBMBS,"Mortgage-backed Securities: Federal Agency and GSE MBS: Federal Agency and GSE Residential Pass-through MBS: TBA Cash transactions - Cumulative Outright Transactions, With Inter-dealer Brokers + Mortgage-backed Securities: Federal Agency and GSE MBS: Federal Agency and GSE Residential Pass-through MBS: TBA Dollar roll transactions - Cumulative Outright Transactions, With Inter-dealer Brokers + Mortgage-backed Securities: Federal Agency and GSE MBS: Federal Agency and GSE Residential Pass-through MBS: Specified pools cash transactions - Cumulative Outright Transactions, With Inter-dealer Brokers + Mortgage-backed Securities: Federal Agency and GSE MBS: Federal Agency and GSE Residential Pass-through MBS: Specified pools dollar roll transactions - Cumulative Outright Transactions, With Inter-dealer Brokers + MORTGAGE-BACKED SECURITIES - ALL OTHER FEDERAL AGENCY AND GSE RESIDENTIAL MBS - DEALER TRANSACTIONS WITH INTER-DEALER BROKERS + MORTGAGE-BACKED SECURITIES - FEDERAL AGENCY AND GSE CMBS - DEALER TRANSACTIONS WITH INTER-DEALER BROKERS + MORTGAGE-BACKED SECURITIES - NON-AGENCY RESIDENTIAL MBS - DEALER TRANSACTIONS WITH INTER-DEALER BROKERS + MORTGAGE-BACKED SECURITIES - OTHER CMBS - DEALER TRANSACTIONS WITH INTER-DEALER BROKERS"
211,SBN2024,PDWOMBS,"Mortgage-backed Securities: Federal Agency and GSE MBS: Federal Agency and GSE Residential Pass-through MBS: TBA Cash transactions - Cumulative Outright Transactions, With Others + Mortgage-backed Securities: Federal Agency and GSE MBS: Federal Agency and GSE Residential Pass-through MBS: TBA Dollar roll transactions - Cumulative Outright Transactions, With Others + Mortgage-backed Securities: Federal Agency and GSE MBS: Federal Agency and GSE Residential Pass-through MBS: Specified pools cash transactions - Cumulative Outright Transactions, With Others + Mortgage-backed Securities: Federal Agency and GSE MBS: Federal Agency and GSE Residential Pass-through MBS: Specified pools dollar roll transactions - Cumulative Outright Transactions, With Others + MORTGAGE-BACKED SECURITIES - ALL OTHER FEDERAL AGENCY AND GSE RESIDENTIAL MBS - DEALER TRANSACTIONS WITH OTHER + MORTGAGE-BACKED SECURITIES - FEDERAL AGENCY AND GSE CMBS - DEALER TRANSACTIONS WITH OTHER + MORTGAGE-BACKED SECURITIES - NON-AGENCY RESIDENTIAL MBS - DEALER TRANSACTIONS WITH OTHER + MORTGAGE-BACKED SECURITIES - OTHER CMBS - DEALER TRANSACTIONS WITH OTHER"
212,SBN2024,PDTRMBSRPT-DRT,"Mortgage-backed Securities: Federal Agency and GSE MBS: Federal Agency and GSE Residential Pass-through MBS: TBA Dollar roll transactions - Cumulative Outright Transactions, With Inter-dealer Brokers + Mortgage-backed Securities: Federal Agency and GSE MBS: Federal Agency and GSE Residential Pass-through MBS: TBA Dollar roll transactions - Cumulative Outright Transactions, With Others"
213,SBN2024,PDTRSMGO-L13,STATE AND MUNICIPAL GOVERNMENT OBLIGATIONS DUE IN LESS THAN OR EQUAL TO 13 MONTHS - DEALER TRANSACTIONS WITH INTER-DEALER BROKERS. + STATE AND MUNICIPAL GOVERNMENT OBLIGATIONS DUE IN LESS THAN OR EQUAL TO 13 MONTHS - DEALER TRANSACTIONS WITH OTHER.
214,SBN2024,PDIDBSMGO,STATE AND MUNICIPAL GOVERNMENT OBLIGATIONS DUE IN LESS THAN OR EQUAL TO 13 MONTHS - DEALER TRANSACTIONS WITH INTER-DEALER BROKERS. + STATE AND MUNICIPAL GOVERNMENT OBLIGATIONS DUE IN MORE THAN 13 MONTHS BUT LESS THAN OR EQUAL TO 5 YEARS: DEALER TRANSACTIONS WITH INTER-DEALER BROKERS. + STATE AND MUNICIPAL GOVERNMENT OBLIGATIONS DUE IN MORE THAN 5 YEARS BUT LESS THAN OR EQUAL TO 10 YEARS: DEALER TRANSACTIONS WITH INTER-DEALER BROKERS. + STATE AND MUNICIPAL GOVERNMENT OBLIGATIONS DUE IN MORE THAN 10 YEARS: DEALER TRANSACTIONS WITH INTER-DEALER BROKERS. + STATE AND MUNICIPAL GOVERNMENT OBLIGATIONS VARIABLE RATE DEMAND NOTES - DEALER TRANSACTIONS WITH INTER-DEALER BROKERS.
215,SBN2024,PDWOSMGO,STATE AND MUNICIPAL GOVERNMENT OBLIGATIONS DUE IN LESS THAN OR EQUAL TO 13 MONTHS - DEALER TRANSACTIONS WITH OTHER. + STATE AND MUNICIPAL GOVERNMENT OBLIGATIONS DUE IN MORE THAN 13 MONTHS BUT LESS THAN OR EQUAL TO 5 YEARS: DEALER TRANSACTIONS WITH OTHERS. + STATE AND MUNICIPAL GOVERNMENT OBLIGATIONS DUE IN MORE THAN 5 YEARS BUT LESS THAN OR EQUAL TO 10 YEARS: DEALER TRANSACTIONS WITH OTHERS. + STATE AND MUNICIPAL GOVERNMENT OBLIGATIONS DUE IN MORE THAN 10 YEARS: DEALER TRANSACTIONS WITH OTHERS. + STATE AND MUNICIPAL GOVERNMENT OBLIGATIONS VARIABLE RATE DEMAND NOTES - DEALER TRANSACTIONS WITH OTHER.
216,SBN2024,PDTRSMGO-G10,STATE AND MUNICIPAL GOVERNMENT OBLIGATIONS DUE IN MORE THAN 10 YEARS: DEALER TRANSACTIONS WITH INTER-DEALER BROKERS. + STATE AND MUNICIPAL GOVERNMENT OBLIGATIONS DUE IN MORE THAN 10 YEARS: DEALER TRANSACTIONS WITH OTHERS.
217,SBN2024,PDTRSMGO-G13,STATE AND MUNICIPAL GOVERNMENT OBLIGATIONS DUE IN MORE THAN 13 MONTHS BUT LESS THAN OR EQUAL TO 5 YEARS: DEALER TRANSACTIONS WITH INTER-DEALER BROKERS. + STATE AND MUNICIPAL GOVERNMENT OBLIGATIONS DUE IN MORE THAN 13 MONTHS BUT LESS THAN OR EQUAL TO 5 YEARS: DEALER TRANSACTIONS WITH OTHERS.
218,SBN2024,PDTRSMGO-G5L10,STATE AND MUNICIPAL GOVERNMENT OBLIGATIONS DUE IN MORE THAN 5 YEARS BUT LESS THAN OR EQUAL TO 10 YEARS: DEALER TRANSACTIONS WITH INTER-DEALER BROKERS. + STATE AND MUNICIPAL GOVERNMENT OBLIGATIONS DUE IN MORE THAN 5 YEARS BUT LESS THAN OR EQUAL TO 10 YEARS: DEALER TRANSACTIONS WITH OTHERS.
219,SBN2024,PDTRSMGO-VRD,STATE AND MUNICIPAL GOVERNMENT OBLIGATIONS VARIABLE RATE DEMAND NOTES - DEALER TRANSACTIONS WITH INTER-DEALER BROKERS. + STATE AND MUNICIPAL GOVERNMENT OBLIGATIONS VARIABLE RATE DEMAND NOTES - DEALER TRANSACTIONS WITH OTHER.
220,SBN2024,PDTRTIPS-LE2,U.S. TREASURY INFLATION-PROTECTED SECURITIES (TIPS) DUE IN LESS THAN OR EQUAL TO 2 YEARS - DEALER TRANSACTIONS WITH INTER-DEALER BROKERS. + U.S. TREASURY INFLATION-PROTECTED SECURITIES (TIPS) DUE IN LESS THAN OR EQUAL TO 2 YEARS - DEALER TRANSACTIONS WITH OTHER.
221,SBN2024,PDIDBTIPS,U.S. TREASURY INFLATION-PROTECTED SECURITIES (TIPS) DUE IN LESS THAN OR EQUAL TO 2 YEARS - DEALER TRANSACTIONS WITH INTER-DEALER BROKERS. + U.S. TREASURY INFLATION-PROTECTED SECURITIES (TIPS) DUE IN MORE THAN 2 YEARS BUT LESS THAN OR EQUAL TO 6 YEARS - DEALER TRANSACTIONS WITH INTER-DEALER BROKERS. + U.S. TREASURY INFLATION-PROTECTED SECURITIES (TIPS) DUE IN MORE THAN 6 YEARS BUT LESS THAN OR EQUAL TO 11 YEARS - DEALER TRANSACTIONS WITH INTER-DEALER BROKERS. + U.S. TREASURY INFLATION-PROTECTED SECURITIES (TIPS) DUE IN MORE THAN 11 YEARS - DEALER TRANSACTIONS WITH INTER-DEALER BROKERS.
222,SBN2024,PDWOTIPS,U.S. TREASURY INFLATION-PROTECTED SECURITIES (TIPS) DUE IN LESS THAN OR EQUAL TO 2 YEARS - DEALER TRANSACTIONS WITH OTHER. + U.S. TREASURY INFLATION-PROTECTED SECURITIES (TIPS) DUE IN MORE THAN 2 YEARS BUT LESS THAN OR EQUAL TO 6 YEARS - DEALER TRANSACTIONS WITH OTHER. + U.S. TREASURY INFLATION-PROTECTED SECURITIES (TIPS) DUE IN MORE THAN 6 YEARS BUT LESS THAN OR EQUAL TO 11 YEARS - DEALER TRANSACTIONS WITH OTHER. + U.S. TREASURY INFLATION-PROTECTED SECURITIES (TIPS) DUE IN MORE THAN 11 YEARS - DEALER TRANSACTIONS WITH OTHER.
223,SBN2024,PDTRTIPS-G11,U.S. TREASURY INFLATION-PROTECTED SECURITIES (TIPS) DUE IN MORE THAN 11 YEARS - DEALER TRANSACTIONS WITH INTER-DEALER BROKERS. + U.S. TREASURY INFLATION-PROTECTED SECURITIES (TIPS) DUE IN MORE THAN 11 YEARS - DEALER TRANSACTIONS WITH OTHER.
224,SBN2024,PDTRTIPS-G2L6,U.S. TREASURY INFLATION-PROTECTED SECURITIES (TIPS) DUE IN MORE THAN 2 YEARS BUT LESS THAN OR EQUAL TO 6 YEARS - DEALER TRANSACTIONS WITH INTER-DEALER BROKERS. + U.S. TREASURY INFLATION-PROTECTED SECURITIES (TIPS) DUE IN MORE THAN 2 YEARS BUT LESS THAN OR EQUAL TO 6 YEARS - DEALER TRANSACTIONS WITH OTHER.
225,SBN2024,PDTRTIPS-G6L11,U.S. TREASURY INFLATION-PROTECTED SECURITIES (TIPS) DUE IN MORE THAN 6 YEARS BUT LESS THAN OR EQUAL TO 11 YEARS - DEALER TRANSACTIONS WITH INTER-DEALER BROKERS. + U.S. TREASURY INFLATION-PROTECTED SECURITIES (TIPS) DUE IN MORE THAN 6 YEARS BUT LESS THAN OR EQUAL TO 11 YEARS - DEALER TRANSACTIONS WITH OTHER.
226,SBN2024,PDTRGSC-G11L21,U.S. TREASURY SECURITIES (EXCLUDING TIPS): COUPONS DUE IN MORE THAN 11 YEARS BUT LESS THAN OR EQUAL TO 21 YEARS - CUMULATIVE OUTRIGHT TRANSACTIONS WITH INTER-DEALER BROKERS + U.S. TREASURY SECURITIES (EXCLUDING TIPS): COUPONS DUE IN MORE THAN 11 YEARS BUT LESS THAN OR EQUAL TO 21 YEARS - CUMULATIVE OUTRIGHT TRANSACTIONS WITH OTHERS
227,SBN2024,PDTRGSC-G21,U.S. TREASURY SECURITIES (EXCLUDING TIPS): COUPONS DUE IN MORE THAN TO 21 YEARS - CUMULATIVE OUTRIGHT TRANSACTIONS WITH INTER-DEALER BROKERS + U.S. TREASURY SECURITIES (EXCLUDING TIPS): COUPONS DUE IN MORE THAN 21 YEARS - CUMULATIVE OUTRIGHT TRANSACTIONS WITH OTHERS
228,SBN2024,PDGSWOEXT,U.S. TREASURY SECURITIES (EXCLUDING TREASURY INFLATION-PROTECTED SECURITIES (TIPS)) BILLS - DEALER TRANSACTIONS WITH OTHER. + U.S. TREASURY SECURITIES (EXCLUDING TREASURY INFLATION-PROTECTED SECURITIES (TIPS)) COUPONS DUE IN LESS THAN OR EQUAL TO 2 YEARS - DEALER TRANSACTIONS WITH OTHER. + U.S. TREASURY SECURITIES (EXCLUDING TREASURY INFLATION-PROTECTED SECURITIES (TIPS)) COUPONS DUE IN MORE THAN 2 YEARS BUT LESS THAN OR EQUAL TO 3 YEARS - DEALER TRANSACTIONS WITH OTHER. + U.S. TREASURY SECURITIES (EXCLUDING TREASURY INFLATION-PROTECTED SECURITIES (TIPS)) COUPONS DUE IN MORE THAN 3 YEARS BUT LESS THAN OR EQUAL TO 6 YEARS - DEALER TRANSACTIONS WITH OTHER. + U.S. TREASURY SECURITIES (EXCLUDING TREASURY INFLATION-PROTECTED SECURITIES (TIPS)) COUPONS DUE IN MORE THAN 6 YEARS BUT LESS THAN OR EQUAL TO 7 YEARS - DEALER TRANSACTIONS WITH OTHER. + U.S. TREASURY SECURITIES (EXCLUDING TREASURY INFLATION-PROTECTED SECURITIES (TIPS)) COUPONS DUE IN MORE THAN 7 YEARS BUT LESS THAN OR EQUAL TO 11 YEARS - DEALER TRANSACTIONS WITH OTHER. + U.S. TREASURY SECURITIES (EXCLUDING TIPS): COUPONS DUE IN MORE THAN 11 YEARS BUT LESS THAN OR EQUAL TO 21 YEARS - CUMULATIVE OUTRIGHT TRANSACTIONS WITH OTHERS + U.S. TREASURY SECURITIES (EXCLUDING TIPS): COUPONS DUE IN MORE THAN 21 YEARS - CUMULATIVE OUTRIGHT TRANSACTIONS WITH OTHERS
229,SBN2024,PDTRGS-EXTB,U.S. TREASURY SECURITIES (EXCLUDING TREASURY INFLATION-PROTECTED SECURITIES (TIPS)) BILLS- DEALER TRANSACTIONS WITH INTER-DEALER BROKERS. + U.S. TREASURY SECURITIES (EXCLUDING TREASURY INFLATION-PROTECTED SECURITIES (TIPS)) BILLS - DEALER TRANSACTIONS WITH OTHER.
230,SBN2024,PDGSIDBEXT,U.S. TREASURY SECURITIES (EXCLUDING TREASURY INFLATION-PROTECTED SECURITIES (TIPS)) BILLS- DEALER TRANSACTIONS WITH INTER-DEALER BROKERS. + U.S. TREASURY SECURITIES (EXCLUDING TREASURY INFLATION-PROTECTED SECURITIES (TIPS)) COUPONS DUE IN LESS THAN OR EQUAL TO 2 YEARS - DEALER TRANSACTIONS WITH INTER-DEALER BROKERS. + U.S. TREASURY SECURITIES (EXCLUDING TREASURY INFLATION-PROTECTED SECURITIES (TIPS)) COUPONS DUE IN MORE THAN 2 YEARS BUT LESS THAN OR EQUAL TO 3 YEARS - DEALER TRANSACTIONS WITH INTER-DEALER BROKERS. + U.S. TREASURY SECURITIES (EXCLUDING TREASURY INFLATION-PROTECTED SECURITIES (TIPS)) COUPONS DUE IN MORE THAN 3 YEARS BUT LESS THAN OR EQUAL TO 6 YEARS - DEALER TRANSACTIONS WITH INTER-DEALER BROKERS. + U.S. TREASURY SECURITIES (EXCLUDING TREASURY INFLATION-PROTECTED SECURITIES (TIPS)) COUPONS DUE IN MORE THAN 6 YEARS BUT LESS THAN OR EQUAL TO 7 YEARS - DEALER TRANSACTIONS WITH INTER-DEALER BROKERS. + U.S. TREASURY SECURITIES (EXCLUDING TREASURY INFLATION-PROTECTED SECURITIES (TIPS)) COUPONS DUE IN MORE THAN 7 YEARS BUT LESS THAN OR EQUAL TO 11 YEARS - DEALER TRANSACTIONS WITH INTER-DEALER BROKERS. + U.S. TREASURY SECURITIES (EXCLUDING TIPS): COUPONS DUE IN MORE THAN 11 YEARS BUT LESS THAN OR EQUAL TO 21 YEARS - CUMULATIVE OUTRIGHT TRANSACTIONS WITH INTER-DEALER BROKERS + U.S. TREASURY SECURITIES (EXCLUDING TIPS): COUPONS DUE IN MORE THAN TO 21 YEARS - CUMULATIVE OUTRIGHT TRANSACTIONS WITH INTER-DEALER BROKERS
231,SBN2024,PDTRGSC-L2,U.S. TREASURY SECURITIES (EXCLUDING TREASURY INFLATION-PROTECTED SECURITIES (TIPS)) COUPONS DUE IN LESS THAN OR EQUAL TO 2 YEARS - DEALER TRANSACTIONS WITH INTER-DEALER BROKERS. + U.S. TREASURY SECURITIES (EXCLUDING TREASURY INFLATION-PROTECTED SECURITIES (TIPS)) COUPONS DUE IN LESS THAN OR EQUAL TO 2 YEARS - DEALER TRANSACTIONS WITH OTHER.
232,SBN2024,PDTRGSC-G2L3,U.S. TREASURY SECURITIES (EXCLUDING TREASURY INFLATION-PROTECTED SECURITIES (TIPS)) COUPONS DUE IN MORE THAN 2 YEARS BUT LESS THAN OR EQUAL TO 3 YEARS - DEALER TRANSACTIONS WITH INTER-DEALER BROKERS. + U.S. TREASURY SECURITIES (EXCLUDING TREASURY INFLATION-PROTECTED SECURITIES (TIPS)) COUPONS DUE IN MORE THAN 2 YEARS BUT LESS THAN OR EQUAL TO 3 YEARS - DEALER TRANSACTIONS WITH OTHER.
233,SBN2024,PDTRGSC-G3L6,U.S. TREASURY SECURITIES (EXCLUDING TREASURY INFLATION-PROTECTED SECURITIES (TIPS)) COUPONS DUE IN MORE THAN 3 YEARS BUT LESS THAN OR EQUAL TO 6 YEARS - DEALER TRANSACTIONS WITH INTER-DEALER BROKERS. + U.S. TREASURY SECURITIES (EXCLUDING TREASURY INFLATION-PROTECTED SECURITIES (TIPS)) COUPONS DUE IN MORE THAN 3 YEARS BUT LESS THAN OR EQUAL TO 6 YEARS - DEALER TRANSACTIONS WITH OTHER.
234,SBN2024,PDTRGSC-G6L7,U.S. TREASURY SECURITIES (EXCLUDING TREASURY INFLATION-PROTECTED SECURITIES (TIPS)) COUPONS DUE IN MORE THAN 6 YEARS BUT LESS THAN OR EQUAL TO 7 YEARS - DEALER TRANSACTIONS WITH INTER-DEALER BROKERS. + U.S. TREASURY SECURITIES (EXCLUDING TREASURY INFLATION-PROTECTED SECURITIES (TIPS)) COUPONS DUE IN MORE THAN 6 YEARS BUT LESS THAN OR EQUAL TO 7 YEARS - DEALER TRANSACTIONS WITH OTHER.
235,SBN2024,PDTRGSC-G7L11,U.S. TREASURY SECURITIES (EXCLUDING TREASURY INFLATION-PROTECTED SECURITIES (TIPS)) COUPONS DUE IN MORE THAN 7 YEARS BUT LESS THAN OR EQUAL TO 11 YEARS - DEALER TRANSACTIONS WITH INTER-DEALER BROKERS. + U.S. TREASURY SECURITIES (EXCLUDING TREASURY INFLATION-PROTECTED SECURITIES (TIPS)) COUPONS DUE IN MORE THAN 7 YEARS BUT LESS THAN OR EQUAL TO 11 YEARS - DEALER TRANSACTIONS WITH OTHER.
236,SBN2024,PDABTOTC,Total - ASSET-BACKED SECURITIES: CREDIT CARD-BACKED SECURITIES - DEALER TRANSACTIONS WITH INTER-DEALER BROKERS. + ASSET-BACKED SECURITIES: STUDENT LOAN-BACKED SECURITIES - DEALER TRANSACTIONS WITH INTER-DEALER BROKERS. + ASSET-BACKED SECURITIES: AUTOMOBILE LOAN-BACKED SECURITIES - DEALER TRANSACTIONS WITH INTER-DEALER BROKERS. + ASSET-BACKED SECURITIES: OTHER ASSET-BACKED SECURITIES - DEALER TRANSACTIONS WITH INTER-DEALER BROKERS. - Change From Previous Week
237,SBN2024,PDCSTOTC,"Total - CORPORATE SECURITIES: COMMERCIAL PAPER - TRANSACTIONS WITH INTER-DEALER BROKERS. + CORPORATE SECURITIES: INVESTMENT GRADE BONDS, NOTES AND DEBENTURES DUE IN LESS THAN OR EQUAL TO 13 MONTHS - DEALER TRANSACTIONS WITH INTER-DEALER BROKERS. + CORPORATE SECURITIES: INVESTMENT GRADE BONDS NOTES AND DEBENTURES DUE IN MORE THAN 13 MONTHS BUT LESS THAN OR EQUAL TO 5 YEARS: DEALER TRANSACTIONS WITH INTER-DEALER BROKERS. + CORPORATE SECURITIES INVESTMENT GRADE BONDS NOTES AND DEBENTURES DUE IN MORE THAN 5 YEARS BUT LESS THAN OR EQUAL TO 10 YEARS: DEALER TRANSACTIONS WITH INTER-DEALER BROKERS. + CORPORATE SECURITIES INVESTMENT GRADE BONDS NOTES AND DEBENTURES DUE IN MORE THAN 10 YEARS: DEALER TRANSACTIONS WITH INTER-DEALER BROKERS. + CORPORATE SECURITIES BELOW INVESTMENT GRADE DUE IN LESS THAN OR EQUAL TO 13 MONTHS: DEALER TRANSACTIONS WITH INTER-DEALER BROKERS. + CORPORATE SECURITIES BELOW INVESTMENT GRADE BONDS NOTES AND DEBENTURES DUE IN MORE THAN 13 MONTHS BUT LESS THAN OR EQUAL TO 5 YEARS: DEALER TRANSACTIONS WITH INTER-DEALER BROKERS. + CORPORATE SECURITIES BELOW INVESTMENT GRADE BONDS NOTES AND DEBENTURES DUE IN MORE THAN 5 YEARS BUT LESS THAN OR EQUAL TO 10 YEARS: DEALER TRANSACTIONS WITH INTER-DEALER BROKERS. + CORPORATE SECURITIES BELOW INVESTMENT GRADE BONDS NOTES AND DEBENTURES DUE IN MORE THAN 10 YEARS: DEALER TRANSACTIONS WITH INTER-DEALER BROKERS. - Change From Previous Week"
238,SBN2024,PDFGSXMTOTC,Total - FEDERAL AGENCY AND GSE SECURITIES (EXCLUDING MBS) DISCOUNT NOTES - DEALER TRANSACTIONS WITH INTER-DEALER BROKERS + FEDERAL AGENCY AND GSE SECURITIES (EXCLUDING MBS) COUPONS - DEALER TRANSACTIONS WITH INTER-DEALER BROKERS - Change From Previous Week
239,SBN2024,PDFRNIDEXTC,FLOATING RATE NOTES: DEALER TRANSACTIONS WITH INTER-DEALER BROKERS. - Change From Previous Week
240,SBN2024,PDFRNIDEXTTOTC,Total - FLOATING RATE NOTES: DEALER TRANSACTIONS WITH INTER-DEALER BROKERS. - Change From Previous Week
241,SBN2024,PDFRNIDWOEXTC,FLOATING RATE NOTES: DEALER TRANSACTIONS WITH OTHERS. - Change From Previous Week
242,SBN2024,PDGSIDBEXTC,U.S. TREASURY SECURITIES (EXCLUDING TREASURY INFLATION-PROTECTED SECURITIES (TIPS)) BILLS- DEALER TRANSACTIONS WITH INTER-DEALER BROKERS. + U.S. TREASURY SECURITIES (EXCLUDING TREASURY INFLATION-PROTECTED SECURITIES (TIPS)) COUPONS DUE IN LESS THAN OR EQUAL TO 2 YEARS - DEALER TRANSACTIONS WITH INTER-DEALER BROKERS. + U.S. TREASURY SECURITIES (EXCLUDING TREASURY INFLATION-PROTECTED SECURITIES (TIPS)) COUPONS DUE IN MORE THAN 2 YEARS BUT LESS THAN OR EQUAL TO 3 YEARS - DEALER TRANSACTIONS WITH INTER-DEALER BROKERS. + U.S. TREASURY SECURITIES (EXCLUDING TREASURY INFLATION-PROTECTED SECURITIES (TIPS)) COUPONS DUE IN MORE THAN 3 YEARS BUT LESS THAN OR EQUAL TO 6 YEARS - DEALER TRANSACTIONS WITH INTER-DEALER BROKERS. + U.S. TREASURY SECURITIES (EXCLUDING TREASURY INFLATION-PROTECTED SECURITIES (TIPS)) COUPONS DUE IN MORE THAN 6 YEARS BUT LESS THAN OR EQUAL TO 7 YEARS - DEALER TRANSACTIONS WITH INTER-DEALER BROKERS. + U.S. TREASURY SECURITIES (EXCLUDING TREASURY INFLATION-PROTECTED SECURITIES (TIPS)) COUPONS DUE IN MORE THAN 7 YEARS BUT LESS THAN OR EQUAL TO 11 YEARS - DEALER TRANSACTIONS WITH INTER-DEALER BROKERS. + U.S. TREASURY SECURITIES (EXCLUDING TIPS): COUPONS DUE IN MORE THAN 11 YEARS BUT LESS THAN OR EQUAL TO 21 YEARS - CUMULATIVE OUTRIGHT TRANSACTIONS WITH INTER-DEALER BROKERS + U.S. TREASURY SECURITIES (EXCLUDING TIPS): COUPONS DUE IN MORE THAN TO 21 YEARS - CUMULATIVE OUTRIGHT TRANSACTIONS WITH INTER-DEALER BROKERS - Change From Previous Week
243,SBN2024,PDGSWOEXTC,U.S. TREASURY SECURITIES (EXCLUDING TREASURY INFLATION-PROTECTED SECURITIES (TIPS)) BILLS - DEALER TRANSACTIONS WITH OTHER. + U.S. TREASURY SECURITIES (EXCLUDING TREASURY INFLATION-PROTECTED SECURITIES (TIPS)) COUPONS DUE IN LESS THAN OR EQUAL TO 2 YEARS - DEALER TRANSACTIONS WITH OTHER. + U.S. TREASURY SECURITIES (EXCLUDING TREASURY INFLATION-PROTECTED SECURITIES (TIPS)) COUPONS DUE IN MORE THAN 2 YEARS BUT LESS THAN OR EQUAL TO 3 YEARS - DEALER TRANSACTIONS WITH OTHER. + U.S. TREASURY SECURITIES (EXCLUDING TREASURY INFLATION-PROTECTED SECURITIES (TIPS)) COUPONS DUE IN MORE THAN 3 YEARS BUT LESS THAN OR EQUAL TO 6 YEARS - DEALER TRANSACTIONS WITH OTHER. + U.S. TREASURY SECURITIES (EXCLUDING TREASURY INFLATION-PROTECTED SECURITIES (TIPS)) COUPONS DUE IN MORE THAN 6 YEARS BUT LESS THAN OR EQUAL TO 7 YEARS - DEALER TRANSACTIONS WITH OTHER. + U.S. TREASURY SECURITIES (EXCLUDING TREASURY INFLATION-PROTECTED SECURITIES (TIPS)) COUPONS DUE IN MORE THAN 7 YEARS BUT LESS THAN OR EQUAL TO 11 YEARS - DEALER TRANSACTIONS WITH OTHER. + U.S. TREASURY SECURITIES (EXCLUDING TIPS): COUPONS DUE IN MORE THAN 11 YEARS BUT LESS THAN OR EQUAL TO 21 YEARS - CUMULATIVE OUTRIGHT TRANSACTIONS WITH OTHERS + U.S. TREASURY SECURITIES (EXCLUDING TIPS): COUPONS DUE IN MORE THAN 21 YEARS - CUMULATIVE OUTRIGHT TRANSACTIONS WITH OTHERS - Change From Previous Week
244,SBN2024,PDGSWOEXTTOTC,Total - U.S. TREASURY SECURITIES (EXCLUDING TREASURY INFLATION-PROTECTED SECURITIES (TIPS)) BILLS- DEALER TRANSACTIONS WITH INTER-DEALER BROKERS. + U.S. TREASURY SECURITIES (EXCLUDING TREASURY INFLATION-PROTECTED SECURITIES (TIPS)) COUPONS DUE IN LESS THAN OR EQUAL TO 2 YEARS - DEALER TRANSACTIONS WITH INTER-DEALER BROKERS. + U.S. TREASURY SECURITIES (EXCLUDING TREASURY INFLATION-PROTECTED SECURITIES (TIPS)) COUPONS DUE IN MORE THAN 2 YEARS BUT LESS THAN OR EQUAL TO 3 YEARS - DEALER TRANSACTIONS WITH INTER-DEALER BROKERS. + U.S. TREASURY SECURITIES (EXCLUDING TREASURY INFLATION-PROTECTED SECURITIES (TIPS)) COUPONS DUE IN MORE THAN 3 YEARS BUT LESS THAN OR EQUAL TO 6 YEARS - DEALER TRANSACTIONS WITH INTER-DEALER BROKERS. + U.S. TREASURY SECURITIES (EXCLUDING TREASURY INFLATION-PROTECTED SECURITIES (TIPS)) COUPONS DUE IN MORE THAN 6 YEARS BUT LESS THAN OR EQUAL TO 7 YEARS - DEALER TRANSACTIONS WITH INTER-DEALER BROKERS. + U.S. TREASURY SECURITIES (EXCLUDING TREASURY INFLATION-PROTECTED SECURITIES (TIPS)) COUPONS DUE IN MORE THAN 7 YEARS BUT LESS THAN OR EQUAL TO 11 YEARS - DEALER TRANSACTIONS WITH INTER-DEALER BROKERS. + U.S. TREASURY SECURITIES (EXCLUDING TIPS): COUPONS DUE IN MORE THAN 11 YEARS BUT LESS THAN OR EQUAL TO 21 YEARS - CUMULATIVE OUTRIGHT TRANSACTIONS WITH INTER-DEALER BROKERS + U.S. TREASURY SECURITIES (EXCLUDING TIPS): COUPONS DUE IN MORE THAN TO 21 YEARS - CUMULATIVE OUTRIGHT TRANSACTIONS WITH INTER-DEALER BROKERS - Change From Previous Week
245,SBN2024,PDIDBABC,ASSET-BACKED SECURITIES: CREDIT CARD-BACKED SECURITIES - DEALER TRANSACTIONS WITH INTER-DEALER BROKERS. + ASSET-BACKED SECURITIES: STUDENT LOAN-BACKED SECURITIES - DEALER TRANSACTIONS WITH INTER-DEALER BROKERS. + ASSET-BACKED SECURITIES: AUTOMOBILE LOAN-BACKED SECURITIES - DEALER TRANSACTIONS WITH INTER-DEALER BROKERS. + ASSET-BACKED SECURITIES: OTHER ASSET-BACKED SECURITIES - DEALER TRANSACTIONS WITH INTER-DEALER BROKERS. - Change From Previous Week
246,SBN2024,PDIDBCSC,"CORPORATE SECURITIES: COMMERCIAL PAPER - TRANSACTIONS WITH INTER-DEALER BROKERS. + CORPORATE SECURITIES: INVESTMENT GRADE BONDS, NOTES AND DEBENTURES DUE IN LESS THAN OR EQUAL TO 13 MONTHS - DEALER TRANSACTIONS WITH INTER-DEALER BROKERS. + CORPORATE SECURITIES: INVESTMENT GRADE BONDS NOTES AND DEBENTURES DUE IN MORE THAN 13 MONTHS BUT LESS THAN OR EQUAL TO 5 YEARS: DEALER TRANSACTIONS WITH INTER-DEALER BROKERS. + CORPORATE SECURITIES INVESTMENT GRADE BONDS NOTES AND DEBENTURES DUE IN MORE THAN 5 YEARS BUT LESS THAN OR EQUAL TO 10 YEARS: DEALER TRANSACTIONS WITH INTER-DEALER BROKERS. + CORPORATE SECURITIES INVESTMENT GRADE BONDS NOTES AND DEBENTURES DUE IN MORE THAN 10 YEARS: DEALER TRANSACTIONS WITH INTER-DEALER BROKERS. + CORPORATE SECURITIES BELOW INVESTMENT GRADE DUE IN LESS THAN OR EQUAL TO 13 MONTHS: DEALER TRANSACTIONS WITH INTER-DEALER BROKERS. + CORPORATE SECURITIES BELOW INVESTMENT GRADE BONDS NOTES AND DEBENTURES DUE IN MORE THAN 13 MONTHS BUT LESS THAN OR EQUAL TO 5 YEARS: DEALER TRANSACTIONS WITH INTER-DEALER BROKERS. + CORPORATE SECURITIES BELOW INVESTMENT GRADE BONDS NOTES AND DEBENTURES DUE IN MORE THAN 5 YEARS BUT LESS THAN OR EQUAL TO 10 YEARS: DEALER TRANSACTIONS WITH INTER-DEALER BROKERS. + CORPORATE SECURITIES BELOW INVESTMENT GRADE BONDS NOTES AND DEBENTURES DUE IN MORE THAN 10 YEARS: DEALER TRANSACTIONS WITH INTER-DEALER BROKERS. - Change From Previous Week"
247,SBN2024,PDIDBFGSXMC,FEDERAL AGENCY AND GSE SECURITIES (EXCLUDING MBS) DISCOUNT NOTES - DEALER TRANSACTIONS WITH INTER-DEALER BROKERS + FEDERAL AGENCY AND GSE SECURITIES (EXCLUDING MBS) COUPONS - DEALER TRANSACTIONS WITH INTER-DEALER BROKERS - Change From Previous Week
248,SBN2024,PDIDBMBSC,"Mortgage-backed Securities: Federal Agency and GSE MBS: Federal Agency and GSE Residential Pass-through MBS: TBA Cash transactions - Cumulative Outright Transactions, With Inter-dealer Brokers + Mortgage-backed Securities: Federal Agency and GSE MBS: Federal Agency and GSE Residential Pass-through MBS: TBA Dollar roll transactions - Cumulative Outright Transactions, With Inter-dealer Brokers + Mortgage-backed Securities: Federal Agency and GSE MBS: Federal Agency and GSE Residential Pass-through MBS: Specified pools cash transactions - Cumulative Outright Transactions, With Inter-dealer Brokers + Mortgage-backed Securities: Federal Agency and GSE MBS: Federal Agency and GSE Residential Pass-through MBS: Specified pools dollar roll transactions - Cumulative Outright Transactions, With Inter-dealer Brokers + MORTGAGE-BACKED SECURITIES - ALL OTHER FEDERAL AGENCY AND GSE RESIDENTIAL MBS - DEALER TRANSACTIONS WITH INTER-DEALER BROKERS + MORTGAGE-BACKED SECURITIES - FEDERAL AGENCY AND GSE CMBS - DEALER TRANSACTIONS WITH INTER-DEALER BROKERS + MORTGAGE-BACKED SECURITIES - NON-AGENCY RESIDENTIAL MBS - DEALER TRANSACTIONS WITH INTER-DEALER BROKERS + MORTGAGE-BACKED SECURITIES - OTHER CMBS - DEALER TRANSACTIONS WITH INTER-DEALER BROKERS - Change From Previous Week"
249,SBN2024,PDIDBSMGOC,STATE AND MUNICIPAL GOVERNMENT OBLIGATIONS DUE IN LESS THAN OR EQUAL TO 13 MONTHS - DEALER TRANSACTIONS WITH INTER-DEALER BROKERS. + STATE AND MUNICIPAL GOVERNMENT OBLIGATIONS DUE IN MORE THAN 13 MONTHS BUT LESS THAN OR EQUAL TO 5 YEARS: DEALER TRANSACTIONS WITH INTER-DEALER BROKERS. + STATE AND MUNICIPAL GOVERNMENT OBLIGATIONS DUE IN MORE THAN 5 YEARS BUT LESS THAN OR EQUAL TO 10 YEARS: DEALER TRANSACTIONS WITH INTER-DEALER BROKERS. + STATE AND MUNICIPAL GOVERNMENT OBLIGATIONS DUE IN MORE THAN 10 YEARS: DEALER TRANSACTIONS WITH INTER-DEALER BROKERS. + STATE AND MUNICIPAL GOVERNMENT OBLIGATIONS VARIABLE RATE DEMAND NOTES - DEALER TRANSACTIONS WITH INTER-DEALER BROKERS. - Change From Previous Week
250,SBN2024,PDIDBTIPSC,U.S. TREASURY INFLATION-PROTECTED SECURITIES (TIPS) DUE IN LESS THAN OR EQUAL TO 2 YEARS - DEALER TRANSACTIONS WITH INTER-DEALER BROKERS. + U.S. TREASURY INFLATION-PROTECTED SECURITIES (TIPS) DUE IN MORE THAN 2 YEARS BUT LESS THAN OR EQUAL TO 6 YEARS - DEALER TRANSACTIONS WITH INTER-DEALER BROKERS. + U.S. TREASURY INFLATION-PROTECTED SECURITIES (TIPS) DUE IN MORE THAN 6 YEARS BUT LESS THAN OR EQUAL TO 11 YEARS - DEALER TRANSACTIONS WITH INTER-DEALER BROKERS. + U.S. TREASURY INFLATION-PROTECTED SECURITIES (TIPS) DUE IN MORE THAN 11 YEARS - DEALER TRANSACTIONS WITH INTER-DEALER BROKERS. - Change From Previous Week
251,SBN2024,PDMBSTOTC,"Total - Mortgage-backed Securities: Federal Agency and GSE MBS: Federal Agency and GSE Residential Pass-through MBS: TBA Cash transactions - Cumulative Outright Transactions, With Inter-dealer Brokers + Mortgage-backed Securities: Federal Agency and GSE MBS: Federal Agency and GSE Residential Pass-through MBS: TBA Dollar roll transactions - Cumulative Outright Transactions, With Inter-dealer Brokers + Mortgage-backed Securities: Federal Agency and GSE MBS: Federal Agency and GSE Residential Pass-through MBS: Specified pools cash transactions - Cumulative Outright Transactions, With Inter-dealer Brokers + Mortgage-backed Securities: Federal Agency and GSE MBS: Federal Agency and GSE Residential Pass-through MBS: Specified pools dollar roll transactions - Cumulative Outright Transactions, With Inter-dealer Brokers + MORTGAGE-BACKED SECURITIES - ALL OTHER FEDERAL AGENCY AND GSE RESIDENTIAL MBS - DEALER TRANSACTIONS WITH INTER-DEALER BROKERS + MORTGAGE-BACKED SECURITIES - FEDERAL AGENCY AND GSE CMBS - DEALER TRANSACTIONS WITH INTER-DEALER BROKERS + MORTGAGE-BACKED SECURITIES - NON-AGENCY RESIDENTIAL MBS - DEALER TRANSACTIONS WITH INTER-DEALER BROKERS + MORTGAGE-BACKED SECURITIES - OTHER CMBS - DEALER TRANSACTIONS WITH INTER-DEALER BROKERS - Change From Previous Week"
252,SBN2024,PDMGOTOTC,Total - STATE AND MUNICIPAL GOVERNMENT OBLIGATIONS DUE IN LESS THAN OR EQUAL TO 13 MONTHS - DEALER TRANSACTIONS WITH INTER-DEALER BROKERS. + STATE AND MUNICIPAL GOVERNMENT OBLIGATIONS DUE IN MORE THAN 13 MONTHS BUT LESS THAN OR EQUAL TO 5 YEARS: DEALER TRANSACTIONS WITH INTER-DEALER BROKERS. + STATE AND MUNICIPAL GOVERNMENT OBLIGATIONS DUE IN MORE THAN 5 YEARS BUT LESS THAN OR EQUAL TO 10 YEARS: DEALER TRANSACTIONS WITH INTER-DEALER BROKERS. + STATE AND MUNICIPAL GOVERNMENT OBLIGATIONS DUE IN MORE THAN 10 YEARS: DEALER TRANSACTIONS WITH INTER-DEALER BROKERS. + STATE AND MUNICIPAL GOVERNMENT OBLIGATIONS VARIABLE RATE DEMAND NOTES - DEALER TRANSACTIONS WITH INTER-DEALER BROKERS. - Change From Previous Week
253,SBN2024,PDTIPSTOTC,Total - U.S. TREASURY INFLATION-PROTECTED SECURITIES (TIPS) DUE IN LESS THAN OR EQUAL TO 2 YEARS - DEALER TRANSACTIONS WITH INTER-DEALER BROKERS. + U.S. TREASURY INFLATION-PROTECTED SECURITIES (TIPS) DUE IN MORE THAN 2 YEARS BUT LESS THAN OR EQUAL TO 6 YEARS - DEALER TRANSACTIONS WITH INTER-DEALER BROKERS. + U.S. TREASURY INFLATION-PROTECTED SECURITIES (TIPS) DUE IN MORE THAN 6 YEARS BUT LESS THAN OR EQUAL TO 11 YEARS - DEALER TRANSACTIONS WITH INTER-DEALER BROKERS. + U.S. TREASURY INFLATION-PROTECTED SECURITIES (TIPS) DUE IN MORE THAN 11 YEARS - DEALER TRANSACTIONS WITH INTER-DEALER BROKERS. - Change From Previous Week
254,SBN2024,PDTRAB-ALBC,ASSET-BACKED SECURITIES: AUTOMOBILE LOAN-BACKED SECURITIES - DEALER TRANSACTIONS WITH INTER-DEALER BROKERS. + ASSET-BACKED SECURITIES: AUTOMOBILE LOAN-BACKED SECURITIES - DEALER TRANSACTIONS WITH OTHER. - Change From Previous Week
255,SBN2024,PDTRAB-CCC,ASSET-BACKED SECURITIES: CREDIT CARD-BACKED SECURITIES - DEALER TRANSACTIONS WITH INTER-DEALER BROKERS. + ASSET-BACKED SECURITIES: CREDIT CARD-BACKED SECURITIES - DEALER TRANSACTIONS WITH OTHER. - Change From Previous Week
256,SBN2024,PDTRAB-OABC,ASSET-BACKED SECURITIES: OTHER ASSET-BACKED SECURITIES - DEALER TRANSACTIONS WITH INTER-DEALER BROKERS. + ASSET-BACKED SECURITIES: OTHER ASSET-BACKED SECURITIES - DEALER TRANSACTIONS WITH OTHER. - Change From Previous Week
257,SBN2024,PDTRAB-SLBC,ASSET-BACKED SECURITIES: STUDENT LOAN-BACKED SECURITIES - DEALER TRANSACTIONS WITH INTER-DEALER BROKERS. + ASSET-BACKED SECURITIES: STUDENT LOAN-BACKED SECURITIES - DEALER TRANSACTIONS WITH OTHERS. - Change From Previous Week
258,SBN2024,PDTRAB-TOTC,Total - ASSET-BACKED SECURITIES: CREDIT CARD-BACKED SECURITIES - DEALER TRANSACTIONS WITH INTER-DEALER BROKERS. + ASSET-BACKED SECURITIES: CREDIT CARD-BACKED SECURITIES - DEALER TRANSACTIONS WITH OTHER. - Change From Previous Week
259,SBN2024,PDTRCS-CPC,CORPORATE SECURITIES: COMMERCIAL PAPER - TRANSACTIONS WITH INTER-DEALER BROKERS. + CORPORATE SECURITIES: COMMERCIAL PAPER - DEALER TRANSACTIONS WITH OTHER. - Change From Previous Week
260,SBN2024,PDTRCSIND-BELG10C,CORPORATE SECURITIES BELOW INVESTMENT GRADE BONDS NOTES AND DEBENTURES DUE IN MORE THAN 10 YEARS: DEALER TRANSACTIONS WITH INTER-DEALER BROKERS. + CORPORATE SECURITIES BELOW INVESTMENT GRADE BONDS NOTES AND DEBENTURES DUE IN MORE THAN 10 YEARS: DEALER TRANSACTIONS WITH OTHERS. - Change From Previous Week
261,SBN2024,PDTRCSIND-BELG13C,CORPORATE SECURITIES BELOW INVESTMENT GRADE BONDS NOTES AND DEBENTURES DUE IN MORE THAN 13 MONTHS BUT LESS THAN OR EQUAL TO 5 YEARS: DEALER TRANSACTIONS WITH INTER-DEALER BROKERS. + CORPORATE SECURITIES BELOW INVESTMENT GRADE BONDS NOTES AND DEBENTURES DUE IN MORE THAN 13 MONTHS BUT LESS THAN OR EQUAL TO 5 YEARS: DEALER TRANSACTIONS WITH OTHERS. - Change From Previous Week
262,SBN2024,PDTRCSIND-BELG5L10C,CORPORATE SECURITIES BELOW INVESTMENT GRADE BONDS NOTES AND DEBENTURES DUE IN MORE THAN 5 YEARS BUT LESS THAN OR EQUAL TO 10 YEARS: DEALER TRANSACTIONS WITH INTER-DEALER BROKERS. + CORPORATE SECURITIES BELOW INVESTMENT GRADE BONDS NOTES AND DEBENTURES DUE IN MORE THAN 5 YEARS BUT LESS THAN OR EQUAL TO 10 YEARS: DEALER TRANSACTIONS WITH OTHERS. - Change From Previous Week
263,SBN2024,PDTRCSIND-BELL13C,CORPORATE SECURITIES BELOW INVESTMENT GRADE DUE IN LESS THAN OR EQUAL TO 13 MONTHS: DEALER TRANSACTIONS WITH INTER-DEALER BROKERS. + CORPORATE SECURITIES BELOW INVESTMENT GRADE DUE IN LESS THAN OR EQUAL TO 13 MONTHS: DEALER TRANSACTIONS WITH OTHERS. - Change From Previous Week
264,SBN2024,PDTRCSIND-G10C,CORPORATE SECURITIES INVESTMENT GRADE BONDS NOTES AND DEBENTURES DUE IN MORE THAN 10 YEARS: DEALER TRANSACTIONS WITH INTER-DEALER BROKERS. + CORPORATE SECURITIES INVESTMENT GRADE BONDS NOTES AND DEBENTURES DUE IN MORE THAN 10 YEARS: DEALER TRANSACTIONS WITH OTHERS. - Change From Previous Week
265,SBN2024,PDTRCSIND-G13C,CORPORATE SECURITIES: INVESTMENT GRADE BONDS NOTES AND DEBENTURES DUE IN MORE THAN 13 MONTHS BUT LESS THAN OR EQUAL TO 5 YEARS: DEALER TRANSACTIONS WITH INTER-DEALER BROKERS. + CORPORATE SECURITIES INVESTMENT GRADE BONDS NOTES AND DEBENTURES DUE IN MORE THAN 13 MONTHS BUT LESS THAN OR EQUAL TO 5 YEARS: DEALER TRANSACTIONS WITH OTHERS. - Change From Previous Week
266,SBN2024,PDTRCSIND-G5L10C,CORPORATE SECURITIES INVESTMENT GRADE BONDS NOTES AND DEBENTURES DUE IN MORE THAN 5 YEARS BUT LESS THAN OR EQUAL TO 10 YEARS: DEALER TRANSACTIONS WITH INTER-DEALER BROKERS. + CORPORATE SECURITIES INVESTMENT GRADE BONDS NOTES AND DEBENTURES DUE IN MORE THAN 5 YEARS BUT LESS THAN OR EQUAL TO 10 YEARS: DEALER TRANSACTIONS WITH OTHERS. - Change From Previous Week
267,SBN2024,PDTRCSIND-L13C,"CORPORATE SECURITIES: INVESTMENT GRADE BONDS, NOTES AND DEBENTURES DUE IN LESS THAN OR EQUAL TO 13 MONTHS - DEALER TRANSACTIONS WITH INTER-DEALER BROKERS. + CORPORATE SECURITIES: INVESTMENT GRADE BONDS, NOTES AND DEBENTURES DUE IN LESS THAN OR EQUAL TO 13 MONTHS - DEALER TRANSACTIONS WITH OTHER. - Change From Previous Week"
268,SBN2024,PDTRCS-TOTC,Total - CORPORATE SECURITIES: COMMERCIAL PAPER - TRANSACTIONS WITH INTER-DEALER BROKERS. + CORPORATE SECURITIES: COMMERCIAL PAPER - DEALER TRANSACTIONS WITH OTHER. - Change From Previous Week
269,SBN2024,PDTRFGSXM-CC,FEDERAL AGENCY AND GSE SECURITIES (EXCLUDING MBS) COUPONS - DEALER TRANSACTIONS WITH INTER-DEALER BROKERS + FEDERAL AGENCY AND GSE SECURITIES (EXCLUDING MBS) COUPONS - DEALER TRANSACTIONS WITH OTHER - Change From Previous Week
270,SBN2024,PDTRFGSXM-DNC,FEDERAL AGENCY AND GSE SECURITIES (EXCLUDING MBS) DISCOUNT NOTES - DEALER TRANSACTIONS WITH INTER-DEALER BROKERS + FEDERAL AGENCY AND GSE SECURITIES (EXCLUDING MBS) DISCOUNT NOTES - DEALER TRANSACTIONS WITH OTHER - Change From Previous Week
271,SBN2024,PDTRFGSXM-TOTC,Total - FEDERAL AGENCY AND GSE SECURITIES (EXCLUDING MBS) DISCOUNT NOTES - DEALER TRANSACTIONS WITH INTER-DEALER BROKERS + FEDERAL AGENCY AND GSE SECURITIES (EXCLUDING MBS) DISCOUNT NOTES - DEALER TRANSACTIONS WITH OTHER - Change From Previous Week
272,SBN2024,PDTRGSC-G11L21C,U.S. TREASURY SECURITIES (EXCLUDING TIPS): COUPONS DUE IN MORE THAN 11 YEARS BUT LESS THAN OR EQUAL TO 21 YEARS - CUMULATIVE OUTRIGHT TRANSACTIONS WITH INTER-DEALER BROKERS + U.S. TREASURY SECURITIES (EXCLUDING TIPS): COUPONS DUE IN MORE THAN 11 YEARS BUT LESS THAN OR EQUAL TO 21 YEARS - CUMULATIVE OUTRIGHT TRANSACTIONS WITH OTHERS - Change From Previous Week
273,SBN2024,PDTRGSC-G21C,U.S. TREASURY SECURITIES (EXCLUDING TIPS): COUPONS DUE IN MORE THAN TO 21 YEARS - CUMULATIVE OUTRIGHT TRANSACTIONS WITH INTER-DEALER BROKERS + U.S. TREASURY SECURITIES (EXCLUDING TIPS): COUPONS DUE IN MORE THAN 21 YEARS - CUMULATIVE OUTRIGHT TRANSACTIONS WITH OTHERS - Change From Previous Week
274,SBN2024,PDTRGSC-G2L3C,U.S. TREASURY SECURITIES (EXCLUDING TREASURY INFLATION-PROTECTED SECURITIES (TIPS)) COUPONS DUE IN MORE THAN 2 YEARS BUT LESS THAN OR EQUAL TO 3 YEARS - DEALER TRANSACTIONS WITH INTER-DEALER BROKERS. + U.S. TREASURY SECURITIES (EXCLUDING TREASURY INFLATION-PROTECTED SECURITIES (TIPS)) COUPONS DUE IN MORE THAN 2 YEARS BUT LESS THAN OR EQUAL TO 3 YEARS - DEALER TRANSACTIONS WITH OTHER. - Change From Previous Week
275,SBN2024,PDTRGSC-G3L6C,U.S. TREASURY SECURITIES (EXCLUDING TREASURY INFLATION-PROTECTED SECURITIES (TIPS)) COUPONS DUE IN MORE THAN 3 YEARS BUT LESS THAN OR EQUAL TO 6 YEARS - DEALER TRANSACTIONS WITH INTER-DEALER BROKERS. + U.S. TREASURY SECURITIES (EXCLUDING TREASURY INFLATION-PROTECTED SECURITIES (TIPS)) COUPONS DUE IN MORE THAN 3 YEARS BUT LESS THAN OR EQUAL TO 6 YEARS - DEALER TRANSACTIONS WITH OTHER. - Change From Previous Week
276,SBN2024,PDTRGSC-G6L7C,U.S. TREASURY SECURITIES (EXCLUDING TREASURY INFLATION-PROTECTED SECURITIES (TIPS)) COUPONS DUE IN MORE THAN 6 YEARS BUT LESS THAN OR EQUAL TO 7 YEARS - DEALER TRANSACTIONS WITH INTER-DEALER BROKERS. + U.S. TREASURY SECURITIES (EXCLUDING TREASURY INFLATION-PROTECTED SECURITIES (TIPS)) COUPONS DUE IN MORE THAN 6 YEARS BUT LESS THAN OR EQUAL TO 7 YEARS - DEALER TRANSACTIONS WITH OTHER. - Change From Previous Week
277,SBN2024,PDTRGSC-G7L11C,U.S. TREASURY SECURITIES (EXCLUDING TREASURY INFLATION-PROTECTED SECURITIES (TIPS)) COUPONS DUE IN MORE THAN 7 YEARS BUT LESS THAN OR EQUAL TO 11 YEARS - DEALER TRANSACTIONS WITH INTER-DEALER BROKERS. + U.S. TREASURY SECURITIES (EXCLUDING TREASURY INFLATION-PROTECTED SECURITIES (TIPS)) COUPONS DUE IN MORE THAN 7 YEARS BUT LESS THAN OR EQUAL TO 11 YEARS - DEALER TRANSACTIONS WITH OTHER. - Change From Previous Week
278,SBN2024,PDTRGSC-L2C,U.S. TREASURY SECURITIES (EXCLUDING TREASURY INFLATION-PROTECTED SECURITIES (TIPS)) COUPONS DUE IN LESS THAN OR EQUAL TO 2 YEARS - DEALER TRANSACTIONS WITH INTER-DEALER BROKERS. + U.S. TREASURY SECURITIES (EXCLUDING TREASURY INFLATION-PROTECTED SECURITIES (TIPS)) COUPONS DUE IN LESS THAN OR EQUAL TO 2 YEARS - DEALER TRANSACTIONS WITH OTHER. - Change From Previous Week
279,SBN2024,PDTRGS-EXTBC,U.S. TREASURY SECURITIES (EXCLUDING TREASURY INFLATION-PROTECTED SECURITIES (TIPS)) BILLS- DEALER TRANSACTIONS WITH INTER-DEALER BROKERS. + U.S. TREASURY SECURITIES (EXCLUDING TREASURY INFLATION-PROTECTED SECURITIES (TIPS)) BILLS - DEALER TRANSACTIONS WITH OTHER. - Change From Previous Week
280,SBN2024,PDTRGS-FRNC,Total - FLOATING RATE NOTES: DEALER TRANSACTIONS WITH INTER-DEALER BROKERS. - Change From Previous Week
281,SBN2024,PDTRGST-TOTC,Total - U.S. TREASURY SECURITIES (EXCLUDING TREASURY INFLATION-PROTECTED SECURITIES (TIPS)) BILLS- DEALER TRANSACTIONS WITH INTER-DEALER BROKERS. + U.S. TREASURY SECURITIES (EXCLUDING TREASURY INFLATION-PROTECTED SECURITIES (TIPS)) BILLS - DEALER TRANSACTIONS WITH OTHER. - Change From Previous Week
282,SBN2024,PDTRMBSNA-OC,MORTGAGE-BACKED SECURITIES - OTHER CMBS - DEALER TRANSACTIONS WITH INTER-DEALER BROKERS + MORTGAGE-BACKED SECURITIES - OTHER CMBS - DEALER TRANSACTIONS WITH OTHER - Change From Previous Week
283,SBN2024,PDTRMBSNA-RC,MORTGAGE-BACKED SECURITIES - NON-AGENCY RESIDENTIAL MBS - DEALER TRANSACTIONS WITH INTER-DEALER BROKERS + MORTGAGE-BACKED SECURITIES - NON-AGENCY RESIDENTIAL MBS - DEALER TRANSACTIONS WITH OTHER - Change From Previous Week
284,SBN2024,PDTRMBSRPT-AOC,MORTGAGE-BACKED SECURITIES - ALL OTHER FEDERAL AGENCY AND GSE RESIDENTIAL MBS - DEALER TRANSACTIONS WITH INTER-DEALER BROKERS + MORTGAGE-BACKED SECURITIES - ALL OTHER FEDERAL AGENCY AND GSE RESIDENTIAL MBS - DEALER TRANSACTIONS WITH OTHER - Change From Previous Week
285,SBN2024,PDTRMBSRPT-CC,MORTGAGE-BACKED SECURITIES - FEDERAL AGENCY AND GSE CMBS - DEALER TRANSACTIONS WITH INTER-DEALER BROKERS + MORTGAGE-BACKED SECURITIES - FEDERAL AGENCY AND GSE CMBS - DEALER TRANSACTIONS WITH OTHER - Change From Previous Week
286,SBN2024,PDTRMBSRPT-CTC,"Mortgage-backed Securities: Federal Agency and GSE MBS: Federal Agency and GSE Residential Pass-through MBS: TBA Cash transactions - Cumulative Outright Transactions, With Inter-dealer Brokers + Mortgage-backed Securities: Federal Agency and GSE MBS: Federal Agency and GSE Residential Pass-through MBS: TBA Cash transactions - Cumulative Outright Transactions, With Others - Change From Previous Week"
287,SBN2024,PDTRMBSRPT-DRTC,"Mortgage-backed Securities: Federal Agency and GSE MBS: Federal Agency and GSE Residential Pass-through MBS: TBA Dollar roll transactions - Cumulative Outright Transactions, With Inter-dealer Brokers + Mortgage-backed Securities: Federal Agency and GSE MBS: Federal Agency and GSE Residential Pass-through MBS: TBA Dollar roll transactions - Cumulative Outright Transactions, With Others - Change From Previous Week"
288,SBN2024,PDTRMBSRPT-SPCTC,"Mortgage-backed Securities: Federal Agency and GSE MBS: Federal Agency and GSE Residential Pass-through MBS: Specified pools cash transactions - Cumulative Outright Transactions, With Inter-dealer Brokers + Mortgage-backed Securities: Federal Agency and GSE MBS: Federal Agency and GSE Residential Pass-through MBS: Specified pools cash transactions - Cumulative Outright Transactions, With Others - Change From Previous Week"
289,SBN2024,PDTRMBSRPT-SPDRC,"Mortgage-backed Securities: Federal Agency and GSE MBS: Federal Agency and GSE Residential Pass-through MBS: Specified pools dollar roll transactions - Cumulative Outright Transactions, With Inter-dealer Brokers + Mortgage-backed Securities: Federal Agency and GSE MBS: Federal Agency and GSE Residential Pass-through MBS: Specified pools dollar roll transactions - Cumulative Outright Transactions, With Others - Change From Previous Week"
290,SBN2024,PDTRMBS-TOTC,"Total - Mortgage-backed Securities: Federal Agency and GSE MBS: Federal Agency and GSE Residential Pass-through MBS: TBA Cash transactions - Cumulative Outright Transactions, With Inter-dealer Brokers + Mortgage-backed Securities: Federal Agency and GSE MBS: Federal Agency and GSE Residential Pass-through MBS: TBA Cash transactions - Cumulative Outright Transactions, With Others - Change From Previous Week"
291,SBN2024,PDTRSMGO-G10C,STATE AND MUNICIPAL GOVERNMENT OBLIGATIONS DUE IN MORE THAN 10 YEARS: DEALER TRANSACTIONS WITH INTER-DEALER BROKERS. + STATE AND MUNICIPAL GOVERNMENT OBLIGATIONS DUE IN MORE THAN 10 YEARS: DEALER TRANSACTIONS WITH OTHERS. - Change From Previous Week
292,SBN2024,PDTRSMGO-G13C,STATE AND MUNICIPAL GOVERNMENT OBLIGATIONS DUE IN MORE THAN 13 MONTHS BUT LESS THAN OR EQUAL TO 5 YEARS: DEALER TRANSACTIONS WITH INTER-DEALER BROKERS. + STATE AND MUNICIPAL GOVERNMENT OBLIGATIONS DUE IN MORE THAN 13 MONTHS BUT LESS THAN OR EQUAL TO 5 YEARS: DEALER TRANSACTIONS WITH OTHERS. - Change From Previous Week
293,SBN2024,PDTRSMGO-G5L10C,STATE AND MUNICIPAL GOVERNMENT OBLIGATIONS DUE IN MORE THAN 5 YEARS BUT LESS THAN OR EQUAL TO 10 YEARS: DEALER TRANSACTIONS WITH INTER-DEALER BROKERS. + STATE AND MUNICIPAL GOVERNMENT OBLIGATIONS DUE IN MORE THAN 5 YEARS BUT LESS THAN OR EQUAL TO 10 YEARS: DEALER TRANSACTIONS WITH OTHERS. - Change From Previous Week
294,SBN2024,PDTRSMGO-L13C,STATE AND MUNICIPAL GOVERNMENT OBLIGATIONS DUE IN LESS THAN OR EQUAL TO 13 MONTHS - DEALER TRANSACTIONS WITH INTER-DEALER BROKERS. + STATE AND MUNICIPAL GOVERNMENT OBLIGATIONS DUE IN LESS THAN OR EQUAL TO 13 MONTHS - DEALER TRANSACTIONS WITH OTHER. - Change From Previous Week
295,SBN2024,PDTRSMGO-TOTC,Total - STATE AND MUNICIPAL GOVERNMENT OBLIGATIONS DUE IN LESS THAN OR EQUAL TO 13 MONTHS - DEALER TRANSACTIONS WITH INTER-DEALER BROKERS. + STATE AND MUNICIPAL GOVERNMENT OBLIGATIONS DUE IN LESS THAN OR EQUAL TO 13 MONTHS - DEALER TRANSACTIONS WITH OTHER. - Change From Previous Week
296,SBN2024,PDTRSMGO-VRDC,STATE AND MUNICIPAL GOVERNMENT OBLIGATIONS VARIABLE RATE DEMAND NOTES - DEALER TRANSACTIONS WITH INTER-DEALER BROKERS. + STATE AND MUNICIPAL GOVERNMENT OBLIGATIONS VARIABLE RATE DEMAND NOTES - DEALER TRANSACTIONS WITH OTHER. - Change From Previous Week
297,SBN2024,PDTRTIPS-G11C,U.S. TREASURY INFLATION-PROTECTED SECURITIES (TIPS) DUE IN MORE THAN 11 YEARS - DEALER TRANSACTIONS WITH INTER-DEALER BROKERS. + U.S. TREASURY INFLATION-PROTECTED SECURITIES (TIPS) DUE IN MORE THAN 11 YEARS - DEALER TRANSACTIONS WITH OTHER. - Change From Previous Week
298,SBN2024,PDTRTIPS-G2L6C,U.S. TREASURY INFLATION-PROTECTED SECURITIES (TIPS) DUE IN MORE THAN 2 YEARS BUT LESS THAN OR EQUAL TO 6 YEARS - DEALER TRANSACTIONS WITH INTER-DEALER BROKERS. + U.S. TREASURY INFLATION-PROTECTED SECURITIES (TIPS) DUE IN MORE THAN 2 YEARS BUT LESS THAN OR EQUAL TO 6 YEARS - DEALER TRANSACTIONS WITH OTHER. - Change From Previous Week
299,SBN2024,PDTRTIPS-G6L11C,U.S. TREASURY INFLATION-PROTECTED SECURITIES (TIPS) DUE IN MORE THAN 6 YEARS BUT LESS THAN OR EQUAL TO 11 YEARS - DEALER TRANSACTIONS WITH INTER-DEALER BROKERS. + U.S. TREASURY INFLATION-PROTECTED SECURITIES (TIPS) DUE IN MORE THAN 6 YEARS BUT LESS THAN OR EQUAL TO 11 YEARS - DEALER TRANSACTIONS WITH OTHER. - Change From Previous Week
300,SBN2024,PDTRTIPS-LE2C,U.S. TREASURY INFLATION-PROTECTED SECURITIES (TIPS) DUE IN LESS THAN OR EQUAL TO 2 YEARS - DEALER TRANSACTIONS WITH INTER-DEALER BROKERS. + U.S. TREASURY INFLATION-PROTECTED SECURITIES (TIPS) DUE IN LESS THAN OR EQUAL TO 2 YEARS - DEALER TRANSACTIONS WITH OTHER. - Change From Previous Week
301,SBN2024,PDWOABC,ASSET-BACKED SECURITIES: CREDIT CARD-BACKED SECURITIES - DEALER TRANSACTIONS WITH OTHER. + ASSET-BACKED SECURITIES: STUDENT LOAN-BACKED SECURITIES - DEALER TRANSACTIONS WITH OTHERS. + ASSET-BACKED SECURITIES: AUTOMOBILE LOAN-BACKED SECURITIES - DEALER TRANSACTIONS WITH OTHER. + ASSET-BACKED SECURITIES: OTHER ASSET-BACKED SECURITIES - DEALER TRANSACTIONS WITH OTHER. - Change From Previous Week
302,SBN2024,PDWOCSC,"CORPORATE SECURITIES: COMMERCIAL PAPER - DEALER TRANSACTIONS WITH OTHER. + CORPORATE SECURITIES: INVESTMENT GRADE BONDS, NOTES AND DEBENTURES DUE IN LESS THAN OR EQUAL TO 13 MONTHS - DEALER TRANSACTIONS WITH OTHER. + CORPORATE SECURITIES INVESTMENT GRADE BONDS NOTES AND DEBENTURES DUE IN MORE THAN 13 MONTHS BUT LESS THAN OR EQUAL TO 5 YEARS: DEALER TRANSACTIONS WITH OTHERS. + CORPORATE SECURITIES INVESTMENT GRADE BONDS NOTES AND DEBENTURES DUE IN MORE THAN 5 YEARS BUT LESS THAN OR EQUAL TO 10 YEARS: DEALER TRANSACTIONS WITH OTHERS. + CORPORATE SECURITIES INVESTMENT GRADE BONDS NOTES AND DEBENTURES DUE IN MORE THAN 10 YEARS: DEALER TRANSACTIONS WITH OTHERS. + CORPORATE SECURITIES BELOW INVESTMENT GRADE DUE IN LESS THAN OR EQUAL TO 13 MONTHS: DEALER TRANSACTIONS WITH OTHERS. + CORPORATE SECURITIES BELOW INVESTMENT GRADE BONDS NOTES AND DEBENTURES DUE IN MORE THAN 13 MONTHS BUT LESS THAN OR EQUAL TO 5 YEARS: DEALER TRANSACTIONS WITH OTHERS. + CORPORATE SECURITIES BELOW INVESTMENT GRADE BONDS NOTES AND DEBENTURES DUE IN MORE THAN 5 YEARS BUT LESS THAN OR EQUAL TO 10 YEARS: DEALER TRANSACTIONS WITH OTHERS. + CORPORATE SECURITIES BELOW INVESTMENT GRADE BONDS NOTES AND DEBENTURES DUE IN MORE THAN 10 YEARS: DEALER TRANSACTIONS WITH OTHERS. - Change From Previous Week"
303,SBN2024,PDWOFGSXMC,FEDERAL AGENCY AND GSE SECURITIES (EXCLUDING MBS) DISCOUNT NOTES - DEALER TRANSACTIONS WITH OTHER + FEDERAL AGENCY AND GSE SECURITIES (EXCLUDING MBS) COUPONS - DEALER TRANSACTIONS WITH OTHER - Change From Previous Week
304,SBN2024,PDWOMBSC,"Mortgage-backed Securities: Federal Agency and GSE MBS: Federal Agency and GSE Residential Pass-through MBS: TBA Cash transactions - Cumulative Outright Transactions, With Others + Mortgage-backed Securities: Federal Agency and GSE MBS: Federal Agency and GSE Residential Pass-through MBS: TBA Dollar roll transactions - Cumulative Outright Transactions, With Others + Mortgage-backed Securities: Federal Agency and GSE MBS: Federal Agency and GSE Residential Pass-through MBS: Specified pools cash transactions - Cumulative Outright Transactions, With Others + Mortgage-backed Securities: Federal Agency and GSE MBS: Federal Agency and GSE Residential Pass-through MBS: Specified pools dollar roll transactions - Cumulative Outright Transactions, With Others + MORTGAGE-BACKED SECURITIES - ALL OTHER FEDERAL AGENCY AND GSE RESIDENTIAL MBS - DEALER TRANSACTIONS WITH OTHER + MORTGAGE-BACKED SECURITIES - FEDERAL AGENCY AND GSE CMBS - DEALER TRANSACTIONS WITH OTHER + MORTGAGE-BACKED SECURITIES - NON-AGENCY RESIDENTIAL MBS - DEALER TRANSACTIONS WITH OTHER + MORTGAGE-BACKED SECURITIES - OTHER CMBS - DEALER TRANSACTIONS WITH OTHER - Change From Previous Week"
305,SBN2024,PDWOSMGOC,STATE AND MUNICIPAL GOVERNMENT OBLIGATIONS DUE IN LESS THAN OR EQUAL TO 13 MONTHS - DEALER TRANSACTIONS WITH OTHER. + STATE AND MUNICIPAL GOVERNMENT OBLIGATIONS DUE IN MORE THAN 13 MONTHS BUT LESS THAN OR EQUAL TO 5 YEARS: DEALER TRANSACTIONS WITH OTHERS. + STATE AND MUNICIPAL GOVERNMENT OBLIGATIONS DUE IN MORE THAN 5 YEARS BUT LESS THAN OR EQUAL TO 10 YEARS: DEALER TRANSACTIONS WITH OTHERS. + STATE AND MUNICIPAL GOVERNMENT OBLIGATIONS DUE IN MORE THAN 10 YEARS: DEALER TRANSACTIONS WITH OTHERS. + STATE AND MUNICIPAL GOVERNMENT OBLIGATIONS VARIABLE RATE DEMAND NOTES - DEALER TRANSACTIONS WITH OTHER. - Change From Previous Week
306,SBN2024,PDWOTIPSC,U.S. TREASURY INFLATION-PROTECTED SECURITIES (TIPS) DUE IN LESS THAN OR EQUAL TO 2 YEARS - DEALER TRANSACTIONS WITH OTHER. + U.S. TREASURY INFLATION-PROTECTED SECURITIES (TIPS) DUE IN MORE THAN 2 YEARS BUT LESS THAN OR EQUAL TO 6 YEARS - DEALER TRANSACTIONS WITH OTHER. + U.S. TREASURY INFLATION-PROTECTED SECURITIES (TIPS) DUE IN MORE THAN 6 YEARS BUT LESS THAN OR EQUAL TO 11 YEARS - DEALER TRANSACTIONS WITH OTHER. + U.S. TREASURY INFLATION-PROTECTED SECURITIES (TIPS) DUE IN MORE THAN 11 YEARS - DEALER TRANSACTIONS WITH OTHER. - Change From Previous Week
307,SBN2024,PDSIOSB-ABSTAG30,ASSET-BACKED SECURITIES OTHER FINANCING ACTIVITY SECURITIES BORROWED - DEALER FINANCING (30 DAYS OR GREATER).
308,SBN2024,PDSIOSB-ABSTAL30,ASSET-BACKED SECURITIES OTHER FINANCING ACTIVITY SECURITIES BORROWED - DEALER FINANCING (LESS THAN 30 DAYS).
309,SBN2024,PDSIOSB-ABS,ASSET-BACKED SECURITIES OTHER FINANCING ACTIVITY SECURITIES BORROWED - DEALER FINANCING OVERNIGHT AND CONTINUING.
310,SBN2024,PDSOOS-ABSTAG30,ASSET-BACKED SECURITIES OTHER FINANCING ACTIVITY SECURITIES LENT - DEALER FINANCING (30 DAYS OR GREATER).
311,SBN2024,PDSOOS-ABSTAL30,ASSET-BACKED SECURITIES OTHER FINANCING ACTIVITY SECURITIES LENT - DEALER FINANCING (LESS THAN 30 DAYS).
312,SBN2024,PDSOOS-ABS,ASSET-BACKED SECURITIES OTHER FINANCING ACTIVITY SECURITIES LENT - DEALER FINANCING OVERNIGHT AND CONTINUING.
313,SBN2024,PDSIOSB-CDTAG30,CORPORATE DEBT OTHER FINANCING ACTIVITY - DEALER FINANCING SECURITIES BORROWED: TERM AGREEMENTS (30 DAYS OR GREATER)
314,SBN2024,PDSIOSB-CDTAL30,CORPORATE DEBT OTHER FINANCING ACTIVITY - DEALER FINANCING SECURITIES BORROWED: TERM AGREEMENTS (LESS THAN 30 DAYS)
315,SBN2024,PDSIOSB-CD,CORPORATE DEBT OTHER FINANCING ACTIVITY - DEALER FINANCING SECURITIES BORROWED: OVERNIGHT AND CONTINUING.
316,SBN2024,PDSOOS-CDTAG30,CORPORATE DEBT OTHER FINANCING ACTIVITY - DEALER FINANCING SECURITIES LENT: TERM AGREEMENTS (30 DAYS OR GREATER)
317,SBN2024,PDSOOS-CDTAL30,CORPORATE DEBT OTHER FINANCING ACTIVITY - DEALER FINANCING SECURITIES LENT: TERM AGREEMENTS (LESS THAN 30 DAYS)
318,SBN2024,PDSOOS-CD,CORPORATE DEBT OTHER FINANCING ACTIVITY - DEALER FINANCING SECURITIES LENT: OVERNIGHT AND CONTINUING.
319,SBN2024,PDSIOSB-ETAG30,EQUITIES OTHER FINANCING ACTIVITY - DEALER FINANCING SECURITIES BORROWED: TERM AGREEMENTS (30 DAYS OR GREATER)
320,SBN2024,PDSIOSB-ETAL30,EQUITIES OTHER FINANCING ACTIVITY - DEALER FINANCING SECURITIES BORROWED: TERM AGREEMENTS (LESS THAN 30 DAYS)
321,SBN2024,PDSIOSB-E,EQUITIES OTHER FINANCING ACTIVITY - DEALER FINANCING SECURITIES BORROWED: OVERNIGHT AND CONTINUING.
322,SBN2024,PDSOOS-ETAG30,EQUITIES OTHER FINANCING ACTIVITY - DEALER FINANCING SECURITIES LENT: TERM AGREEMENTS (30 DAYS OR GREATER)
323,SBN2024,PDSOOS-ETAL30,EQUITIES OTHER FINANCING ACTIVITY - DEALER FINANCING SECURITIES LENT: TERM AGREEMENTS (LESS THAN 30 DAYS)
324,SBN2024,PDSOOS-E,EQUITIES OTHER FINANCING ACTIVITY - DEALER FINANCING SECURITIES LENT: OVERNIGHT AND CONTINUING.
325,SBN2024,PDSIOSB-FGEM,FEDERAL AGENCY AND GSE SECURITIES (EXCLUDING MBS) OTHER FINANCING ACTIVITY - DEALER FINANCING SECURITIES BORROWED: OVERNIGHT AND CONTINUING.
326,SBN2024,PDSIOSB-FGEMTAG30,FEDERAL AGENCY AND GSE SECURITIES (EXCLUDING MBS) OTHER FINANCING ACTIVITY - DEALER FINANCING SECURITIES BORROWED: TERM AGREEMENTS (30 DAYS OR GREATER)
327,SBN2024,PDSIOSB-FGEMTAL30,FEDERAL AGENCY AND GSE SECURITIES (EXCLUDING MBS) OTHER FINANCING ACTIVITY - DEALER FINANCING SECURITIES BORROWED: TERM AGREEMENTS (LESS THAN 30 DAYS)
328,SBN2024,PDSOOS-FGEM,FEDERAL AGENCY AND GSE SECURITIES (EXCLUDING MBS) OTHER FINANCING ACTIVITY - DEALER FINANCING SECURITIES LENT: OVERNIGHT AND CONTINUING.
329,SBN2024,PDSOOS-FGEMTAG30,FEDERAL AGENCY AND GSE SECURITIES (EXCLUDING MBS) OTHER FINANCING ACTIVITY - DEALER FINANCING SECURITIES LENT: TERM AGREEMENTS (30 DAYS OR GREATER)
330,SBN2024,PDSOOS-FGEMTAL30,FEDERAL AGENCY AND GSE SECURITIES (EXCLUDING MBS) OTHER FINANCING ACTIVITY - DEALER FINANCING SECURITIES LENT: TERM AGREEMENTS (LESS THAN 30 DAYS)
331,SBN2024,PDSIOSB-O,OTHER FINANCING ACTIVITY - DEALER FINANCING SECURITIES BORROWED: OVERNIGHT AND CONTINUING.
332,SBN2024,PDSIOSB-FGCM,"Other Financing Activity, Securities Borrowed: Federal Agency and GSE CMBS - Overnight and Continuing"
333,SBN2024,PDSIOSB-FGCMTAL30,"Other Financing Activity, Securities Borrowed: Federal Agency and GSE CMBS - Term Agreements (less than 30 days)"
334,SBN2024,PDSIOSB-FGCMTAG30,"Other Financing Activity, Securities Borrowed: Federal Agency and GSE CMBS - Term Agreements (30 days or greater)"
335,SBN2024,PDSIOSB-FGM,"Other Financing Activity, Securities Borrowed: Federal Agency and GSE Residential MBS - Overnight and Continuing"
336,SBN2024,PDSIOSB-FGMTAL30,"Other Financing Activity, Securities Borrowed: Federal Agency and GSE Residential MBS - Term Agreements (less than 30 days)"
337,SBN2024,PDSIOSB-FGMTAG30,"Other Financing Activity, Securities Borrowed: Federal Agency and GSE Residential MBS - Term Agreements (30 days or greater)"
338,SBN2024,PDSOOS-FGCM,"Other Financing Activity, Securities Lent: Federal Agency and GSE CMBS - Overnight and Continuing "
339,SBN2024,PDSOOS-FGCMTAL30,"Other Financing Activity, Securities Lent: Federal Agency and GSE CMBS - Term Agreements (less than 30 days)"
340,SBN2024,PDSOOS-FGCMTAG30,"Other Financing Activity, Securities Lent: Federal Agency and GSE CMBS - Term Agreements (30 days or greater)"
341,SBN2024,PDSOOS-FGM,"Other Financing Activity, Securities Lent: Federal Agency and GSE Residential MBS - Overnight and Continuing"
342,SBN2024,PDSOOS-FGMTAL30,"Other Financing Activity, Securities Lent: Federal Agency and GSE Residential MBS - Term Agreements (less than 30 days)"
343,SBN2024,PDSOOS-FGMTAG30,"Other Financing Activity, Securities Lent: Federal Agency and GSE Residential MBS - Term Agreements (30 days or greater)"
344,SBN2024,PDSIOSB-OTAG30,OTHER OTHER FINANCING ACTIVITY - DEALER FINANCING SECURITIES BORROWED: TERM AGREEMENTS (30 DAYS OR GREATER)
345,SBN2024,PDSIOSB-OTAL30,OTHER OTHER FINANCING ACTIVITY - DEALER FINANCING SECURITIES BORROWED: TERM AGREEMENTS (LESS THAN 30 DAYS)
346,SBN2024,PDSOOS-OTAG30,OTHER OTHER FINANCING ACTIVITY - DEALER FINANCING SECURITIES LENT: TERM AGREEMENTS (30 DAYS OR GREATER)
347,SBN2024,PDSOOS-OTAL30,OTHER OTHER FINANCING ACTIVITY - DEALER FINANCING SECURITIES LENT: TERM AGREEMENTS (LESS THAN 30 DAYS)
348,SBN2024,PDSOOS-O,OTHER OTHER FINANCING ACTIVITY - DEALER FINANCING SECURITIES LENT: OVERNIGHT AND CONTINUING.
349,SBN2024,PDSORA-CBGABS,"Repurchase Agreements: Asset-backed securities - Cleared Bilateral, General - Overnight and Continuing"
350,SBN2024,PDSORA-CBGABSTAL30,"Repurchase Agreements: Asset-backed securities - Cleared Bilateral, General - Term Agreements (less than 30 days)"
351,SBN2024,PDSORA-CBGABSTAG30,"Repurchase Agreements: Asset-backed securities - Cleared Bilateral, General - Term Agreements (30 days or greater)"
352,SBN2024,PDSORA-CBSABS,"Repurchase Agreements: Asset-backed securities - Cleared Bilateral, Specified - Overnight and Continuing"
353,SBN2024,PDSORA-CBSABSTAL30,"Repurchase Agreements: Asset-backed securities - Cleared Bilateral, Specified - Term Agreements (less than 30 days)"
354,SBN2024,PDSORA-CBSABSTAG30,"Repurchase Agreements: Asset-backed securities - Cleared Bilateral, Specified - Term Agreements (30 days or greater)"
355,SBN2024,PDSORA-CBSPABS,"Repurchase Agreements: Asset-backed securities - Cleared Bilateral, Sponsored - Overnight and Continuing"
356,SBN2024,PDSORA-CBSPABSTAL30,"Repurchase Agreements: Asset-backed securities - Cleared Bilateral, Sponsored - Term Agreements (less than 30 days)"
357,SBN2024,PDSORA-CBSPABSTAG30,"Repurchase Agreements: Asset-backed securities - Cleared Bilateral, Sponsored - Term Agreements (30 days or greater)"
358,SBN2024,PDSORA-GCFABS,Repurchase Agreements: Asset-backed securities - GCF - Overnight and Continuing
359,SBN2024,PDSORA-GCFABSTAL30,Repurchase Agreements: Asset-backed securities - GCF - Term Agreements (less than 30 days)
360,SBN2024,PDSORA-GCFABSTAG30,Repurchase Agreements: Asset-backed securities - GCF - Term Agreements (30 days or greater)
361,SBN2024,PDSORA-TRIGABS,Repurchase Agreements: Asset-backed securities - Triparty (excluding GCF) - General Collateral - Overnight and Continuing
362,SBN2024,PDSORA-TRIGABSTAL30,Repurchase Agreements: Asset-backed securities - Triparty (excluding GCF) - General Collateral - Term Agreements (less than 30 days)
363,SBN2024,PDSORA-TRIGABSTAG30,Repurchase Agreements: Asset-backed securities - Triparty (excluding GCF) - General Collateral - Term Agreements (30 days or greater)
364,SBN2024,PDSORA-TRISPABS,Repurchase Agreements: Asset-backed securities - Triparty (excluding GCF) - Sponsored General Collateral - Overnight and Continuing
365,SBN2024,PDSORA-TRISPABSTAL30,Repurchase Agreements: Asset-backed securities - Triparty (excluding GCF) - Sponsored General Collateral - Term Agreements (less than 30 days)
366,SBN2024,PDSORA-TRISPABSTAG30,Repurchase Agreements: Asset-backed securities - Triparty (excluding GCF) - Sponsored General Collateral - Term Agreements (30 days or greater)
367,SBN2024,PDSORA-UBGABS,"Repurchase Agreements: Asset-backed securities - Uncleared Bilateral, General - Overnight and Continuing"
368,SBN2024,PDSORA-UBGABSTAL30,"Repurchase Agreements: Asset-backed securities - Uncleared Bilateral, General - Term Agreements (less than 30 days)"
369,SBN2024,PDSORA-UBGABSTAG30,"Repurchase Agreements: Asset-backed securities - Uncleared Bilateral, General - Term Agreements (30 days or greater)"
370,SBN2024,PDSORA-UBSABS,"Repurchase Agreements: Asset-backed securities - Uncleared Bilateral, Specified - Overnight and Continuing"
371,SBN2024,PDSORA-UBSABSTAL30,"Repurchase Agreements: Asset-backed securities - Uncleared Bilateral, Specified - Term Agreements (less than 30 days)"
372,SBN2024,PDSORA-UBSABSTAG30,"Repurchase Agreements: Asset-backed securities - Uncleared Bilateral, Specified - Term Agreements (30 days or greater)"
373,SBN2024,PDSORA-CBGCD,"Repurchase Agreements: Corporate Debt - Cleared Bilateral, General - Overnight and Continuing"
374,SBN2024,PDSORA-CBGCDTAL30,"Repurchase Agreements: Corporate Debt - Cleared Bilateral, General - Term Agreements (less than 30 days)"
375,SBN2024,PDSORA-CBGCDTAG30,"Repurchase Agreements: Corporate Debt - Cleared Bilateral, General - Term Agreements (30 days or greater)"
376,SBN2024,PDSORA-CBSCD,"Repurchase Agreements: Corporate Debt - Cleared Bilateral, Specified - Overnight and Continuing"
377,SBN2024,PDSORA-CBSCDTAL30,"Repurchase Agreements: Corporate Debt - Cleared Bilateral, Specified - Term Agreements (less than 30 days)"
378,SBN2024,PDSORA-CBSCDTAG30,"Repurchase Agreements: Corporate Debt - Cleared Bilateral, Specified - Term Agreements (30 days or greater)"
379,SBN2024,PDSORA-CBSPCD,"Repurchase Agreements: Corporate Debt - Cleared Bilateral, Sponsored - Overnight and Continuing"
380,SBN2024,PDSORA-CBSPCDTAL30,"Repurchase Agreements: Corporate Debt - Cleared Bilateral, Sponsored - Term Agreements (less than 30 days)"
381,SBN2024,PDSORA-CBSPCDTAG30,"Repurchase Agreements: Corporate Debt - Cleared Bilateral, Sponsored - Term Agreements (30 days or greater)"
382,SBN2024,PDSORA-GCFCD,Repurchase Agreements: Corporate Debt - GCF - Overnight and Continuing
383,SBN2024,PDSORA-GCFCDTAL30,Repurchase Agreements: Corporate Debt - GCF - Term Agreements (less than 30 days)
384,SBN2024,PDSORA-GCFCDTAG30,Repurchase Agreements: Corporate Debt - GCF - Term Agreements (30 days or greater)
385,SBN2024,PDSORA-TRIGCD,Repurchase Agreements: Corporate Debt - Triparty (excluding GCF) - General Collateral - Overnight and Continuing
386,SBN2024,PDSORA-TRIGCDTAL30,Repurchase Agreements: Corporate Debt - Triparty (excluding GCF) - General Collateral - Term Agreements (less than 30 days)
387,SBN2024,PDSORA-TRIGCDTAG30,Repurchase Agreements: Corporate Debt - Triparty (excluding GCF) - General Collateral - Term Agreements (30 days or greater)
388,SBN2024,PDSORA-TRISPCD,Repurchase Agreements: Corporate Debt - Triparty (excluding GCF) - Sponsored General Collateral - Overnight and Continuing
389,SBN2024,PDSORA-TRISPCDTAL30,Repurchase Agreements: Corporate Debt - Triparty (excluding GCF) - Sponsored General Collateral - Term Agreements (less than 30 days)
390,SBN2024,PDSORA-TRISPCDTAG30,Repurchase Agreements: Corporate Debt - Triparty (excluding GCF) - Sponsored General Collateral - Term Agreements (30 days or greater)
391,SBN2024,PDSORA-UBGCD,"Repurchase Agreements: Corporate Debt - Uncleared Bilateral, General - Overnight and Continuing"
392,SBN2024,PDSORA-UBGCDTAL30,"Repurchase Agreements: Corporate Debt - Uncleared Bilateral, General - Term Agreements (less than 30 days)"
393,SBN2024,PDSORA-UBGCDTAG30,"Repurchase Agreements: Corporate Debt - Uncleared Bilateral, General - Term Agreements (30 days or greater)"
394,SBN2024,PDSORA-UBSCD,"Repurchase Agreements: Corporate Debt - Uncleared Bilateral, Specified - Overnight and Continuing"
395,SBN2024,PDSORA-UBSCDTAL30,"Repurchase Agreements: Corporate Debt - Uncleared Bilateral, Specified - Term Agreements (less than 30 days)"
396,SBN2024,PDSORA-UBSCDTAG30,"Repurchase Agreements: Corporate Debt - Uncleared Bilateral, Specified - Term Agreements (30 days or greater)"
397,SBN2024,PDSORA-CBGE,"Repurchase Agreements: Equities - Cleared Bilateral, General - Overnight and Continuing"
398,SBN2024,PDSORA-CBGETAL30,"Repurchase Agreements: Equities - Cleared Bilateral, General - Term Agreements (less than 30 days)"
399,SBN2024,PDSORA-CBSE,"Repurchase Agreements: Equities - Cleared Bilateral, Specified - Overnight and Continuing"
400,SBN2024,PDSORA-CBSETAL30,"Repurchase Agreements: Equities - Cleared Bilateral, Specified - Term Agreements (less than 30 days)"
401,SBN2024,PDSORA-CBSETAG30,"Repurchase Agreements: Equities - Cleared Bilateral, Specified - Term Agreements (30 days or greater)"
402,SBN2024,PDSORA-CBSPE,"Repurchase Agreements: Equities - Cleared Bilateral, Sponsored - Overnight and Continuing"
403,SBN2024,PDSORA-CBSPETAL30,"Repurchase Agreements: Equities - Cleared Bilateral, Sponsored - Term Agreements (less than 30 days)"
404,SBN2024,PDSORA-CBSPETAG30,"Repurchase Agreements: Equities - Cleared Bilateral, Sponsored - Term Agreements (30 days or greater)"
405,SBN2024,PDSORA-CBGETAG30,Repurchase Agreements: Equities - GCF - Overnight and Continuing
406,SBN2024,PDSORA-GCFE,Repurchase Agreements: Equities - GCF - Overnight and Continuing
407,SBN2024,PDSORA-GCFETAL30,Repurchase Agreements: Equities - GCF - Term Agreements (less than 30 days)
408,SBN2024,PDSORA-GCFETAG30,Repurchase Agreements: Equities - GCF - Term Agreements (30 days or greater)
409,SBN2024,PDSORA-TRIGE,Repurchase Agreements: Equities - Triparty (excluding GCF) - General Collateral - Overnight and Continuing
410,SBN2024,PDSORA-TRIGETAL30,Repurchase Agreements: Equities - Triparty (excluding GCF) - General Collateral - Term Agreements (less than 30 days)
411,SBN2024,PDSORA-TRIGETAG30,Repurchase Agreements: Equities - Triparty (excluding GCF) - General Collateral - Term Agreements (30 days or greater)
412,SBN2024,PDSORA-TRISPE,Repurchase Agreements: Equities - Triparty (excluding GCF) - Sponsored General Collateral - Overnight and Continuing
413,SBN2024,PDSORA-TRISPETAL30,Repurchase Agreements: Equities - Triparty (excluding GCF) - Sponsored General Collateral - Term Agreements (less than 30 days)
414,SBN2024,PDSORA-TRISPETAG30,Repurchase Agreements: Equities - Triparty (excluding GCF) - Sponsored General Collateral - Term Agreements (30 days or greater)
415,SBN2024,PDSORA-UBGE,"Repurchase Agreements: Equities - Uncleared Bilateral, General - Overnight and Continuing"
416,SBN2024,PDSORA-UBGETAL30,"Repurchase Agreements: Equities - Uncleared Bilateral, General - Term Agreements (less than 30 days)"
417,SBN2024,PDSORA-UBGETAG30,"Repurchase Agreements: Equities - Uncleared Bilateral, General - Term Agreements (30 days or greater)"
418,SBN2024,PDSORA-UBSE,"Repurchase Agreements: Equities - Uncleared Bilateral, Specified - Overnight and Continuing"
419,SBN2024,PDSORA-UBSETAL30,"Repurchase Agreements: Equities - Uncleared Bilateral, Specified - Term Agreements (less than 30 days)"
420,SBN2024,PDSORA-UBSETAG30,"Repurchase Agreements: Equities - Uncleared Bilateral, Specified - Term Agreements (30 days or greater)"
421,SBN2024,PDSORA-CBGFGCM,"Repurchase Agreements: Federal Agency and GSE CMBS - Cleared Bilateral, General - Overnight and Continuing"
422,SBN2024,PDSORA-CBGFGCMTAL30,"Repurchase Agreements: Federal Agency and GSE CMBS - Cleared Bilateral, General - Term Agreements (less than 30 days)"
423,SBN2024,PDSORA-CBGFGCMTAG30,"Repurchase Agreements: Federal Agency and GSE CMBS - Cleared Bilateral, General - Term Agreements (30 days or greater)"
424,SBN2024,PDSORA-CBSFGCM,"Repurchase Agreements: Federal Agency and GSE CMBS - Cleared Bilateral, Specified - Overnight and Continuing"
425,SBN2024,PDSORA-CBSFGCMTAL30,"Repurchase Agreements: Federal Agency and GSE CMBS - Cleared Bilateral, Specified - Term Agreements (less than 30 days)"
426,SBN2024,PDSORA-CBSFGCMTAG30,"Repurchase Agreements: Federal Agency and GSE CMBS - Cleared Bilateral, Specified - Term Agreements (30 days or greater)"
427,SBN2024,PDSORA-CBSPFGCM,"Repurchase Agreements: Federal Agency and GSE CMBS - Cleared Bilateral, Sponsored - Overnight and Continuing"
428,SBN2024,PDSORA-CBSPFGCMTAL30,"Repurchase Agreements: Federal Agency and GSE CMBS - Cleared Bilateral, Sponsored - Term Agreements (less than 30 days)"
429,SBN2024,PDSORA-CBSPFGCMTAG30,"Repurchase Agreements: Federal Agency and GSE CMBS - Cleared Bilateral, Sponsored - Term Agreements (30 days or greater)"
430,SBN2024,PDSORA-GCFFGCM,Repurchase Agreements: Federal Agency and GSE CMBS - GCF - Overnight and Continuing
431,SBN2024,PDSORA-GCFFGCMTAL30,Repurchase Agreements: Federal Agency and GSE CMBS - GCF - Term Agreements (less than 30 days)
432,SBN2024,PDSORA-GCFFGCMTAG30,Repurchase Agreements: Federal Agency and GSE CMBS - GCF - Term Agreements (30 days or greater)
433,SBN2024,PDSORA-TRIGFGCM,Repurchase Agreements: Federal Agency and GSE CMBS - Triparty (excluding GCF) - General Collateral - Overnight and Continuing
434,SBN2024,PDSORA-TRIGFGCMTAL30,Repurchase Agreements: Federal Agency and GSE CMBS - Triparty (excluding GCF) - General Collateral - Term Agreements (less than 30 days)
435,SBN2024,PDSORA-TRIGFGCMTAG30,Repurchase Agreements: Federal Agency and GSE CMBS - Triparty (excluding GCF) - General Collateral - Term Agreements (30 days or greater)
436,SBN2024,PDSORA-TRISPFGCM,Repurchase Agreements: Federal Agency and GSE CMBS - Triparty (excluding GCF) - Sponsored General Collateral - Overnight and Continuing
437,SBN2024,PDSORA-TRISPFGCMTAL30,Repurchase Agreements: Federal Agency and GSE CMBS - Triparty (excluding GCF) - Sponsored General Collateral - Term Agreements (less than 30 days)
438,SBN2024,PDSORA-TRISPFGCMTAG30,Repurchase Agreements: Federal Agency and GSE CMBS - Triparty (excluding GCF) - Sponsored General Collateral - Term Agreements (30 days or greater)
439,SBN2024,PDSORA-UBGFGCM,"Repurchase Agreements: Federal Agency and GSE CMBS - Uncleared Bilateral, General - Overnight and Continuing"
440,SBN2024,PDSORA-UBGFGCMTAL30,"Repurchase Agreements: Federal Agency and GSE CMBS - Uncleared Bilateral, General - Term Agreements (less than 30 days)"
441,SBN2024,PDSORA-UBGFGCMTAG30,"Repurchase Agreements: Federal Agency and GSE CMBS - Uncleared Bilateral, General - Term Agreements (30 days or greater)"
442,SBN2024,PDSORA-UBSFGCM,"Repurchase Agreements: Federal Agency and GSE CMBS - Uncleared Bilateral, Specified - Overnight and Continuing"
443,SBN2024,PDSORA-UBSFGCMTAL30,"Repurchase Agreements: Federal Agency and GSE CMBS - Uncleared Bilateral, Specified - Term Agreements (less than 30 days)"
444,SBN2024,PDSORA-UBSFGCMTAG30,"Repurchase Agreements: Federal Agency and GSE CMBS - Uncleared Bilateral, Specified - Term Agreements (30 days or greater)"
445,SBN2024,PDSORA-CBGFGM,"Repurchase Agreements: Federal Agency and GSE Residential MBS - Cleared Bilateral, General - Overnight and Continuing"
446,SBN2024,PDSORA-CBGFGMTAL30,"Repurchase Agreements: Federal Agency and GSE Residential MBS - Cleared Bilateral, General - Term Agreements (less than 30 days)"
447,SBN2024,PDSORA-CBGFGMTAG30,"Repurchase Agreements: Federal Agency and GSE Residential MBS - Cleared Bilateral, General - Term Agreements (30 days or greater)"
448,SBN2024,PDSORA-CBSFGM,"Repurchase Agreements: Federal Agency and GSE Residential MBS - Cleared Bilateral, Specified - Overnight and Continuing"
449,SBN2024,PDSORA-CBSFGMTAL30,"Repurchase Agreements: Federal Agency and GSE Residential MBS - Cleared Bilateral, Specified - Term Agreements (less than 30 days)"
450,SBN2024,PDSORA-CBSFGMTAG30,"Repurchase Agreements: Federal Agency and GSE Residential MBS - Cleared Bilateral, Specified - Term Agreements (30 days or greater)"
451,SBN2024,PDSORA-CBSPFGM,"Repurchase Agreements: Federal Agency and GSE Residential MBS - Cleared Bilateral, Sponsored - Overnight and Continuing"
452,SBN2024,PDSORA-CBSPFGMTAL30,"Repurchase Agreements: Federal Agency and GSE Residential MBS - Cleared Bilateral, Sponsored - Term Agreements (less than 30 days)"
453,SBN2024,PDSORA-CBSPFGMTAG30,"Repurchase Agreements: Federal Agency and GSE Residential MBS - Cleared Bilateral, Sponsored - Term Agreements (30 days or greater)"
454,SBN2024,PDSORA-GCFFGM,Repurchase Agreements: Federal Agency and GSE Residential MBS - GCF - Overnight and Continuing
455,SBN2024,PDSORA-GCFFGMTAL30,Repurchase Agreements: Federal Agency and GSE Residential MBS - GCF - Term Agreements (less than 30 days)
456,SBN2024,PDSORA-GCFFGMTAG30,Repurchase Agreements: Federal Agency and GSE Residential MBS - GCF - Term Agreements (30 days or greater)
457,SBN2024,PDSORA-TRIGFGM,Repurchase Agreements: Federal Agency and GSE Residential MBS - Triparty (excluding GCF) - General Collateral - Overnight and Continuing
458,SBN2024,PDSORA-TRIGFGMTAL30,Repurchase Agreements: Federal Agency and GSE Residential MBS - Triparty (excluding GCF) - General Collateral - Term Agreements (less than 30 days)
459,SBN2024,PDSORA-TRIGFGMTAG30,Repurchase Agreements: Federal Agency and GSE Residential MBS - Triparty (excluding GCF) - General Collateral - Term Agreements (30 days or greater)
460,SBN2024,PDSORA-TRISPFGM,Repurchase Agreements: Federal Agency and GSE Residential MBS - Triparty (excluding GCF) - Sponsored General Collateral - Overnight and Continuing
461,SBN2024,PDSORA-TRISPFGMTAL30,Repurchase Agreements: Federal Agency and GSE Residential MBS - Triparty (excluding GCF) - Sponsored General Collateral - Term Agreements (less than 30 days)
462,SBN2024,PDSORA-TRISPFGMTAG30,Repurchase Agreements: Federal Agency and GSE Residential MBS - Triparty (excluding GCF) - Sponsored General Collateral - Term Agreements (30 days or greater)
463,SBN2024,PDSORA-UBGFGM,"Repurchase Agreements: Federal Agency and GSE Residential MBS - Uncleared Bilateral, General - Overnight and Continuing"
464,SBN2024,PDSORA-UBGFGMTAL30,"Repurchase Agreements: Federal Agency and GSE Residential MBS - Uncleared Bilateral, General - Term Agreements (less than 30 days)"
465,SBN2024,PDSORA-UBGFGMTAG30,"Repurchase Agreements: Federal Agency and GSE Residential MBS - Uncleared Bilateral, General - Term Agreements (30 days or greater)"
466,SBN2024,PDSORA-UBSFGM,"Repurchase Agreements: Federal Agency and GSE Residential MBS - Uncleared Bilateral, Specified - Overnight and Continuing"
467,SBN2024,PDSORA-UBSFGMTAL30,"Repurchase Agreements: Federal Agency and GSE Residential MBS - Uncleared Bilateral, Specified - Term Agreements (less than 30 days)"
468,SBN2024,PDSORA-UBSFGMTAG30,"Repurchase Agreements: Federal Agency and GSE Residential MBS - Uncleared Bilateral, Specified - Term Agreements (30 days or greater)"
469,SBN2024,PDSORA-CBGFGEM,"Repurchase Agreements: Federal Agency and GSE Securities (excluding MBS) - Cleared Bilateral, General - Overnight and Continuing"
470,SBN2024,PDSORA-CBGFGEMTAL30,"Repurchase Agreements: Federal Agency and GSE Securities (excluding MBS) - Cleared Bilateral, General - Term Agreements (less than 30 days)"
471,SBN2024,PDSORA-CBGFGEMTAG30,"Repurchase Agreements: Federal Agency and GSE Securities (excluding MBS) - Cleared Bilateral, General - Term Agreements (30 days or greater)"
472,SBN2024,PDSORA-CBSFGEM,"Repurchase Agreements: Federal Agency and GSE Securities (excluding MBS) - Cleared Bilateral, Specified - Overnight and Continuing"
473,SBN2024,PDSORA-CBSFGEMTAL30,"Repurchase Agreements: Federal Agency and GSE Securities (excluding MBS) - Cleared Bilateral, Specified - Term Agreements (less than 30 days)"
474,SBN2024,PDSORA-CBSFGEMTAG30,"Repurchase Agreements: Federal Agency and GSE Securities (excluding MBS) - Cleared Bilateral, Specified - Term Agreements (30 days or greater)"
475,SBN2024,PDSORA-CBSPFGEM,"Repurchase Agreements: Federal Agency and GSE Securities (excluding MBS) - Cleared Bilateral, Sponsored - Overnight and Continuing"
476,SBN2024,PDSORA-CBSPFGEMTAL30,"Repurchase Agreements: Federal Agency and GSE Securities (excluding MBS) - Cleared Bilateral, Sponsored - Term Agreements (less than 30 days)"
477,SBN2024,PDSORA-CBSPFGEMTAG30,"Repurchase Agreements: Federal Agency and GSE Securities (excluding MBS) - Cleared Bilateral, Sponsored - Term Agreements (30 days or greater)"
478,SBN2024,PDSORA-GCFFGEM,Repurchase Agreements: Federal Agency and GSE Securities (excluding MBS) - GCF - Overnight and Continuing
479,SBN2024,PDSORA-GCFFGEMTAL30,Repurchase Agreements: Federal Agency and GSE Securities (excluding MBS) - GCF - Term Agreements (less than 30 days)
480,SBN2024,PDSORA-GCFFGEMTAG30,Repurchase Agreements: Federal Agency and GSE Securities (excluding MBS) - GCF - Term Agreements (30 days or greater)
481,SBN2024,PDSORA-TRIGFGEM,Repurchase Agreements: Federal Agency and GSE Securities (excluding MBS) - Triparty (excluding GCF) - General Collateral - Overnight and Continuing
482,SBN2024,PDSORA-TRIGFGEMTAL30,Repurchase Agreements: Federal Agency and GSE Securities (excluding MBS) - Triparty (excluding GCF) - General Collateral - Term Agreements (less than 30 days)
483,SBN2024,PDSORA-TRIGFGEMTAG30,Repurchase Agreements: Federal Agency and GSE Securities (excluding MBS) - Triparty (excluding GCF) - General Collateral - Term Agreements (30 days or greater)
484,SBN2024,PDSORA-TRISPFGEM,Repurchase Agreements: Federal Agency and GSE Securities (excluding MBS) - Triparty (excluding GCF) - Sponsored General Collateral - Overnight and Continuing
485,SBN2024,PDSORA-TRISPFGEMTAL30,Repurchase Agreements: Federal Agency and GSE Securities (excluding MBS) - Triparty (excluding GCF) - Sponsored General Collateral - Term Agreements (less than 30 days)
486,SBN2024,PDSORA-TRISPFGEMTAG30,Repurchase Agreements: Federal Agency and GSE Securities (excluding MBS) - Triparty (excluding GCF) - Sponsored General Collateral - Term Agreements (30 days or greater)
487,SBN2024,PDSORA-UBGFGEM,"Repurchase Agreements: Federal Agency and GSE Securities (excluding MBS) - Uncleared Bilateral, General - Overnight and Continuing"
488,SBN2024,PDSORA-UBGFGEMTAL30,"Repurchase Agreements: Federal Agency and GSE Securities (excluding MBS) - Uncleared Bilateral, General - Term Agreements (less than 30 days)"
489,SBN2024,PDSORA-UBGFGEMTAG30,"Repurchase Agreements: Federal Agency and GSE Securities (excluding MBS) - Uncleared Bilateral, General - Term Agreements (30 days or greater)"
490,SBN2024,PDSORA-UBSFGEM,"Repurchase Agreements: Federal Agency and GSE Securities (excluding MBS) - Uncleared Bilateral, Specified - Overnight and Continuing"
491,SBN2024,PDSORA-UBSFGEMTAL30,"Repurchase Agreements: Federal Agency and GSE Securities (excluding MBS) - Uncleared Bilateral, Specified - Term Agreements (less than 30 days)"
492,SBN2024,PDSORA-UBSFGEMTAG30,"Repurchase Agreements: Federal Agency and GSE Securities (excluding MBS) - Uncleared Bilateral, Specified - Term Agreements (30 days or greater)"
493,SBN2024,PDSORA-CBGO,"Repurchase Agreements: Other - Cleared Bilateral, General - Overnight and Continuing"
494,SBN2024,PDSORA-CBGOTAL30,"Repurchase Agreements: Other - Cleared Bilateral, General - Term Agreements (less than 30 days)"
495,SBN2024,PDSORA-CBGOTAG30,"Repurchase Agreements: Other - Cleared Bilateral, General - Term Agreements (30 days or greater)"
496,SBN2024,PDSORA-CBSO,"Repurchase Agreements: Other - Cleared Bilateral, Specified - Overnight and Continuing"
497,SBN2024,PDSORA-CBSOTAL30,"Repurchase Agreements: Other - Cleared Bilateral, Specified - Term Agreements (less than 30 days)"
498,SBN2024,PDSORA-CBSOTAG30,"Repurchase Agreements: Other - Cleared Bilateral, Specified - Term Agreements (30 days or greater)"
499,SBN2024,PDSORA-CBSPO,"Repurchase Agreements: Other - Cleared Bilateral, Sponsored - Overnight and Continuing"
500,SBN2024,PDSORA-CBSPOTAL30,"Repurchase Agreements: Other - Cleared Bilateral, Sponsored - Term Agreements (less than 30 days)"
501,SBN2024,PDSORA-CBSPOTAG30,"Repurchase Agreements: Other - Cleared Bilateral, Sponsored - Term Agreements (30 days or greater)"
502,SBN2024,PDSORA-GCFO,Repurchase Agreements: Other - GCF - Overnight and Continuing
503,SBN2024,PDSORA-GCFOTAL30,Repurchase Agreements: Other - GCF - Term Agreements (less than 30 days)
504,SBN2024,PDSORA-GCFOTAG30,Repurchase Agreements: Other - GCF - Term Agreements (30 days or greater)
505,SBN2024,PDSORA-TRIGO,Repurchase Agreements: Other - Triparty (excluding GCF) - General Collateral - Overnight and Continuing
506,SBN2024,PDSORA-TRIGOTAL30,Repurchase Agreements: Other - Triparty (excluding GCF) - General Collateral - Term Agreements (less than 30 days)
507,SBN2024,PDSORA-TRIGOTAG30,Repurchase Agreements: Other - Triparty (excluding GCF) - General Collateral - Term Agreements (30 days or greater)
508,SBN2024,PDSORA-TRISPO,Repurchase Agreements: Other - Triparty (excluding GCF) - Sponsored General Collateral - Overnight and Continuing
509,SBN2024,PDSORA-TRISPOTAL30,Repurchase Agreements: Other - Triparty (excluding GCF) - Sponsored General Collateral - Term Agreements (less than 30 days)
510,SBN2024,PDSORA-TRISPOTAG30,Repurchase Agreements: Other - Triparty (excluding GCF) - Sponsored General Collateral - Term Agreements (30 days or greater)
511,SBN2024,PDSORA-UBGO,"Repurchase Agreements: Other - Uncleared Bilateral, General - Overnight and Continuing"
512,SBN2024,PDSORA-UBGOTAL30,"Repurchase Agreements: Other - Uncleared Bilateral, General - Term Agreements (less than 30 days)"
513,SBN2024,PDSORA-UBGOTAG30,"Repurchase Agreements: Other - Uncleared Bilateral, General - Term Agreements (30 days or greater)"
514,SBN2024,PDSORA-UBSO,"Repurchase Agreements: Other - Uncleared Bilateral, Specified - Overnight and Continuing"
515,SBN2024,PDSORA-UBSOTAL30,"Repurchase Agreements: Other - Uncleared Bilateral, Specified - Term Agreements (less than 30 days)"
516,SBN2024,PDSORA-UBSOTAG30,"Repurchase Agreements: Other - Uncleared Bilateral, Specified - Term Agreements (30 days or greater)"
517,SBN2024,PDSORA-CBGUTST,"Repurchase Agreements: U.S. Treasury Inflation-Protected Securities (TIPS) - Cleared Bilateral, General - Overnight and Continuing"
518,SBN2024,PDSORA-CBGUTSTTAL30,"Repurchase Agreements: U.S. Treasury Inflation-Protected Securities (TIPS) - Cleared Bilateral, General - Term Agreements (less than 30 days)"
519,SBN2024,PDSORA-CBGUTSTTAG30,"Repurchase Agreements: U.S. Treasury Inflation-Protected Securities (TIPS) - Cleared Bilateral, General - Term Agreements (30 days or greater)"
520,SBN2024,PDSORA-CBSUTST,"Repurchase Agreements: U.S. Treasury Inflation-Protected Securities (TIPS) - Cleared Bilateral, Specified - Overnight and Continuing"
521,SBN2024,PDSORA-CBSUTSTTAL30,"Repurchase Agreements: U.S. Treasury Inflation-Protected Securities (TIPS) - Cleared Bilateral, Specified - Term Agreements (less than 30 days)"
522,SBN2024,PDSORA-CBSUTSTTAG30,"Repurchase Agreements: U.S. Treasury Inflation-Protected Securities (TIPS) - Cleared Bilateral, Specified - Term Agreements (30 days or greater)"
523,SBN2024,PDSORA-CBSPUTST,"Repurchase Agreements: U.S. Treasury Inflation-Protected Securities (TIPS) - Cleared Bilateral, Sponsored - Overnight and Continuing"
524,SBN2024,PDSORA-CBSPUTSTTAL30,"Repurchase Agreements: U.S. Treasury Inflation-Protected Securities (TIPS) - Cleared Bilateral, Sponsored - Term Agreements (less than 30 days)"
525,SBN2024,PDSORA-CBSPUTSTTAG30,"Repurchase Agreements: U.S. Treasury Inflation-Protected Securities (TIPS) - Cleared Bilateral, Sponsored - Term Agreements (30 days or greater)"
526,SBN2024,PDSORA-GCFUTST,Repurchase Agreements: U.S. Treasury Inflation-Protected Securities (TIPS) - GCF - Overnight and Continuing
527,SBN2024,PDSORA-GCFUTSTTAL30,Repurchase Agreements: U.S. Treasury Inflation-Protected Securities (TIPS) - GCF - Term Agreements (less than 30 days)
528,SBN2024,PDSORA-GCFUTSTTAG30,Repurchase Agreements: U.S. Treasury Inflation-Protected Securities (TIPS) - GCF - Term Agreements (30 days or greater)
529,SBN2024,PDSORA-TRIGUTST,Repurchase Agreements: U.S. Treasury Inflation-Protected Securities (TIPS) - Triparty (excluding GCF) - General Collateral - Overnight and Continuing
530,SBN2024,PDSORA-TRIGUTSTTAL30,Repurchase Agreements: U.S. Treasury Inflation-Protected Securities (TIPS) - Triparty (excluding GCF) - General Collateral - Term Agreements (less than 30 days)
531,SBN2024,PDSORA-TRIGUTSTTAG30,Repurchase Agreements: U.S. Treasury Inflation-Protected Securities (TIPS) - Triparty (excluding GCF) - General Collateral - Term Agreements (30 days or greater)
532,SBN2024,PDSORA-TRISPUTST,Repurchase Agreements: U.S. Treasury Inflation-Protected Securities (TIPS) - Triparty (excluding GCF) - Sponsored General Collateral - Overnight and Continuing
533,SBN2024,PDSORA-TRISPUTSTTAL30,Repurchase Agreements: U.S. Treasury Inflation-Protected Securities (TIPS) - Triparty (excluding GCF) - Sponsored General Collateral - Term Agreements (less than 30 days)
534,SBN2024,PDSORA-TRISPUTSTTAG30,Repurchase Agreements: U.S. Treasury Inflation-Protected Securities (TIPS) - Triparty (excluding GCF) - Sponsored General Collateral - Term Agreements (30 days or greater)
535,SBN2024,PDSORA-UBGUTST,"Repurchase Agreements: U.S. Treasury Inflation-Protected Securities (TIPS) - Uncleared Bilateral, General - Overnight and Continuing"
536,SBN2024,PDSORA-UBGUTSTTAL30,"Repurchase Agreements: U.S. Treasury Inflation-Protected Securities (TIPS) - Uncleared Bilateral, General - Term Agreements (less than 30 days)"
537,SBN2024,PDSORA-UBGUTSTTAG30,"Repurchase Agreements: U.S. Treasury Inflation-Protected Securities (TIPS) - Uncleared Bilateral, General - Term Agreements (30 days or greater)"
538,SBN2024,PDSORA-UBSUTST,"Repurchase Agreements: U.S. Treasury Inflation-Protected Securities (TIPS) - Uncleared Bilateral, Specified - Overnight and Continuing"
539,SBN2024,PDSORA-UBSUTSTTAL30,"Repurchase Agreements: U.S. Treasury Inflation-Protected Securities (TIPS) - Uncleared Bilateral, Specified - Term Agreements (less than 30 days)"
540,SBN2024,PDSORA-UBSUTSTTAG30,"Repurchase Agreements: U.S. Treasury Inflation-Protected Securities (TIPS) - Uncleared Bilateral, Specified - Term Agreements (30 days or greater)"
541,SBN2024,PDSORA-CBGUTSET,"Repurchase Agreements: U.S. Treasury securities (excluding TIPS) - Cleared Bilateral, General - Overnight and Continuing"
542,SBN2024,PDSORA-CBGUTSETTAL30,"Repurchase Agreements: U.S. Treasury securities (excluding TIPS) - Cleared Bilateral, General - Term Agreements (less than 30 days)"
543,SBN2024,PDSORA-CBGUTSETTAG30,"Repurchase Agreements: U.S. Treasury securities (excluding TIPS) - Cleared Bilateral, General - Term Agreements (30 days or greater)"
544,SBN2024,PDSORA-CBSUTSET,"Repurchase Agreements: U.S. Treasury securities (excluding TIPS) - Cleared Bilateral, Specified - Overnight and Continuing"
545,SBN2024,PDSORA-CBSUTSETTAL30,"Repurchase Agreements: U.S. Treasury securities (excluding TIPS) - Cleared Bilateral, Specified - Term Agreements (less than 30 days)"
546,SBN2024,PDSORA-CBSUTSETTAG30,"Repurchase Agreements: U.S. Treasury securities (excluding TIPS) - Cleared Bilateral, Specified - Term Agreements (30 days or greater)"
547,SBN2024,PDSORA-CBSPUTSET,"Repurchase Agreements: U.S. Treasury securities (excluding TIPS) - Cleared Bilateral, Sponsored - Overnight and Continuing"
548,SBN2024,PDSORA-CBSPUTSETTAL30,"Repurchase Agreements: U.S. Treasury securities (excluding TIPS) - Cleared Bilateral, Sponsored - Term Agreements (less than 30 days)"
549,SBN2024,PDSORA-CBSPUTSETTAG30,"Repurchase Agreements: U.S. Treasury securities (excluding TIPS) - Cleared Bilateral, Sponsored - Term Agreements (30 days or greater)"
550,SBN2024,PDSORA-GCFUTSET,Repurchase Agreements: U.S. Treasury securities (excluding TIPS) - GCF - Overnight and Continuing
551,SBN2024,PDSORA-GCFUTSETTAL30,Repurchase Agreements: U.S. Treasury securities (excluding TIPS) - GCF - Term Agreements (less than 30 days)
552,SBN2024,PDSORA-GCFUTSETTAG30,Repurchase Agreements: U.S. Treasury securities (excluding TIPS) - GCF - Term Agreements (30 days or greater)
553,SBN2024,PDSORA-TRIGUTSET,Repurchase Agreements: U.S. Treasury securities (excluding TIPS) - Triparty (excluding GCF) - General Collateral - Overnight and Continuing
554,SBN2024,PDSORA-TRIGUTSETTAL30,Repurchase Agreements: U.S. Treasury securities (excluding TIPS) - Triparty (excluding GCF) - General Collateral - Term Agreements (less than 30 days)
555,SBN2024,PDSORA-TRIGUTSETTAG30,Repurchase Agreements: U.S. Treasury securities (excluding TIPS) - Triparty (excluding GCF) - General Collateral - Term Agreements (30 days or greater)
556,SBN2024,PDSORA-TRISPUTSET,Repurchase Agreements: U.S. Treasury securities (excluding TIPS) - Triparty (excluding GCF) - Sponsored General Collateral - Overnight and Continuing
557,SBN2024,PDSORA-TRISPUTSETTAL30,Repurchase Agreements: U.S. Treasury securities (excluding TIPS) - Triparty (excluding GCF) - Sponsored General Collateral - Term Agreements (less than 30 days)
558,SBN2024,PDSORA-TRISPUTSETTAG30,Repurchase Agreements: U.S. Treasury securities (excluding TIPS) - Triparty (excluding GCF) - Sponsored General Collateral - Term Agreements (30 days or greater)
559,SBN2024,PDSORA-UBGUTSET,"Repurchase Agreements: U.S. Treasury securities (excluding TIPS) - Uncleared Bilateral, General - Overnight and Continuing"
560,SBN2024,PDSORA-UBGUTSETTAL30,"Repurchase Agreements: U.S. Treasury securities (excluding TIPS) - Uncleared Bilateral, General - Term Agreements (less than 30 days)"
561,SBN2024,PDSORA-UBGUTSETTAG30,"Repurchase Agreements: U.S. Treasury securities (excluding TIPS) - Uncleared Bilateral, General - Term Agreements (30 days or greater)"
562,SBN2024,PDSORA-UBSUTSET,"Repurchase Agreements: U.S. Treasury securities (excluding TIPS) - Uncleared Bilateral, Specified - Overnight and Continuing"
563,SBN2024,PDSORA-UBSUTSETTAL30,"Repurchase Agreements: U.S. Treasury securities (excluding TIPS) - Uncleared Bilateral, Specified - Term Agreements (less than 30 days)"
564,SBN2024,PDSORA-UBSUTSETTAG30,"Repurchase Agreements: U.S. Treasury securities (excluding TIPS) - Uncleared Bilateral, Specified - Term Agreements (30 days or greater)"
565,SBN2024,PDSIRRA-CBGABS,"Reverse Repurchase Agreements: Asset-backed securities - Cleared Bilateral, General - Overnight and Continuing"
566,SBN2024,PDSIRRA-CBGABSTAL30,"Reverse Repurchase Agreements: Asset-backed securities - Cleared Bilateral, General - Term Agreements (less than 30 days)"
567,SBN2024,PDSIRRA-CBGABSTAG30,"Reverse Repurchase Agreements: Asset-backed securities - Cleared Bilateral, General - Term Agreements (30 days or greater)"
568,SBN2024,PDSIRRA-CBSABS,"Reverse Repurchase Agreements: Asset-backed securities - Cleared Bilateral, Specified - Overnight and Continuing"
569,SBN2024,PDSIRRA-CBSABSTAL30,"Reverse Repurchase Agreements: Asset-backed securities - Cleared Bilateral, Specified - Term Agreements (less than 30 days)"
570,SBN2024,PDSIRRA-CBSABSTAG30,"Reverse Repurchase Agreements: Asset-backed securities - Cleared Bilateral, Specified - Term Agreements (30 days or greater)"
571,SBN2024,PDSIRRA-CBSPABS,"Reverse Repurchase Agreements: Asset-backed securities - Cleared Bilateral, Sponsored - Overnight and Continuing"
572,SBN2024,PDSIRRA-CBSPABSTAL30,"Reverse Repurchase Agreements: Asset-backed securities - Cleared Bilateral, Sponsored - Term Agreements (less than 30 days)"
573,SBN2024,PDSIRRA-CBSPABSTAG30,"Reverse Repurchase Agreements: Asset-backed securities - Cleared Bilateral, Sponsored - Term Agreements (30 days or greater)"
574,SBN2024,PDSIRRA-GCFABS,Reverse Repurchase Agreements: Asset-backed securities - GCF - Overnight and Continuing
575,SBN2024,PDSIRRA-GCFABSTAL30,Reverse Repurchase Agreements: Asset-backed securities - GCF - Term Agreements (less than 30 days)
576,SBN2024,PDSIRRA-GCFABSTAG30,Reverse Repurchase Agreements: Asset-backed securities - GCF - Term Agreements (30 days or greater)
577,SBN2024,PDSIRRA-TRIGABS,Reverse Repurchase Agreements: Asset-backed securities - Triparty (excluding GCF) - General Collateral - Overnight and Continuing
578,SBN2024,PDSIRRA-TRIGABSTAL30,Reverse Repurchase Agreements: Asset-backed securities - Triparty (excluding GCF) - General Collateral - Term Agreements (less than 30 days)
579,SBN2024,PDSIRRA-TRIGABSTAG30,Reverse Repurchase Agreements: Asset-backed securities - Triparty (excluding GCF) - General Collateral - Term Agreements (30 days or greater)
580,SBN2024,PDSIRRA-TRISPABS,Reverse Repurchase Agreements: Asset-backed securities - Triparty (excluding GCF) - Sponsored General Collateral - Overnight and Continuing
581,SBN2024,PDSIRRA-TRISPABSTAL30,Reverse Repurchase Agreements: Asset-backed securities - Triparty (excluding GCF) - Sponsored General Collateral - Term Agreements (less than 30 days)
582,SBN2024,PDSIRRA-TRISPABSTAG30,Reverse Repurchase Agreements: Asset-backed securities - Triparty (excluding GCF) - Sponsored General Collateral - Term Agreements (30 days or greater)
583,SBN2024,PDSIRRA-UBGABS,"Reverse Repurchase Agreements: Asset-backed securities - Uncleared Bilateral, General - Overnight and Continuing"
584,SBN2024,PDSIRRA-UBGABSTAL30,"Reverse Repurchase Agreements: Asset-backed securities - Uncleared Bilateral, General - Term Agreements (less than 30 days)"
585,SBN2024,PDSIRRA-UBGABSTAG30,"Reverse Repurchase Agreements: Asset-backed securities - Uncleared Bilateral, General - Term Agreements (30 days or greater)"
586,SBN2024,PDSIRRA-UBSABS,"Reverse Repurchase Agreements: Asset-backed securities - Uncleared Bilateral, Specified - Overnight and Continuing"
587,SBN2024,PDSIRRA-UBSABSTAL30,"Reverse Repurchase Agreements: Asset-backed securities - Uncleared Bilateral, Specified - Term Agreements (less than 30 days)"
588,SBN2024,PDSIRRA-UBSABSTAG30,"Reverse Repurchase Agreements: Asset-backed securities - Uncleared Bilateral, Specified - Term Agreements (30 days or greater)"
589,SBN2024,PDSIRRA-CBGCD,"Reverse Repurchase Agreements: Corporate Debt - Cleared Bilateral, General - Overnight and Continuing"
590,SBN2024,PDSIRRA-CBGCDTAL30,"Reverse Repurchase Agreements: Corporate Debt - Cleared Bilateral, General - Term Agreements (less than 30 days)"
591,SBN2024,PDSIRRA-CBGCDTAG30,"Reverse Repurchase Agreements: Corporate Debt - Cleared Bilateral, General - Term Agreements (30 days or greater)"
592,SBN2024,PDSIRRA-CBSCD,"Reverse Repurchase Agreements: Corporate Debt - Cleared Bilateral, Specified - Overnight and Continuing"
593,SBN2024,PDSIRRA-CBSCDTAL30,"Reverse Repurchase Agreements: Corporate Debt - Cleared Bilateral, Specified - Term Agreements (less than 30 days)"
594,SBN2024,PDSIRRA-CBSCDTAG30,"Reverse Repurchase Agreements: Corporate Debt - Cleared Bilateral, Specified - Term Agreements (30 days or greater)"
595,SBN2024,PDSIRRA-CBSPCD,"Reverse Repurchase Agreements: Corporate Debt - Cleared Bilateral, Sponsored - Overnight and Continuing"
596,SBN2024,PDSIRRA-CBSPCDTAL30,"Reverse Repurchase Agreements: Corporate Debt - Cleared Bilateral, Sponsored - Term Agreements (less than 30 days)"
597,SBN2024,PDSIRRA-CBSPCDTAG30,"Reverse Repurchase Agreements: Corporate Debt - Cleared Bilateral, Sponsored - Term Agreements (30 days or greater)"
598,SBN2024,PDSIRRA-GCFCD,Reverse Repurchase Agreements: Corporate Debt - GCF - Overnight and Continuing
599,SBN2024,PDSIRRA-GCFCDTAL30,Reverse Repurchase Agreements: Corporate Debt - GCF - Term Agreements (less than 30 days)
600,SBN2024,PDSIRRA-GCFCDTAG30,Reverse Repurchase Agreements: Corporate Debt - GCF - Term Agreements (30 days or greater)
601,SBN2024,PDSIRRA-TRIGCD,Reverse Repurchase Agreements: Corporate Debt - Triparty (excluding GCF) - General Collateral - Overnight and Continuing
602,SBN2024,PDSIRRA-TRIGCDTAL30,Reverse Repurchase Agreements: Corporate Debt - Triparty (excluding GCF) - General Collateral - Term Agreements (less than 30 days)
603,SBN2024,PDSIRRA-TRIGCDTAG30,Reverse Repurchase Agreements: Corporate Debt - Triparty (excluding GCF) - General Collateral - Term Agreements (30 days or greater)
604,SBN2024,PDSIRRA-TRISPCD,Reverse Repurchase Agreements: Corporate Debt - Triparty (excluding GCF) - Sponsored General Collateral - Overnight and Continuing
605,SBN2024,PDSIRRA-TRISPCDTAL30,Reverse Repurchase Agreements: Corporate Debt - Triparty (excluding GCF) - Sponsored General Collateral - Term Agreements (less than 30 days)
606,SBN2024,PDSIRRA-TRISPCDTAG30,Reverse Repurchase Agreements: Corporate Debt - Triparty (excluding GCF) - Sponsored General Collateral - Term Agreements (30 days or greater)
607,SBN2024,PDSIRRA-UBGCD,"Reverse Repurchase Agreements: Corporate Debt - Uncleared Bilateral, General - Overnight and Continuing"
608,SBN2024,PDSIRRA-UBGCDTAL30,"Reverse Repurchase Agreements: Corporate Debt - Uncleared Bilateral, General - Term Agreements (less than 30 days)"
609,SBN2024,PDSIRRA-UBGCDTAG30,"Reverse Repurchase Agreements: Corporate Debt - Uncleared Bilateral, General - Term Agreements (30 days or greater)"
610,SBN2024,PDSIRRA-UBSCD,"Reverse Repurchase Agreements: Corporate Debt - Uncleared Bilateral, Specified - Overnight and Continuing"
611,SBN2024,PDSIRRA-UBSCDTAL30,"Reverse Repurchase Agreements: Corporate Debt - Uncleared Bilateral, Specified - Term Agreements (less than 30 days)"
612,SBN2024,PDSIRRA-UBSCDTAG30,"Reverse Repurchase Agreements: Corporate Debt - Uncleared Bilateral, Specified - Term Agreements (30 days or greater)"
613,SBN2024,PDSIRRA-CBGE,"Reverse Repurchase Agreements: Equities - Cleared Bilateral, General - Overnight and Continuing"
614,SBN2024,PDSIRRA-CBGETAL30,"Reverse Repurchase Agreements: Equities - Cleared Bilateral, General - Term Agreements (less than 30 days)"
615,SBN2024,PDSIRRA-CBGETAG30,"Reverse Repurchase Agreements: Equities - Cleared Bilateral, General - Term Agreements (30 days or greater)"
616,SBN2024,PDSIRRA-CBSE,"Reverse Repurchase Agreements: Equities - Cleared Bilateral, Specified - Overnight and Continuing"
617,SBN2024,PDSIRRA-CBSETAL30,"Reverse Repurchase Agreements: Equities - Cleared Bilateral, Specified - Term Agreements (less than 30 days)"
618,SBN2024,PDSIRRA-CBSETAG30,"Reverse Repurchase Agreements: Equities - Cleared Bilateral, Specified - Term Agreements (30 days or greater)"
619,SBN2024,PDSIRRA-CBSPE,"Reverse Repurchase Agreements: Equities - Cleared Bilateral, Sponsored - Overnight and Continuing"
620,SBN2024,PDSIRRA-CBSPETAG30,"Reverse Repurchase Agreements: Equities - Cleared Bilateral, Sponsored - Term Agreements (30 days or greater)"
621,SBN2024,PDSIRRA-GCFE,Reverse Repurchase Agreements: Equities - GCF - Overnight and Continuing
622,SBN2024,PDSIRRA-GCFETAL30,Reverse Repurchase Agreements: Equities - GCF - Term Agreements (less than 30 days)
623,SBN2024,PDSIRRA-CBSPETAL30,Reverse Repurchase Agreements: Equities - GCF - Term Agreements (30 days or greater)
624,SBN2024,PDSIRRA-GCFETAG30,Reverse Repurchase Agreements: Equities - GCF - Term Agreements (30 days or greater)
625,SBN2024,PDSIRRA-TRIGE,Reverse Repurchase Agreements: Equities - Triparty (excluding GCF) - General Collateral - Overnight and Continuing
626,SBN2024,PDSIRRA-TRIGETAL30,Reverse Repurchase Agreements: Equities - Triparty (excluding GCF) - General Collateral - Term Agreements (less than 30 days)
627,SBN2024,PDSIRRA-TRIGETAG30,Reverse Repurchase Agreements: Equities - Triparty (excluding GCF) - General Collateral - Term Agreements (30 days or greater)
628,SBN2024,PDSIRRA-TRISPE,Reverse Repurchase Agreements: Equities - Triparty (excluding GCF) - Sponsored General Collateral - Overnight and Continuing
629,SBN2024,PDSIRRA-TRISPETAL30,Reverse Repurchase Agreements: Equities - Triparty (excluding GCF) - Sponsored General Collateral - Term Agreements (less than 30 days)
630,SBN2024,PDSIRRA-TRISPETAG30,Reverse Repurchase Agreements: Equities - Triparty (excluding GCF) - Sponsored General Collateral - Term Agreements (30 days or greater)
631,SBN2024,PDSIRRA-UBGE,"Reverse Repurchase Agreements: Equities - Uncleared Bilateral, General - Overnight and Continuing"
632,SBN2024,PDSIRRA-UBGETAL30,"Reverse Repurchase Agreements: Equities - Uncleared Bilateral, General - Term Agreements (less than 30 days)"
633,SBN2024,PDSIRRA-UBGETAG30,"Reverse Repurchase Agreements: Equities - Uncleared Bilateral, General - Term Agreements (30 days or greater)"
634,SBN2024,PDSIRRA-UBSE,"Reverse Repurchase Agreements: Equities - Uncleared Bilateral, Specified - Overnight and Continuing"
635,SBN2024,PDSIRRA-UBSETAL30,"Reverse Repurchase Agreements: Equities - Uncleared Bilateral, Specified - Term Agreements (less than 30 days)"
636,SBN2024,PDSIRRA-UBSETAG30,"Reverse Repurchase Agreements: Equities - Uncleared Bilateral, Specified - Term Agreements (30 days or greater)"
637,SBN2024,PDSIRRA-CBGFGCM,"Reverse Repurchase Agreements: Federal Agency and GSE CMBS - Cleared Bilateral, General - Overnight and Continuing"
638,SBN2024,PDSIRRA-CBGFGCMTAL30,"Reverse Repurchase Agreements: Federal Agency and GSE CMBS - Cleared Bilateral, General - Term Agreements (less than 30 days)"
639,SBN2024,PDSIRRA-CBGFGCMTAG30,"Reverse Repurchase Agreements: Federal Agency and GSE CMBS - Cleared Bilateral, General - Term Agreements (30 days or greater)"
640,SBN2024,PDSIRRA-CBSFGCM,"Reverse Repurchase Agreements: Federal Agency and GSE CMBS - Cleared Bilateral, Specified - Overnight and Continuing"
641,SBN2024,PDSIRRA-CBSFGCMTAL30,"Reverse Repurchase Agreements: Federal Agency and GSE CMBS - Cleared Bilateral, Specified - Term Agreements (less than 30 days)"
642,SBN2024,PDSIRRA-CBSFGCMTAG30,"Reverse Repurchase Agreements: Federal Agency and GSE CMBS - Cleared Bilateral, Specified - Term Agreements (30 days or greater)"
643,SBN2024,PDSIRRA-CBSPFGCM,"Reverse Repurchase Agreements: Federal Agency and GSE CMBS - Cleared Bilateral, Sponsored - Overnight and Continuing"
644,SBN2024,PDSIRRA-CBSPFGCMTAL30,"Reverse Repurchase Agreements: Federal Agency and GSE CMBS - Cleared Bilateral, Sponsored - Term Agreements (less than 30 days)"
645,SBN2024,PDSIRRA-CBSPFGCMTAG30,"Reverse Repurchase Agreements: Federal Agency and GSE CMBS - Cleared Bilateral, Sponsored - Term Agreements (30 days or greater)"
646,SBN2024,PDSIRRA-GCFFGCM,Reverse Repurchase Agreements: Federal Agency and GSE CMBS - GCF - Overnight and Continuing
647,SBN2024,PDSIRRA-GCFFGCMTAL30,Reverse Repurchase Agreements: Federal Agency and GSE CMBS - GCF - Term Agreements (less than 30 days)
648,SBN2024,PDSIRRA-GCFFGCMTAG30,Reverse Repurchase Agreements: Federal Agency and GSE CMBS - GCF - Term Agreements (30 days or greater)
649,SBN2024,PDSIRRA-TRIGFGCM,Reverse Repurchase Agreements: Federal Agency and GSE CMBS - Triparty (excluding GCF) - General Collateral - Overnight and Continuing
650,SBN2024,PDSIRRA-TRIGFGCMTAL30,Reverse Repurchase Agreements: Federal Agency and GSE CMBS - Triparty (excluding GCF) - General Collateral - Term Agreements (less than 30 days)
651,SBN2024,PDSIRRA-TRIGFGCMTAG30,Reverse Repurchase Agreements: Federal Agency and GSE CMBS - Triparty (excluding GCF) - General Collateral - Term Agreements (30 days or greater)
652,SBN2024,PDSIRRA-TRISPFGCM,Reverse Repurchase Agreements: Federal Agency and GSE CMBS - Triparty (excluding GCF) - Sponsored General Collateral - Overnight and Continuing
653,SBN2024,PDSIRRA-TRISPFGCMTAL30,Reverse Repurchase Agreements: Federal Agency and GSE CMBS - Triparty (excluding GCF) - Sponsored General Collateral - Term Agreements (less than 30 days)
654,SBN2024,PDSIRRA-TRISPFGCMTAG30,Reverse Repurchase Agreements: Federal Agency and GSE CMBS - Triparty (excluding GCF) - Sponsored General Collateral - Term Agreements (30 days or greater)
655,SBN2024,PDSIRRA-UBGFGCM,"Reverse Repurchase Agreements: Federal Agency and GSE CMBS - Uncleared Bilateral, General - Overnight and Continuing"
656,SBN2024,PDSIRRA-UBGFGCMTAL30,"Reverse Repurchase Agreements: Federal Agency and GSE CMBS - Uncleared Bilateral, General - Term Agreements (less than 30 days)"
657,SBN2024,PDSIRRA-UBGFGCMTAG30,"Reverse Repurchase Agreements: Federal Agency and GSE CMBS - Uncleared Bilateral, General - Term Agreements (30 days or greater)"
658,SBN2024,PDSIRRA-UBSFGCM,"Reverse Repurchase Agreements: Federal Agency and GSE CMBS - Uncleared Bilateral, Specified - Overnight and Continuing"
659,SBN2024,PDSIRRA-UBSFGCMTAL30,"Reverse Repurchase Agreements: Federal Agency and GSE CMBS - Uncleared Bilateral, Specified - Term Agreements (less than 30 days)"
660,SBN2024,PDSIRRA-UBSFGCMTAG30,"Reverse Repurchase Agreements: Federal Agency and GSE CMBS - Uncleared Bilateral, Specified - Term Agreements (30 days or greater)"
661,SBN2024,PDSIRRA-CBGFGM,"Reverse Repurchase Agreements: Federal Agency and GSE Residential MBS - Cleared Bilateral, General - Overnight and Continuing"
662,SBN2024,PDSIRRA-CBGFGMTAL30,"Reverse Repurchase Agreements: Federal Agency and GSE Residential MBS - Cleared Bilateral, General - Term Agreements (less than 30 days)"
663,SBN2024,PDSIRRA-CBGFGMTAG30,"Reverse Repurchase Agreements: Federal Agency and GSE Residential MBS - Cleared Bilateral, General - Term Agreements (30 days or greater)"
664,SBN2024,PDSIRRA-CBSFGM,"Reverse Repurchase Agreements: Federal Agency and GSE Residential MBS - Cleared Bilateral, Specified - Overnight and Continuing"
665,SBN2024,PDSIRRA-CBSFGMTAL30,"Reverse Repurchase Agreements: Federal Agency and GSE Residential MBS - Cleared Bilateral, Specified - Term Agreements (less than 30 days)"
666,SBN2024,PDSIRRA-CBSFGMTAG30,"Reverse Repurchase Agreements: Federal Agency and GSE Residential MBS - Cleared Bilateral, Specified - Term Agreements (30 days or greater)"
667,SBN2024,PDSIRRA-CBSPFGM,"Reverse Repurchase Agreements: Federal Agency and GSE Residential MBS - Cleared Bilateral, Sponsored - Overnight and Continuing"
668,SBN2024,PDSIRRA-CBSPFGMTAL30,"Reverse Repurchase Agreements: Federal Agency and GSE Residential MBS - Cleared Bilateral, Sponsored - Term Agreements (less than 30 days)"
669,SBN2024,PDSIRRA-CBSPFGMTAG30,"Reverse Repurchase Agreements: Federal Agency and GSE Residential MBS - Cleared Bilateral, Sponsored - Term Agreements (30 days or greater)"
670,SBN2024,PDSIRRA-GCFFGM,Reverse Repurchase Agreements: Federal Agency and GSE Residential MBS - GCF - Overnight and Continuing
671,SBN2024,PDSIRRA-GCFFGMTAL30,Reverse Repurchase Agreements: Federal Agency and GSE Residential MBS - GCF - Term Agreements (less than 30 days)
672,SBN2024,PDSIRRA-GCFFGMTAG30,Reverse Repurchase Agreements: Federal Agency and GSE Residential MBS - GCF - Term Agreements (30 days or greater)
673,SBN2024,PDSIRRA-TRIGFGM,Reverse Repurchase Agreements: Federal Agency and GSE Residential MBS - Triparty (excluding GCF) - General Collateral - Overnight and Continuing
674,SBN2024,PDSIRRA-TRIGFGMTAL30,Reverse Repurchase Agreements: Federal Agency and GSE Residential MBS - Triparty (excluding GCF) - General Collateral - Term Agreements (less than 30 days)
675,SBN2024,PDSIRRA-TRIGFGMTAG30,Reverse Repurchase Agreements: Federal Agency and GSE Residential MBS - Triparty (excluding GCF) - General Collateral - Term Agreements (30 days or greater)
676,SBN2024,PDSIRRA-TRISPFGM,Reverse Repurchase Agreements: Federal Agency and GSE Residential MBS - Triparty (excluding GCF) - Sponsored General Collateral - Overnight and Continuing
677,SBN2024,PDSIRRA-TRISPFGMTAL30,Reverse Repurchase Agreements: Federal Agency and GSE Residential MBS - Triparty (excluding GCF) - Sponsored General Collateral - Term Agreements (less than 30 days)
678,SBN2024,PDSIRRA-TRISPFGMTAG30,Reverse Repurchase Agreements: Federal Agency and GSE Residential MBS - Triparty (excluding GCF) - Sponsored General Collateral - Term Agreements (30 days or greater)
679,SBN2024,PDSIRRA-UBGFGM,"Reverse Repurchase Agreements: Federal Agency and GSE Residential MBS - Uncleared Bilateral, General - Overnight and Continuing"
680,SBN2024,PDSIRRA-UBGFGMTAL30,"Reverse Repurchase Agreements: Federal Agency and GSE Residential MBS - Uncleared Bilateral, General - Term Agreements (less than 30 days)"
681,SBN2024,PDSIRRA-UBGFGMTAG30,"Reverse Repurchase Agreements: Federal Agency and GSE Residential MBS - Uncleared Bilateral, General - Term Agreements (30 days or greater)"
682,SBN2024,PDSIRRA-UBSFGMTAL30,"Reverse Repurchase Agreements: Federal Agency and GSE Residential MBS - Uncleared Bilateral, General - Term Agreements (30 days or greater)"
683,SBN2024,PDSIRRA-UBSFGM,"Reverse Repurchase Agreements: Federal Agency and GSE Residential MBS - Uncleared Bilateral, Specified - Overnight and Continuing"
684,SBN2024,PDSIRRA-UBSFGMTAG30,"Reverse Repurchase Agreements: Federal Agency and GSE Residential MBS - Uncleared Bilateral, Specified - Term Agreements (30 days or greater)"
685,SBN2024,PDSIRRA-CBGFGEM,"Reverse Repurchase Agreements: Federal Agency and GSE Securities (excluding MBS) - Cleared Bilateral, General - Overnight and Continuing"
686,SBN2024,PDSIRRA-CBGFGEMTAL30,"Reverse Repurchase Agreements: Federal Agency and GSE Securities (excluding MBS) - Cleared Bilateral, General - Term Agreements (less than 30 days)"
687,SBN2024,PDSIRRA-CBGFGEMTAG30,"Reverse Repurchase Agreements: Federal Agency and GSE Securities (excluding MBS) - Cleared Bilateral, General - Term Agreements (30 days or greater)"
688,SBN2024,PDSIRRA-CBSFGEM,"Reverse Repurchase Agreements: Federal Agency and GSE Securities (excluding MBS) - Cleared Bilateral, Specified - Overnight and Continuing"
689,SBN2024,PDSIRRA-CBSFGEMTAL30,"Reverse Repurchase Agreements: Federal Agency and GSE Securities (excluding MBS) - Cleared Bilateral, Specified - Term Agreements (less than 30 days)"
690,SBN2024,PDSIRRA-CBSFGEMTAG30,"Reverse Repurchase Agreements: Federal Agency and GSE Securities (excluding MBS) - Cleared Bilateral, Specified - Term Agreements (30 days or greater)"
691,SBN2024,PDSIRRA-CBSPFGEM,"Reverse Repurchase Agreements: Federal Agency and GSE Securities (excluding MBS) - Cleared Bilateral, Sponsored - Overnight and Continuing"
692,SBN2024,PDSIRRA-CBSPFGEMTAL30,"Reverse Repurchase Agreements: Federal Agency and GSE Securities (excluding MBS) - Cleared Bilateral, Sponsored - Term Agreements (less than 30 days)"
693,SBN2024,PDSIRRA-CBSPFGEMTAG30,"Reverse Repurchase Agreements: Federal Agency and GSE Securities (excluding MBS) - Cleared Bilateral, Sponsored - Term Agreements (30 days or greater)"
694,SBN2024,PDSIRRA-GCFFGEM,Reverse Repurchase Agreements: Federal Agency and GSE Securities (excluding MBS) - GCF - Overnight and Continuing
695,SBN2024,PDSIRRA-GCFFGEMTAL30,Reverse Repurchase Agreements: Federal Agency and GSE Securities (excluding MBS) - GCF - Term Agreements (less than 30 days)
696,SBN2024,PDSIRRA-GCFFGEMTAG30,Reverse Repurchase Agreements: Federal Agency and GSE Securities (excluding MBS) - GCF - Term Agreements (30 days or greater)
697,SBN2024,PDSIRRA-TRIGFGEM,Reverse Repurchase Agreements: Federal Agency and GSE Securities (excluding MBS) - Triparty (excluding GCF) - General Collateral - Overnight and Continuing
698,SBN2024,PDSIRRA-TRIGFGEMTAL30,Reverse Repurchase Agreements: Federal Agency and GSE Securities (excluding MBS) - Triparty (excluding GCF) - General Collateral - Term Agreements (less than 30 days)
699,SBN2024,PDSIRRA-TRIGFGEMTAG30,Reverse Repurchase Agreements: Federal Agency and GSE Securities (excluding MBS) - Triparty (excluding GCF) - General Collateral - Term Agreements (30 days or greater)
700,SBN2024,PDSIRRA-TRISPFGEM,Reverse Repurchase Agreements: Federal Agency and GSE Securities (excluding MBS) - Triparty (excluding GCF) - Sponsored General Collateral - Overnight and Continuing
701,SBN2024,PDSIRRA-TRISPFGEMTAL30,Reverse Repurchase Agreements: Federal Agency and GSE Securities (excluding MBS) - Triparty (excluding GCF) - Sponsored General Collateral - Term Agreements (less than 30 days)
702,SBN2024,PDSIRRA-TRISPFGEMTAG30,Reverse Repurchase Agreements: Federal Agency and GSE Securities (excluding MBS) - Triparty (excluding GCF) - Sponsored General Collateral - Term Agreements (30 days or greater)
703,SBN2024,PDSIRRA-UBGFGEM,"Reverse Repurchase Agreements: Federal Agency and GSE Securities (excluding MBS) - Uncleared Bilateral, General - Overnight and Continuing"
704,SBN2024,PDSIRRA-UBGFGEMTAL30,"Reverse Repurchase Agreements: Federal Agency and GSE Securities (excluding MBS) - Uncleared Bilateral, General - Term Agreements (less than 30 days)"
705,SBN2024,PDSIRRA-UBGFGEMTAG30,"Reverse Repurchase Agreements: Federal Agency and GSE Securities (excluding MBS) - Uncleared Bilateral, General - Term Agreements (30 days or greater)"
706,SBN2024,PDSIRRA-UBSFGEM,"Reverse Repurchase Agreements: Federal Agency and GSE Securities (excluding MBS) - Uncleared Bilateral, Specified - Overnight and Continuing"
707,SBN2024,PDSIRRA-UBSFGEMTAL30,"Reverse Repurchase Agreements: Federal Agency and GSE Securities (excluding MBS) - Uncleared Bilateral, Specified - Term Agreements (less than 30 days)"
708,SBN2024,PDSIRRA-UBSFGEMTAG30,"Reverse Repurchase Agreements: Federal Agency and GSE Securities (excluding MBS) - Uncleared Bilateral, Specified - Term Agreements (30 days or greater)"
709,SBN2024,PDSIRRA-CBGO,"Reverse Repurchase Agreements: Other - Cleared Bilateral, General - Overnight and Continuing"
710,SBN2024,PDSIRRA-CBGOTAL30,"Reverse Repurchase Agreements: Other - Cleared Bilateral, General - Term Agreements (less than 30 days)"
711,SBN2024,PDSIRRA-CBGOTAG30,"Reverse Repurchase Agreements: Other - Cleared Bilateral, General - Term Agreements (30 days or greater)"
712,SBN2024,PDSIRRA-CBSO,"Reverse Repurchase Agreements: Other - Cleared Bilateral, Specified - Overnight and Continuing"
713,SBN2024,PDSIRRA-CBSOTAL30,"Reverse Repurchase Agreements: Other - Cleared Bilateral, Specified - Term Agreements (less than 30 days)"
714,SBN2024,PDSIRRA-CBSOTAG30,"Reverse Repurchase Agreements: Other - Cleared Bilateral, Specified - Term Agreements (30 days or greater)"
715,SBN2024,PDSIRRA-CBSPO,"Reverse Repurchase Agreements: Other - Cleared Bilateral, Sponsored - Overnight and Continuing"
716,SBN2024,PDSIRRA-CBSPOTAL30,"Reverse Repurchase Agreements: Other - Cleared Bilateral, Sponsored - Term Agreements (less than 30 days)"
717,SBN2024,PDSIRRA-CBSPOTAG30,"Reverse Repurchase Agreements: Other - Cleared Bilateral, Sponsored - Term Agreements (30 days or greater)"
718,SBN2024,PDSIRRA-GCFO,Reverse Repurchase Agreements: Other - GCF - Overnight and Continuing
719,SBN2024,PDSIRRA-GCFOTAL30,Reverse Repurchase Agreements: Other - GCF - Term Agreements (less than 30 days)
720,SBN2024,PDSIRRA-GCFOTAG30,Reverse Repurchase Agreements: Other - GCF - Term Agreements (30 days or greater)
721,SBN2024,PDSIRRA-TRIGO,Reverse Repurchase Agreements: Other - Triparty (excluding GCF) - General Collateral - Overnight and Continuing
722,SBN2024,PDSIRRA-TRIGOTAL30,Reverse Repurchase Agreements: Other - Triparty (excluding GCF) - General Collateral - Term Agreements (less than 30 days)
723,SBN2024,PDSIRRA-TRIGOTAG30,Reverse Repurchase Agreements: Other - Triparty (excluding GCF) - General Collateral - Term Agreements (30 days or greater)
724,SBN2024,PDSIRRA-TRISPO,Reverse Repurchase Agreements: Other - Triparty (excluding GCF) - Sponsored General Collateral - Overnight and Continuing
725,SBN2024,PDSIRRA-TRISPOTAL30,Reverse Repurchase Agreements: Other - Triparty (excluding GCF) - Sponsored General Collateral - Term Agreements (less than 30 days)
726,SBN2024,PDSIRRA-TRISPOTAG30,Reverse Repurchase Agreements: Other - Triparty (excluding GCF) - Sponsored General Collateral - Term Agreements (30 days or greater)
727,SBN2024,PDSIRRA-UBGO,"Reverse Repurchase Agreements: Other - Uncleared Bilateral, General - Overnight and Continuing"
728,SBN2024,PDSIRRA-UBGOTAL30,"Reverse Repurchase Agreements: Other - Uncleared Bilateral, General - Term Agreements (less than 30 days)"
729,SBN2024,PDSIRRA-UBGOTAG30,"Reverse Repurchase Agreements: Other - Uncleared Bilateral, General - Term Agreements (30 days or greater)"
730,SBN2024,PDSIRRA-UBSO,"Reverse Repurchase Agreements: Other - Uncleared Bilateral, Specified - Overnight and Continuing"
731,SBN2024,PDSIRRA-UBSOTAL30,"Reverse Repurchase Agreements: Other - Uncleared Bilateral, Specified - Term Agreements (less than 30 days)"
732,SBN2024,PDSIRRA-UBSOTAG30,"Reverse Repurchase Agreements: Other - Uncleared Bilateral, Specified - Term Agreements (30 days or greater)"
733,SBN2024,PDSIRRA-CBGUTST,"Reverse Repurchase Agreements: U.S. Treasury Inflation-Protected Securities (TIPS) - Cleared Bilateral, General - Overnight and Continuing"
734,SBN2024,PDSIRRA-CBGUTSTTAL30,"Reverse Repurchase Agreements: U.S. Treasury Inflation-Protected Securities (TIPS) - Cleared Bilateral, General - Term Agreements (less than 30 days)"
735,SBN2024,PDSIRRA-CBGUTSTTAG30,"Reverse Repurchase Agreements: U.S. Treasury Inflation-Protected Securities (TIPS) - Cleared Bilateral, General - Term Agreements (30 days or greater)"
736,SBN2024,PDSIRRA-CBSUTST,"Reverse Repurchase Agreements: U.S. Treasury Inflation-Protected Securities (TIPS) - Cleared Bilateral, Specified - Overnight and Continuing"
737,SBN2024,PDSIRRA-CBSUTSTTAL30,"Reverse Repurchase Agreements: U.S. Treasury Inflation-Protected Securities (TIPS) - Cleared Bilateral, Specified - Term Agreements (less than 30 days)"
738,SBN2024,PDSIRRA-CBSUTSTTAG30,"Reverse Repurchase Agreements: U.S. Treasury Inflation-Protected Securities (TIPS) - Cleared Bilateral, Specified - Term Agreements (30 days or greater)"
739,SBN2024,PDSIRRA-CBSPUTST,"Reverse Repurchase Agreements: U.S. Treasury Inflation-Protected Securities (TIPS) - Cleared Bilateral, Sponsored - Overnight and Continuing"
740,SBN2024,PDSIRRA-CBSPUTSTTAL30,"Reverse Repurchase Agreements: U.S. Treasury Inflation-Protected Securities (TIPS) - Cleared Bilateral, Sponsored - Term Agreements (less than 30 days)"
741,SBN2024,PDSIRRA-CBSPUTSTTAG30,"Reverse Repurchase Agreements: U.S. Treasury Inflation-Protected Securities (TIPS) - Cleared Bilateral, Sponsored - Term Agreements (30 days or greater)"
742,SBN2024,PDSIRRA-GCFUTST,Reverse Repurchase Agreements: U.S. Treasury Inflation-Protected Securities (TIPS) - GCF - Overnight and Continuing
743,SBN2024,PDSIRRA-GCFUTSTTAL30,Reverse Repurchase Agreements: U.S. Treasury Inflation-Protected Securities (TIPS) - GCF - Term Agreements (less than 30 days)
744,SBN2024,PDSIRRA-GCFUTSTTAG30,Reverse Repurchase Agreements: U.S. Treasury Inflation-Protected Securities (TIPS) - GCF - Term Agreements (30 days or greater)
745,SBN2024,PDSIRRA-TRIGUTST,Reverse Repurchase Agreements: U.S. Treasury Inflation-Protected Securities (TIPS) - Triparty (excluding GCF) - General Collateral - Overnight and Continuing
746,SBN2024,PDSIRRA-TRIGUTSTTAL30,Reverse Repurchase Agreements: U.S. Treasury Inflation-Protected Securities (TIPS) - Triparty (excluding GCF) - General Collateral - Term Agreements (less than 30 days)
747,SBN2024,PDSIRRA-TRIGUTSTTAG30,Reverse Repurchase Agreements: U.S. Treasury Inflation-Protected Securities (TIPS) - Triparty (excluding GCF) - General Collateral - Term Agreements (30 days or greater)
748,SBN2024,PDSIRRA-TRISPUTST,Reverse Repurchase Agreements: U.S. Treasury Inflation-Protected Securities (TIPS) - Triparty (excluding GCF) - Sponsored General Collateral - Overnight and Continuing
749,SBN2024,PDSIRRA-TRISPUTSTTAL30,Reverse Repurchase Agreements: U.S. Treasury Inflation-Protected Securities (TIPS) - Triparty (excluding GCF) - Sponsored General Collateral - Term Agreements (less than 30 days)
750,SBN2024,PDSIRRA-TRISPUTSTTAG30,Reverse Repurchase Agreements: U.S. Treasury Inflation-Protected Securities (TIPS) - Triparty (excluding GCF) - Sponsored General Collateral - Term Agreements (30 days or greater)
751,SBN2024,PDSIRRA-UBGUTST,"Reverse Repurchase Agreements: U.S. Treasury Inflation-Protected Securities (TIPS) - Uncleared Bilateral, General - Overnight and Continuing"
752,SBN2024,PDSIRRA-UBGUTSTTAL30,"Reverse Repurchase Agreements: U.S. Treasury Inflation-Protected Securities (TIPS) - Uncleared Bilateral, General - Term Agreements (less than 30 days)"
753,SBN2024,PDSIRRA-UBGUTSTTAG30,"Reverse Repurchase Agreements: U.S. Treasury Inflation-Protected Securities (TIPS) - Uncleared Bilateral, General - Term Agreements (30 days or greater)"
754,SBN2024,PDSIRRA-UBSUTST,"Reverse Repurchase Agreements: U.S. Treasury Inflation-Protected Securities (TIPS) - Uncleared Bilateral, Specified - Overnight and Continuing"
755,SBN2024,PDSIRRA-UBSUTSTTAL30,"Reverse Repurchase Agreements: U.S. Treasury Inflation-Protected Securities (TIPS) - Uncleared Bilateral, Specified - Term Agreements (less than 30 days)"
756,SBN2024,PDSIRRA-UBSUTSTTAG30,"Reverse Repurchase Agreements: U.S. Treasury Inflation-Protected Securities (TIPS) - Uncleared Bilateral, Specified - Term Agreements (30 days or greater)"
757,SBN2024,PDSIRRA-CBGUTSET,"Reverse Repurchase Agreements: U.S. Treasury securities (excluding TIPS) - Cleared Bilateral, General - Overnight and Continuing"
758,SBN2024,PDSIRRA-CBGUTSETTAL30,"Reverse Repurchase Agreements: U.S. Treasury securities (excluding TIPS) - Cleared Bilateral, General - Term Agreements (less than 30 days)"
759,SBN2024,PDSIRRA-CBGUTSETTAG30,"Reverse Repurchase Agreements: U.S. Treasury securities (excluding TIPS) - Cleared Bilateral, General - Term Agreements (30 days or greater)"
760,SBN2024,PDSIRRA-CBSUTSET,"Reverse Repurchase Agreements: U.S. Treasury securities (excluding TIPS) - Cleared Bilateral, Specified - Overnight and Continuing"
761,SBN2024,PDSIRRA-CBSUTSETTAL30,"Reverse Repurchase Agreements: U.S. Treasury securities (excluding TIPS) - Cleared Bilateral, Specified - Term Agreements (less than 30 days)"
762,SBN2024,PDSIRRA-CBSUTSETTAG30,"Reverse Repurchase Agreements: U.S. Treasury securities (excluding TIPS) - Cleared Bilateral, Specified - Term Agreements (30 days or greater)"
763,SBN2024,PDSIRRA-CBSPUTSET,"Reverse Repurchase Agreements: U.S. Treasury securities (excluding TIPS) - Cleared Bilateral, Sponsored - Overnight and Continuing"
764,SBN2024,PDSIRRA-CBSPUTSETTAL30,"Reverse Repurchase Agreements: U.S. Treasury securities (excluding TIPS) - Cleared Bilateral, Sponsored - Term Agreements (less than 30 days)"
765,SBN2024,PDSIRRA-CBSPUTSETTAG30,"Reverse Repurchase Agreements: U.S. Treasury securities (excluding TIPS) - Cleared Bilateral, Sponsored - Term Agreements (30 days or greater)"
766,SBN2024,PDSIRRA-GCFUTSET,Reverse Repurchase Agreements: U.S. Treasury securities (excluding TIPS) - GCF - Overnight and Continuing
767,SBN2024,PDSIRRA-GCFUTSETTAL30,Reverse Repurchase Agreements: U.S. Treasury securities (excluding TIPS) - GCF - Term Agreements (less than 30 days)
768,SBN2024,PDSIRRA-GCFUTSETTAG30,Reverse Repurchase Agreements: U.S. Treasury securities (excluding TIPS) - GCF - Term Agreements (30 days or greater)
769,SBN2024,PDSIRRA-TRIGUTSET,Reverse Repurchase Agreements: U.S. Treasury securities (excluding TIPS) - Triparty (excluding GCF) - General Collateral - Overnight and Continuing
770,SBN2024,PDSIRRA-TRIGUTSETTAL30,Reverse Repurchase Agreements: U.S. Treasury securities (excluding TIPS) - Triparty (excluding GCF) - General Collateral - Term Agreements (less than 30 days)
771,SBN2024,PDSIRRA-TRIGUTSETTAG30,Reverse Repurchase Agreements: U.S. Treasury securities (excluding TIPS) - Triparty (excluding GCF) - General Collateral - Term Agreements (30 days or greater)
772,SBN2024,PDSIRRA-TRISPUTSET,Reverse Repurchase Agreements: U.S. Treasury securities (excluding TIPS) - Triparty (excluding GCF) - Sponsored General Collateral - Overnight and Continuing
773,SBN2024,PDSIRRA-TRISPUTSETTAL30,Reverse Repurchase Agreements: U.S. Treasury securities (excluding TIPS) - Triparty (excluding GCF) - Sponsored General Collateral - Term Agreements (less than 30 days)
774,SBN2024,PDSIRRA-TRISPUTSETTAG30,Reverse Repurchase Agreements: U.S. Treasury securities (excluding TIPS) - Triparty (excluding GCF) - Sponsored General Collateral - Term Agreements (30 days or greater)
775,SBN2024,PDSIRRA-UBGUTSET,"Reverse Repurchase Agreements: U.S. Treasury securities (excluding TIPS) - Uncleared Bilateral, General - Overnight and Continuing"
776,SBN2024,PDSIRRA-UBGUTSETTAL30,"Reverse Repurchase Agreements: U.S. Treasury securities (excluding TIPS) - Uncleared Bilateral, General - Term Agreements (less than 30 days)"
777,SBN2024,PDSIRRA-UBGUTSETTAG30,"Reverse Repurchase Agreements: U.S. Treasury securities (excluding TIPS) - Uncleared Bilateral, General - Term Agreements (30 days or greater)"
778,SBN2024,PDSIRRA-UBSUTSET,"Reverse Repurchase Agreements: U.S. Treasury securities (excluding TIPS) - Uncleared Bilateral, Specified - Overnight and Continuing"
779,SBN2024,PDSIRRA-UBSUTSETTAL30,"Reverse Repurchase Agreements: U.S. Treasury securities (excluding TIPS) - Uncleared Bilateral, Specified - Term Agreements (less than 30 days)"
780,SBN2024,PDSIRRA-UBSUTSETTAG30,"Reverse Repurchase Agreements: U.S. Treasury securities (excluding TIPS) - Uncleared Bilateral, Specified - Term Agreements (30 days or greater)"
781,SBN2024,PDSIOSB-UTST,TREASURY INFLATION-PROTECTED SECURITIES (TIPS) OTHER FINANCING ACTIVITY - DEALER FINANCING SECURITIES BORROWED: OVERNIGHT AND CONTINUING.
782,SBN2024,PDSIOSB-UTSTTAG30,TREASURY INFLATION-PROTECTED SECURITIES (TIPS) OTHER FINANCING ACTIVITY - DEALER FINANCING SECURITIES BORROWED: TERM AGREEMENTS (30 DAYS OR GREATER)
783,SBN2024,PDSIOSB-UTSTTAL30,TREASURY INFLATION-PROTECTED SECURITIES (TIPS) OTHER FINANCING ACTIVITY - DEALER FINANCING SECURITIES BORROWED: TERM AGREEMENTS (LESS THAN 30 DAYS)
784,SBN2024,PDSOOS-UTST,TREASURY INFLATION-PROTECTED SECURITIES (TIPS) OTHER FINANCING ACTIVITY - DEALER FINANCING SECURITIES LENT: OVERNIGHT AND CONTINUING.
785,SBN2024,PDSOOS-UTSTTAG30,TREASURY INFLATION-PROTECTED SECURITIES (TIPS) OTHER FINANCING ACTIVITY - DEALER FINANCING SECURITIES LENT: TERM AGREEMENTS (30 DAYS OR GREATER)
786,SBN2024,PDSOOS-UTSTTAL30,TREASURY INFLATION-PROTECTED SECURITIES (TIPS) OTHER FINANCING ACTIVITY - DEALER FINANCING SECURITIES LENT: TERM AGREEMENTS (LESS THAN 30 DAYS)
787,SBN2024,PDSIOSB-UTSET,U.S. TREASURY SECURITIES (EXCLUDING TREASURY INFLATION-PROTECTED SECURITIES (TIPS)) OTHER FINANCING ACTIVITY - DEALER FINANCING SECURITIES BORROWED: OVERNIGHT AND CONTINUING.
788,SBN2024,PDSIOSB-UTSETTAG30,U.S. TREASURY SECURITIES (EXCLUDING TREASURY INFLATION-PROTECTED SECURITIES (TIPS)) OTHER FINANCING ACTIVITY - DEALER FINANCING SECURITIES BORROWED: TERM AGREEMENTS (30 DAYS OR GREATER)
789,SBN2024,PDSIOSB-UTSETTA30,U.S. TREASURY SECURITIES (EXCLUDING TREASURY INFLATION-PROTECTED SECURITIES (TIPS)) OTHER FINANCING ACTIVITY - DEALER FINANCING SECURITIES BORROWED: TERM AGREEMENTS (LESS THAN 30 DAYS)
790,SBN2024,PDSOOS-UTSET,U.S. TREASURY SECURITIES (EXCLUDING TREASURY INFLATION-PROTECTED SECURITIES (TIPS)) OTHER FINANCING ACTIVITY - DEALER FINANCING SECURITIES LENT: OVERNIGHT AND CONTINUING.
791,SBN2024,PDSOOS-UTSETTAG30,U.S. TREASURY SECURITIES (EXCLUDING TREASURY INFLATION-PROTECTED SECURITIES (TIPS)) OTHER FINANCING ACTIVITY - DEALER FINANCING SECURITIES LENT: TERM AGREEMENTS (30 DAYS OR GREATER)
792,SBN2024,PDSOOS-UTSETTAL30,U.S. TREASURY SECURITIES (EXCLUDING TREASURY INFLATION-PROTECTED SECURITIES (TIPS)) OTHER FINANCING ACTIVITY - DEALER FINANCING SECURITIES LENT: TERM AGREEMENTS (LESS THAN 30 DAYS)
793,SBN2024,PDSIOSB-ABSC,Total - ASSET-BACKED SECURITIES OTHER FINANCING ACTIVITY SECURITIES BORROWED - DEALER FINANCING OVERNIGHT AND CONTINUING. - Change From Previous Week
794,SBN2024,PDSIOSB-CDC,Total - CORPORATE DEBT OTHER FINANCING ACTIVITY - DEALER FINANCING SECURITIES BORROWED: OVERNIGHT AND CONTINUING. - Change From Previous Week
795,SBN2024,PDSIOSB-EC,Total - EQUITIES OTHER FINANCING ACTIVITY - DEALER FINANCING SECURITIES BORROWED: OVERNIGHT AND CONTINUING. - Change From Previous Week
796,SBN2024,PDSIOSB-FGCMTOTC,"Total - Other Financing Activity, Securities Borrowed: Federal Agency and GSE CMBS - Overnight and Continuing - Change From Previous Week"
797,SBN2024,PDSIOSB-FGEMC,Total - FEDERAL AGENCY AND GSE SECURITIES (EXCLUDING MBS) OTHER FINANCING ACTIVITY - DEALER FINANCING SECURITIES BORROWED: OVERNIGHT AND CONTINUING. - Change From Previous Week
798,SBN2024,PDSIOSB-FGMC,"Total - Other Financing Activity, Securities Borrowed: Federal Agency and GSE Residential MBS - Overnight and Continuing - Change From Previous Week"
799,SBN2024,PDSIOSB-OC,Total - OTHER FINANCING ACTIVITY - DEALER FINANCING SECURITIES BORROWED: OVERNIGHT AND CONTINUING. - Change From Previous Week
800,SBN2024,PDSIOSB-UTSETC,Total - U.S. TREASURY SECURITIES (EXCLUDING TREASURY INFLATION-PROTECTED SECURITIES (TIPS)) OTHER FINANCING ACTIVITY - DEALER FINANCING SECURITIES BORROWED: OVERNIGHT AND CONTINUING. - Change From Previous Week
801,SBN2024,PDSIOSB-UTSTC,Total - TREASURY INFLATION-PROTECTED SECURITIES (TIPS) OTHER FINANCING ACTIVITY - DEALER FINANCING SECURITIES BORROWED: OVERNIGHT AND CONTINUING. - Change From Previous Week
802,SBN2024,PDSIRRA-ABSC,Total - Reverse Repurchase Agreements: Asset-backed securities - Triparty (excluding GCF) - Term Agreements (30 days or greater) - Change From Previous Week
803,SBN2024,PDSIRRA-CDC,Total - Reverse Repurchase Agreements: Corporate Debt - Triparty (excluding GCF) - Term Agreements (30 days or greater) - Change From Previous Week
804,SBN2024,PDSIRRA-EC,Total - Reverse Repurchase Agreements: Equities - Triparty (excluding GCF) - Term Agreements (30 days or greater) - Change From Previous Week
805,SBN2024,PDSIRRA-FGCMTOTC,Total - Reverse Repurchase Agreements: Federal Agency and GSE CMBS - Triparty (excluding GCF) - Term Agreements (30 days or greater) - Change From Previous Week
806,SBN2024,PDSIRRA-FGEMC,Total - Reverse Repurchase Agreements: Federal Agency and GSE Securities (excluding MBS) - Triparty (excluding GCF) - Term Agreements (30 days or greater) - Change From Previous Week
807,SBN2024,PDSIRRA-FGMC,Total - Reverse Repurchase Agreements: Federal Agency and GSE Residential MBS - Triparty (excluding GCF) - Term Agreements (30 days or greater) - Change From Previous Week
808,SBN2024,PDSIRRA-OC,Total - Reverse Repurchase Agreements: Other - Triparty (excluding GCF) - Term Agreements (30 days or greater) - Change From Previous Week
809,SBN2024,PDSIRRA-UTSETC,Total - Reverse Repurchase Agreements: U.S. Treasury securities (excluding TIPS) - Triparty (excluding GCF) - Term Agreements (30 days or greater) - Change From Previous Week
810,SBN2024,PDSIRRA-UTSTC,Total - Reverse Repurchase Agreements: U.S. Treasury Inflation-Protected Securities (TIPS) - Triparty (excluding GCF) - Term Agreements (30 days or greater) - Change From Previous Week
811,SBN2024,PDSOOS-ABSC,Total - ASSET-BACKED SECURITIES OTHER FINANCING ACTIVITY SECURITIES LENT - DEALER FINANCING OVERNIGHT AND CONTINUING. - Change From Previous Week
812,SBN2024,PDSOOS-CDC,Total - CORPORATE DEBT OTHER FINANCING ACTIVITY - DEALER FINANCING SECURITIES LENT: OVERNIGHT AND CONTINUING. - Change From Previous Week
813,SBN2024,PDSOOS-EC,Total - EQUITIES OTHER FINANCING ACTIVITY - DEALER FINANCING SECURITIES LENT: OVERNIGHT AND CONTINUING. - Change From Previous Week
814,SBN2024,PDSOOS-FGCMC,"Total - Other Financing Activity, Securities Lent: Federal Agency and GSE CMBS - Overnight and Continuing - Change From Previous Week"
815,SBN2024,PDSOOS-FGEMC,Total - FEDERAL AGENCY AND GSE SECURITIES (EXCLUDING MBS) OTHER FINANCING ACTIVITY - DEALER FINANCING SECURITIES LENT: OVERNIGHT AND CONTINUING. - Change From Previous Week
816,SBN2024,PDSOOS-FGMC,"Total - Other Financing Activity, Securities Lent: Federal Agency and GSE Residential MBS - Overnight and Continuing - Change From Previous Week"
817,SBN2024,PDSOOS-OC,Total - OTHER OTHER FINANCING ACTIVITY - DEALER FINANCING SECURITIES LENT: OVERNIGHT AND CONTINUING. - Change From Previous Week
818,SBN2024,PDSOOS-UTSETC,Total - U.S. TREASURY SECURITIES (EXCLUDING TREASURY INFLATION-PROTECTED SECURITIES (TIPS)) OTHER FINANCING ACTIVITY - DEALER FINANCING SECURITIES LENT: OVERNIGHT AND CONTINUING. - Change From Previous Week
819,SBN2024,PDSOOS-UTSTC,Total - TREASURY INFLATION-PROTECTED SECURITIES (TIPS) OTHER FINANCING ACTIVITY - DEALER FINANCING SECURITIES LENT: OVERNIGHT AND CONTINUING. - Change From Previous Week
820,SBN2024,PDSORA-ABSC,Total - Repurchase Agreements: Asset-backed securities - Triparty (excluding GCF) - Term Agreements (30 days or greater) - Change From Previous Week
821,SBN2024,PDSORA-CDC,Total - Repurchase Agreements: Corporate Debt - Triparty (excluding GCF) - Term Agreements (30 days or greater) - Change From Previous Week
822,SBN2024,PDSORA-EC,Total - Repurchase Agreements: Equities - Triparty (excluding GCF) - Term Agreements (30 days or greater) - Change From Previous Week
823,SBN2024,PDSORA-FGCMC,Total - Repurchase Agreements: Federal Agency and GSE CMBS - Triparty (excluding GCF) - Term Agreements (30 days or greater) - Change From Previous Week
824,SBN2024,PDSORA-FGEMC,Total - Repurchase Agreements: Federal Agency and GSE Securities (excluding MBS) - Triparty (excluding GCF) - Term Agreements (30 days or greater) - Change From Previous Week
825,SBN2024,PDSORA-FGMC,Total - Repurchase Agreements: Federal Agency and GSE Residential MBS - Triparty (excluding GCF) - Term Agreements (30 days or greater) - Change From Previous Week
826,SBN2024,PDSORA-OC,Total - Repurchase Agreements: Other - Triparty (excluding GCF) - Term Agreements (30 days or greater) - Change From Previous Week
827,SBN2024,PDSORA-UTSETC,Total - Repurchase Agreements: U.S. Treasury securities (excluding TIPS) - Triparty (excluding GCF) - Term Agreements (30 days or greater) - Change From Previous Week
828,SBN2024,PDSORA-UTSTC,Total - Repurchase Agreements: U.S. Treasury Inflation-Protected Securities (TIPS) - Triparty (excluding GCF) - Term Agreements (30 days or greater) - Change From Previous Week
829,SBN2024,PDFRN2COT-WIB,CUMULATIVE OUTRIGHT TRANSACTIONS WITH INTERDEALER BROKER
830,SBN2024,PDSI10COT-WIB,CUMULATIVE OUTRIGHT TRANSACTIONS WITH INTERDEALER BROKER
831,SBN2024,PDSI20COT-WIB,CUMULATIVE OUTRIGHT TRANSACTIONS WITH INTERDEALER BROKER
832,SBN2024,PDSI2COT-WIB,CUMULATIVE OUTRIGHT TRANSACTIONS WITH INTERDEALER BROKER
833,SBN2024,PDSI30COT-WIB,CUMULATIVE OUTRIGHT TRANSACTIONS WITH INTERDEALER BROKER
834,SBN2024,PDSI3COT-WIB,CUMULATIVE OUTRIGHT TRANSACTIONS WITH INTERDEALER BROKER
835,SBN2024,PDSI5COT-WIB,CUMULATIVE OUTRIGHT TRANSACTIONS WITH INTERDEALER BROKER
836,SBN2024,PDSI7COT-WIB,CUMULATIVE OUTRIGHT TRANSACTIONS WITH INTERDEALER BROKER
837,SBN2024,PDST10COT-WIB,CUMULATIVE OUTRIGHT TRANSACTIONS WITH INTERDEALER BROKER
838,SBN2024,PDST30COT-WIB,CUMULATIVE OUTRIGHT TRANSACTIONS WITH INTERDEALER BROKER
839,SBN2024,PDST5COT-WIB,CUMULATIVE OUTRIGHT TRANSACTIONS WITH INTERDEALER BROKER
840,SBN2024,PDFRN2COT-WO,CUMULATIVE OUTRIGHT TRANSACTIONS WITH OTHERS
841,SBN2024,PDSI10COT-WO,CUMULATIVE OUTRIGHT TRANSACTIONS WITH OTHERS
842,SBN2024,PDSI20COT-WO,CUMULATIVE OUTRIGHT TRANSACTIONS WITH OTHERS
843,SBN2024,PDSI2COT-WO,CUMULATIVE OUTRIGHT TRANSACTIONS WITH OTHERS
844,SBN2024,PDSI30COT-WO,CUMULATIVE OUTRIGHT TRANSACTIONS WITH OTHERS
845,SBN2024,PDSI3COT-WO,CUMULATIVE OUTRIGHT TRANSACTIONS WITH OTHERS
846,SBN2024,PDSI5COT-WO,CUMULATIVE OUTRIGHT TRANSACTIONS WITH OTHERS
847,SBN2024,PDSI7COT-WO,CUMULATIVE OUTRIGHT TRANSACTIONS WITH OTHERS
848,SBN2024,PDST10COT-WO,CUMULATIVE OUTRIGHT TRANSACTIONS WITH OTHERS
849,SBN2024,PDST30COT-WO,CUMULATIVE OUTRIGHT TRANSACTIONS WITH OTHERS
850,SBN2024,PDST5COT-WO,CUMULATIVE OUTRIGHT TRANSACTIONS WITH OTHERS
851,SBN2024,PDFRN2F-TD,FAILS TO DELIVER
852,SBN2024,PDSI10F-TD,FAILS TO DELIVER
853,SBN2024,PDSI20F-TD,FAILS TO DELIVER
854,SBN2024,PDSI2F-TD,FAILS TO DELIVER
855,SBN2024,PDSI30F-TD,FAILS TO DELIVER
856,SBN2024,PDSI3F-TD,FAILS TO DELIVER
857,SBN2024,PDSI5F-TD,FAILS TO DELIVER
858,SBN2024,PDSI7F-TD,FAILS TO DELIVER
859,SBN2024,PDST10F-TD,FAILS TO DELIVER
860,SBN2024,PDST30F-TD,FAILS TO DELIVER
861,SBN2024,PDST5F-TD,FAILS TO DELIVER
862,SBN2024,PDFRN2F-TR,FAILS TO RECEIVE
863,SBN2024,PDSI10F-TR,FAILS TO RECEIVE
864,SBN2024,PDSI20F-TR,FAILS TO RECEIVE
865,SBN2024,PDSI2F-TR,FAILS TO RECEIVE
866,SBN2024,PDSI30F-TR,FAILS TO RECEIVE
867,SBN2024,PDSI3F-TR,FAILS TO RECEIVE
868,SBN2024,PDSI5F-TR,FAILS TO RECEIVE
869,SBN2024,PDSI7F-TR,FAILS TO RECEIVE
870,SBN2024,PDST10F-TR,FAILS TO RECEIVE
871,SBN2024,PDST30F-TR,FAILS TO RECEIVE
872,SBN2024,PDST5F-TR,FAILS TO RECEIVE
873,SBN2024,PDFRN2OGS-OO,GROSS FINANCING: SECURITIES OUT GENERAL - ON/OPEN
874,SBN2024,PDSI10OGS-OO,GROSS FINANCING: SECURITIES OUT GENERAL - ON/OPEN
875,SBN2024,PDSI20OGS-OO,GROSS FINANCING: SECURITIES OUT GENERAL - ON/OPEN
876,SBN2024,PDSI2OGS-OO,GROSS FINANCING: SECURITIES OUT GENERAL - ON/OPEN
877,SBN2024,PDSI30OGS-OO,GROSS FINANCING: SECURITIES OUT GENERAL - ON/OPEN
878,SBN2024,PDSI3OGS-OO,GROSS FINANCING: SECURITIES OUT GENERAL - ON/OPEN
879,SBN2024,PDSI5OGS-OO,GROSS FINANCING: SECURITIES OUT GENERAL - ON/OPEN
880,SBN2024,PDSI7OGS-OO,GROSS FINANCING: SECURITIES OUT GENERAL - ON/OPEN
881,SBN2024,PDST10OGS-OO,GROSS FINANCING: SECURITIES OUT GENERAL - ON/OPEN
882,SBN2024,PDST30OGS-OO,GROSS FINANCING: SECURITIES OUT GENERAL - ON/OPEN
883,SBN2024,PDST5OGS-OO,GROSS FINANCING: SECURITIES OUT GENERAL - ON/OPEN
884,SBN2024,PDFRN2TGS-T,GROSS FINANCING: SECURITIES OUT GENERAL - TERM
885,SBN2024,PDSI10TGS-T,GROSS FINANCING: SECURITIES OUT GENERAL - TERM
886,SBN2024,PDSI20TGS-T,GROSS FINANCING: SECURITIES OUT GENERAL - TERM
887,SBN2024,PDSI2TGS-T,GROSS FINANCING: SECURITIES OUT GENERAL - TERM
888,SBN2024,PDSI30TGS-T,GROSS FINANCING: SECURITIES OUT GENERAL - TERM
889,SBN2024,PDSI3TGS-T,GROSS FINANCING: SECURITIES OUT GENERAL - TERM
890,SBN2024,PDSI5TGS-T,GROSS FINANCING: SECURITIES OUT GENERAL - TERM
891,SBN2024,PDSI7TGS-T,GROSS FINANCING: SECURITIES OUT GENERAL - TERM
892,SBN2024,PDST10TGS-T,GROSS FINANCING: SECURITIES OUT GENERAL - TERM
893,SBN2024,PDST30TGS-T,GROSS FINANCING: SECURITIES OUT GENERAL - TERM
894,SBN2024,PDST5TGS-T,GROSS FINANCING: SECURITIES OUT GENERAL - TERM
895,SBN2024,PDFRN2OSS-OO,GROSS FINANCING: SECURITIES OUT SPECIFIC TRANSACTIONS - ON/OPEN
896,SBN2024,PDSI10OSS-OO,GROSS FINANCING: SECURITIES OUT SPECIFIC TRANSACTIONS - ON/OPEN
897,SBN2024,PDSI20OSS-OO,GROSS FINANCING: SECURITIES OUT SPECIFIC TRANSACTIONS - ON/OPEN
898,SBN2024,PDSI2OSS-OO,GROSS FINANCING: SECURITIES OUT SPECIFIC TRANSACTIONS - ON/OPEN
899,SBN2024,PDSI30OSS-OO,GROSS FINANCING: SECURITIES OUT SPECIFIC TRANSACTIONS - ON/OPEN
900,SBN2024,PDSI3OSS-OO,GROSS FINANCING: SECURITIES OUT SPECIFIC TRANSACTIONS - ON/OPEN
901,SBN2024,PDSI5OSS-OO,GROSS FINANCING: SECURITIES OUT SPECIFIC TRANSACTIONS - ON/OPEN
902,SBN2024,PDSI7OSS-OO,GROSS FINANCING: SECURITIES OUT SPECIFIC TRANSACTIONS - ON/OPEN
903,SBN2024,PDST10OSS-OO,GROSS FINANCING: SECURITIES OUT SPECIFIC TRANSACTIONS - ON/OPEN
904,SBN2024,PDST30OSS-OO,GROSS FINANCING: SECURITIES OUT SPECIFIC TRANSACTIONS - ON/OPEN
905,SBN2024,PDST5OSS-OO,GROSS FINANCING: SECURITIES OUT SPECIFIC TRANSACTIONS - ON/OPEN
906,SBN2024,PDFRN2TSTS-T,GROSS FINANCING: SECURITIES OUT SPECIFIC TRANSACTIONS - TERM
907,SBN2024,PDSI10TSTS-T,GROSS FINANCING: SECURITIES OUT SPECIFIC TRANSACTIONS - TERM
908,SBN2024,PDSI20TSTS-T,GROSS FINANCING: SECURITIES OUT SPECIFIC TRANSACTIONS - TERM
909,SBN2024,PDSI2TSTS-T,GROSS FINANCING: SECURITIES OUT SPECIFIC TRANSACTIONS - TERM
910,SBN2024,PDSI30TSTS-T,GROSS FINANCING: SECURITIES OUT SPECIFIC TRANSACTIONS - TERM
911,SBN2024,PDSI3TSTS-T,GROSS FINANCING: SECURITIES OUT SPECIFIC TRANSACTIONS - TERM
912,SBN2024,PDSI5TSTS-T,GROSS FINANCING: SECURITIES OUT SPECIFIC TRANSACTIONS - TERM
913,SBN2024,PDSI7TSTS-T,GROSS FINANCING: SECURITIES OUT SPECIFIC TRANSACTIONS - TERM
914,SBN2024,PDST10TSTS-T,GROSS FINANCING: SECURITIES OUT SPECIFIC TRANSACTIONS - TERM
915,SBN2024,PDST30TSTS-T,GROSS FINANCING: SECURITIES OUT SPECIFIC TRANSACTIONS - TERM
916,SBN2024,PDST5TSTS-T,GROSS FINANCING: SECURITIES OUT SPECIFIC TRANSACTIONS - TERM
917,SBN2024,PDFRN2GFSIG-OO,GROSS FINANCING: SECURITIES IN GENERAL - ON/OPEN
918,SBN2024,PDSI10GFSIG-OO,GROSS FINANCING: SECURITIES IN GENERAL - ON/OPEN
919,SBN2024,PDSI20GFSIG-OO,GROSS FINANCING: SECURITIES IN GENERAL - ON/OPEN
920,SBN2024,PDSI2GFSIG-OO,GROSS FINANCING: SECURITIES IN GENERAL - ON/OPEN
921,SBN2024,PDSI30GFSIG-OO,GROSS FINANCING: SECURITIES IN GENERAL - ON/OPEN
922,SBN2024,PDSI3GFSIG-OO,GROSS FINANCING: SECURITIES IN GENERAL - ON/OPEN
923,SBN2024,PDSI5GFSIG-OO,GROSS FINANCING: SECURITIES IN GENERAL - ON/OPEN
924,SBN2024,PDSI7GFSIG-OO,GROSS FINANCING: SECURITIES IN GENERAL - ON/OPEN
925,SBN2024,PDST10GFSIG-OO,GROSS FINANCING: SECURITIES IN GENERAL - ON/OPEN
926,SBN2024,PDST30GFSIG-OO,GROSS FINANCING: SECURITIES IN GENERAL - ON/OPEN
927,SBN2024,PDST5GFSIG-OO,GROSS FINANCING: SECURITIES IN GENERAL - ON/OPEN
928,SBN2024,PDFRN2GFSIG-T,GROSS FINANCING: SECURITIES IN GENERAL - TERM
929,SBN2024,PDSI10GFSIG-T,GROSS FINANCING: SECURITIES IN GENERAL - TERM
930,SBN2024,PDSI20GFSIG-T,GROSS FINANCING: SECURITIES IN GENERAL - TERM
931,SBN2024,PDSI2GFSIG-T,GROSS FINANCING: SECURITIES IN GENERAL - TERM
932,SBN2024,PDSI30GFSIG-T,GROSS FINANCING: SECURITIES IN GENERAL - TERM
933,SBN2024,PDSI3GFSIG-T,GROSS FINANCING: SECURITIES IN GENERAL - TERM
934,SBN2024,PDSI5GFSIG-T,GROSS FINANCING: SECURITIES IN GENERAL - TERM
935,SBN2024,PDSI7GFSIG-T,GROSS FINANCING: SECURITIES IN GENERAL - TERM
936,SBN2024,PDST10GFSIG-T,GROSS FINANCING: SECURITIES IN GENERAL - TERM
937,SBN2024,PDST30GFSIG-T,GROSS FINANCING: SECURITIES IN GENERAL - TERM
938,SBN2024,PDST5GFSIG-T,GROSS FINANCING: SECURITIES IN GENERAL - TERM
939,SBN2024,PDFRN2OSSI-OO,GROSS FINANCING: SECURITIES IN SPECIFIC TRANSACTIONS - ON/OPEN
940,SBN2024,PDSI10OSSI-OO,GROSS FINANCING: SECURITIES IN SPECIFIC TRANSACTIONS - ON/OPEN
941,SBN2024,PDSI20OSSI-OO,GROSS FINANCING: SECURITIES IN SPECIFIC TRANSACTIONS - ON/OPEN
942,SBN2024,PDSI2OSSI-OO,GROSS FINANCING: SECURITIES IN SPECIFIC TRANSACTIONS - ON/OPEN
943,SBN2024,PDSI30OSSI-OO,GROSS FINANCING: SECURITIES IN SPECIFIC TRANSACTIONS - ON/OPEN
944,SBN2024,PDSI3OSSI-OO,GROSS FINANCING: SECURITIES IN SPECIFIC TRANSACTIONS - ON/OPEN
945,SBN2024,PDSI5OSSI-OO,GROSS FINANCING: SECURITIES IN SPECIFIC TRANSACTIONS - ON/OPEN
946,SBN2024,PDSI7OSSI-OO,GROSS FINANCING: SECURITIES IN SPECIFIC TRANSACTIONS - ON/OPEN
947,SBN2024,PDST10OSSI-OO,GROSS FINANCING: SECURITIES IN SPECIFIC TRANSACTIONS - ON/OPEN
948,SBN2024,PDST30OSSI-OO,GROSS FINANCING: SECURITIES IN SPECIFIC TRANSACTIONS - ON/OPEN
949,SBN2024,PDST5OSSI-OO,GROSS FINANCING: SECURITIES IN SPECIFIC TRANSACTIONS - ON/OPEN
950,SBN2024,PDFRN2TSSI-T,GROSS FINANCING: SECURITIES IN SPECIFIC TRANSACTIONS - TERM
951,SBN2024,PDSI10TSSI-T,GROSS FINANCING: SECURITIES IN SPECIFIC TRANSACTIONS - TERM
952,SBN2024,PDSI20TSSI-T,GROSS FINANCING: SECURITIES IN SPECIFIC TRANSACTIONS - TERM
953,SBN2024,PDSI2TSSI-T,GROSS FINANCING: SECURITIES IN SPECIFIC TRANSACTIONS - TERM
954,SBN2024,PDSI30TSSI-T,GROSS FINANCING: SECURITIES IN SPECIFIC TRANSACTIONS - TERM
955,SBN2024,PDSI3TSSI-T,GROSS FINANCING: SECURITIES IN SPECIFIC TRANSACTIONS - TERM
956,SBN2024,PDSI5TSSI-T,GROSS FINANCING: SECURITIES IN SPECIFIC TRANSACTIONS - TERM
957,SBN2024,PDSI7TSSI-T,GROSS FINANCING: SECURITIES IN SPECIFIC TRANSACTIONS - TERM
958,SBN2024,PDST10TSSI-T,GROSS FINANCING: SECURITIES IN SPECIFIC TRANSACTIONS - TERM
959,SBN2024,PDST30TSSI-T,GROSS FINANCING: SECURITIES IN SPECIFIC TRANSACTIONS - TERM
960,SBN2024,PDST5TSSI-T,GROSS FINANCING: SECURITIES IN SPECIFIC TRANSACTIONS - TERM
961,SBN2024,PDFRN2NSP,SECURITY NET SETTLED POSITION
962,SBN2024,PDSI10NSP,SECURITY NET SETTLED POSITION
963,SBN2024,PDSI20NSP,SECURITY NET SETTLED POSITION
964,SBN2024,PDSI2NSP,SECURITY NET SETTLED POSITION
965,SBN2024,PDSI30NSP,SECURITY NET SETTLED POSITION
966,SBN2024,PDSI3NSP,SECURITY NET SETTLED POSITION
967,SBN2024,PDSI5NSP,SECURITY NET SETTLED POSITION
968,SBN2024,PDSI7NSP,SECURITY NET SETTLED POSITION
969,SBN2024,PDST10NSP,SECURITY NET SETTLED POSITION
970,SBN2024,PDST30NSP,SECURITY NET SETTLED POSITION
971,SBN2024,PDST5NSP,SECURITY NET SETTLED POSITION
972,SBN2024,PDFRN2COT-WIBC,CUMULATIVE OUTRIGHT TRANSACTIONS WITH INTERDEALER BROKER - Change From Previous Week
973,SBN2024,PDFRN2COT-WOC,CUMULATIVE OUTRIGHT TRANSACTIONS WITH OTHERS - Change From Previous Week
974,SBN2024,PDFRN2F-TDC,FAILS TO DELIVER - Change From Previous Week
975,SBN2024,PDFRN2F-TRC,FAILS TO RECEIVE - Change From Previous Week
976,SBN2024,PDFRN2GFSIG-OOC,GROSS FINANCING: SECURITIES IN GENERAL - ON/OPEN - Change From Previous Week
977,SBN2024,PDFRN2GFSIG-TC,GROSS FINANCING: SECURITIES IN GENERAL - TERM - Change From Previous Week
978,SBN2024,PDFRN2NSPC,SECURITY NET SETTLED POSITION - Change From Previous Week
979,SBN2024,PDFRN2OGS-OOC,GROSS FINANCING: SECURITIES OUT GENERAL - ON/OPEN - Change From Previous Week
980,SBN2024,PDFRN2OSSI-OOC,GROSS FINANCING: SECURITIES IN SPECIFIC TRANSACTIONS - ON/OPEN - Change From Previous Week
981,SBN2024,PDFRN2OSS-OOC,GROSS FINANCING: SECURITIES OUT SPECIFIC TRANSACTIONS - ON/OPEN - Change From Previous Week
982,SBN2024,PDFRN2TGS-TC,GROSS FINANCING: SECURITIES OUT GENERAL - TERM - Change From Previous Week
983,SBN2024,PDFRN2TSSI-TC,GROSS FINANCING: SECURITIES IN SPECIFIC TRANSACTIONS - TERM - Change From Previous Week
984,SBN2024,PDFRN2TSTS-TC,GROSS FINANCING: SECURITIES OUT SPECIFIC TRANSACTIONS - TERM - Change From Previous Week
985,SBN2024,PDSI10COT-WIBC,CUMULATIVE OUTRIGHT TRANSACTIONS WITH INTERDEALER BROKER - Change From Previous Week
986,SBN2024,PDSI10COT-WOC,CUMULATIVE OUTRIGHT TRANSACTIONS WITH OTHERS - Change From Previous Week
987,SBN2024,PDSI10F-TDC,FAILS TO DELIVER - Change From Previous Week
988,SBN2024,PDSI10F-TRC,FAILS TO RECEIVE - Change From Previous Week
989,SBN2024,PDSI10GFSIG-OOC,GROSS FINANCING: SECURITIES IN GENERAL - ON/OPEN - Change From Previous Week
990,SBN2024,PDSI10GFSIG-TC,GROSS FINANCING: SECURITIES IN GENERAL - TERM - Change From Previous Week
991,SBN2024,PDSI10NSPC,SECURITY NET SETTLED POSITION - Change From Previous Week
992,SBN2024,PDSI10OGS-OOC,GROSS FINANCING: SECURITIES OUT GENERAL - ON/OPEN - Change From Previous Week
993,SBN2024,PDSI10OSSI-OOC,GROSS FINANCING: SECURITIES IN SPECIFIC TRANSACTIONS - ON/OPEN - Change From Previous Week
994,SBN2024,PDSI10OSS-OOC,GROSS FINANCING: SECURITIES OUT SPECIFIC TRANSACTIONS - ON/OPEN - Change From Previous Week
995,SBN2024,PDSI10TGS-TC,GROSS FINANCING: SECURITIES OUT GENERAL - TERM - Change From Previous Week
996,SBN2024,PDSI10TSSI-TC,GROSS FINANCING: SECURITIES IN SPECIFIC TRANSACTIONS - TERM - Change From Previous Week
997,SBN2024,PDSI10TSTS-TC,GROSS FINANCING: SECURITIES OUT SPECIFIC TRANSACTIONS - TERM - Change From Previous Week
998,SBN2024,PDSI20COT-WIBC,CUMULATIVE OUTRIGHT TRANSACTIONS WITH INTERDEALER BROKER - Change From Previous Week
999,SBN2024,PDSI20COT-WOC,CUMULATIVE OUTRIGHT TRANSACTIONS WITH OTHERS - Change From Previous Week
1000,SBN2024,PDSI20F-TDC,FAILS TO DELIVER - Change From Previous Week
1001,SBN2024,PDSI20F-TRC,FAILS TO RECEIVE - Change From Previous Week
1002,SBN2024,PDSI20GFSIG-OOC,GROSS FINANCING: SECURITIES IN GENERAL - ON/OPEN - Change From Previous Week
1003,SBN2024,PDSI20GFSIG-TC,GROSS FINANCING: SECURITIES IN GENERAL - TERM - Change From Previous Week
1004,SBN2024,PDSI20NSPC,SECURITY NET SETTLED POSITION - Change From Previous Week
1005,SBN2024,PDSI20OGS-OOC,GROSS FINANCING: SECURITIES OUT GENERAL - ON/OPEN - Change From Previous Week
1006,SBN2024,PDSI20OSSI-OOC,GROSS FINANCING: SECURITIES IN SPECIFIC TRANSACTIONS - ON/OPEN - Change From Previous Week
1007,SBN2024,PDSI20OSS-OOC,GROSS FINANCING: SECURITIES OUT SPECIFIC TRANSACTIONS - ON/OPEN - Change From Previous Week
1008,SBN2024,PDSI20TGS-TC,GROSS FINANCING: SECURITIES OUT GENERAL - TERM - Change From Previous Week
1009,SBN2024,PDSI20TSSI-TC,GROSS FINANCING: SECURITIES IN SPECIFIC TRANSACTIONS - TERM - Change From Previous Week
1010,SBN2024,PDSI20TSTS-TC,GROSS FINANCING: SECURITIES OUT SPECIFIC TRANSACTIONS - TERM - Change From Previous Week
1011,SBN2024,PDSI2COT-WIBC,CUMULATIVE OUTRIGHT TRANSACTIONS WITH INTERDEALER BROKER - Change From Previous Week
1012,SBN2024,PDSI2COT-WOC,CUMULATIVE OUTRIGHT TRANSACTIONS WITH OTHERS - Change From Previous Week
1013,SBN2024,PDSI2F-TDC,FAILS TO DELIVER - Change From Previous Week
1014,SBN2024,PDSI2F-TRC,FAILS TO RECEIVE - Change From Previous Week
1015,SBN2024,PDSI2GFSIG-OOC,GROSS FINANCING: SECURITIES IN GENERAL - ON/OPEN - Change From Previous Week
1016,SBN2024,PDSI2GFSIG-TC,GROSS FINANCING: SECURITIES IN GENERAL - TERM - Change From Previous Week
1017,SBN2024,PDSI2NSPC,SECURITY NET SETTLED POSITION - Change From Previous Week
1018,SBN2024,PDSI2OGS-OOC,GROSS FINANCING: SECURITIES OUT GENERAL - ON/OPEN - Change From Previous Week
1019,SBN2024,PDSI2OSSI-OOC,GROSS FINANCING: SECURITIES IN SPECIFIC TRANSACTIONS - ON/OPEN - Change From Previous Week
1020,SBN2024,PDSI2OSS-OOC,GROSS FINANCING: SECURITIES OUT SPECIFIC TRANSACTIONS - ON/OPEN - Change From Previous Week
1021,SBN2024,PDSI2TGS-TC,GROSS FINANCING: SECURITIES OUT GENERAL - TERM - Change From Previous Week
1022,SBN2024,PDSI2TSSI-TC,GROSS FINANCING: SECURITIES IN SPECIFIC TRANSACTIONS - TERM - Change From Previous Week
1023,SBN2024,PDSI2TSTS-TC,GROSS FINANCING: SECURITIES OUT SPECIFIC TRANSACTIONS - TERM - Change From Previous Week
1024,SBN2024,PDSI30COT-WIBC,CUMULATIVE OUTRIGHT TRANSACTIONS WITH INTERDEALER BROKER - Change From Previous Week
1025,SBN2024,PDSI30COT-WOC,CUMULATIVE OUTRIGHT TRANSACTIONS WITH OTHERS - Change From Previous Week
1026,SBN2024,PDSI30F-TDC,FAILS TO DELIVER - Change From Previous Week
1027,SBN2024,PDSI30F-TRC,FAILS TO RECEIVE - Change From Previous Week
1028,SBN2024,PDSI30GFSIG-OOC,GROSS FINANCING: SECURITIES IN GENERAL - ON/OPEN - Change From Previous Week
1029,SBN2024,PDSI30GFSIG-TC,GROSS FINANCING: SECURITIES IN GENERAL - TERM - Change From Previous Week
1030,SBN2024,PDSI30NSPC,SECURITY NET SETTLED POSITION - Change From Previous Week
1031,SBN2024,PDSI30OGS-OOC,GROSS FINANCING: SECURITIES OUT GENERAL - ON/OPEN - Change From Previous Week
1032,SBN2024,PDSI30OSSI-OOC,GROSS FINANCING: SECURITIES IN SPECIFIC TRANSACTIONS - ON/OPEN - Change From Previous Week
1033,SBN2024,PDSI30OSS-OOC,GROSS FINANCING: SECURITIES OUT SPECIFIC TRANSACTIONS - ON/OPEN - Change From Previous Week
1034,SBN2024,PDSI30TGS-TC,GROSS FINANCING: SECURITIES OUT GENERAL - TERM - Change From Previous Week
1035,SBN2024,PDSI30TSSI-TC,GROSS FINANCING: SECURITIES IN SPECIFIC TRANSACTIONS - TERM - Change From Previous Week
1036,SBN2024,PDSI30TSTS-TC,GROSS FINANCING: SECURITIES OUT SPECIFIC TRANSACTIONS - TERM - Change From Previous Week
1037,SBN2024,PDSI3COT-WIBC,CUMULATIVE OUTRIGHT TRANSACTIONS WITH INTERDEALER BROKER - Change From Previous Week
1038,SBN2024,PDSI3COT-WOC,CUMULATIVE OUTRIGHT TRANSACTIONS WITH OTHERS - Change From Previous Week
1039,SBN2024,PDSI3F-TDC,FAILS TO DELIVER - Change From Previous Week
1040,SBN2024,PDSI3F-TRC,FAILS TO RECEIVE - Change From Previous Week
1041,SBN2024,PDSI3GFSIG-OOC,GROSS FINANCING: SECURITIES IN GENERAL - ON/OPEN - Change From Previous Week
1042,SBN2024,PDSI3GFSIG-TC,GROSS FINANCING: SECURITIES IN GENERAL - TERM - Change From Previous Week
1043,SBN2024,PDSI3NSPC,SECURITY NET SETTLED POSITION - Change From Previous Week
1044,SBN2024,PDSI3OGS-OOC,GROSS FINANCING: SECURITIES OUT GENERAL - ON/OPEN - Change From Previous Week
1045,SBN2024,PDSI3OSSI-OOC,GROSS FINANCING: SECURITIES IN SPECIFIC TRANSACTIONS - ON/OPEN - Change From Previous Week
1046,SBN2024,PDSI3OSS-OOC,GROSS FINANCING: SECURITIES OUT SPECIFIC TRANSACTIONS - ON/OPEN - Change From Previous Week
1047,SBN2024,PDSI3TGS-TC,GROSS FINANCING: SECURITIES OUT GENERAL - TERM - Change From Previous Week
1048,SBN2024,PDSI3TSSI-TC,GROSS FINANCING: SECURITIES IN SPECIFIC TRANSACTIONS - TERM - Change From Previous Week
1049,SBN2024,PDSI3TSTS-TC,GROSS FINANCING: SECURITIES OUT SPECIFIC TRANSACTIONS - TERM - Change From Previous Week
1050,SBN2024,PDSI5COT-WIBC,CUMULATIVE OUTRIGHT TRANSACTIONS WITH INTERDEALER BROKER - Change From Previous Week
1051,SBN2024,PDSI5COT-WOC,CUMULATIVE OUTRIGHT TRANSACTIONS WITH OTHERS - Change From Previous Week
1052,SBN2024,PDSI5F-TDC,FAILS TO DELIVER - Change From Previous Week
1053,SBN2024,PDSI5F-TRC,FAILS TO RECEIVE - Change From Previous Week
1054,SBN2024,PDSI5GFSIG-OOC,GROSS FINANCING: SECURITIES IN GENERAL - ON/OPEN - Change From Previous Week
1055,SBN2024,PDSI5GFSIG-TC,GROSS FINANCING: SECURITIES IN GENERAL - TERM - Change From Previous Week
1056,SBN2024,PDSI5NSPC,SECURITY NET SETTLED POSITION - Change From Previous Week
1057,SBN2024,PDSI5OGS-OOC,GROSS FINANCING: SECURITIES OUT GENERAL - ON/OPEN - Change From Previous Week
1058,SBN2024,PDSI5OSSI-OOC,GROSS FINANCING: SECURITIES IN SPECIFIC TRANSACTIONS - ON/OPEN - Change From Previous Week
1059,SBN2024,PDSI5OSS-OOC,GROSS FINANCING: SECURITIES OUT SPECIFIC TRANSACTIONS - ON/OPEN - Change From Previous Week
1060,SBN2024,PDSI5TGS-TC,GROSS FINANCING: SECURITIES OUT GENERAL - TERM - Change From Previous Week
1061,SBN2024,PDSI5TSSI-TC,GROSS FINANCING: SECURITIES IN SPECIFIC TRANSACTIONS - TERM - Change From Previous Week
1062,SBN2024,PDSI5TSTS-TC,GROSS FINANCING: SECURITIES OUT SPECIFIC TRANSACTIONS - TERM - Change From Previous Week
1063,SBN2024,PDSI7COT-WIBC,CUMULATIVE OUTRIGHT TRANSACTIONS WITH INTERDEALER BROKER - Change From Previous Week
1064,SBN2024,PDSI7COT-WOC,CUMULATIVE OUTRIGHT TRANSACTIONS WITH OTHERS - Change From Previous Week
1065,SBN2024,PDSI7F-TDC,FAILS TO DELIVER - Change From Previous Week
1066,SBN2024,PDSI7F-TRC,FAILS TO RECEIVE - Change From Previous Week
1067,SBN2024,PDSI7GFSIG-OOC,GROSS FINANCING: SECURITIES IN GENERAL - ON/OPEN - Change From Previous Week
1068,SBN2024,PDSI7GFSIG-TC,GROSS FINANCING: SECURITIES IN GENERAL - TERM - Change From Previous Week
1069,SBN2024,PDSI7NSPC,SECURITY NET SETTLED POSITION - Change From Previous Week
1070,SBN2024,PDSI7OGS-OOC,GROSS FINANCING: SECURITIES OUT GENERAL - ON/OPEN - Change From Previous Week
1071,SBN2024,PDSI7OSSI-OOC,GROSS FINANCING: SECURITIES IN SPECIFIC TRANSACTIONS - ON/OPEN - Change From Previous Week
1072,SBN2024,PDSI7OSS-OOC,GROSS FINANCING: SECURITIES OUT SPECIFIC TRANSACTIONS - ON/OPEN - Change From Previous Week
1073,SBN2024,PDSI7TGS-TC,GROSS FINANCING: SECURITIES OUT GENERAL - TERM - Change From Previous Week
1074,SBN2024,PDSI7TSSI-TC,GROSS FINANCING: SECURITIES IN SPECIFIC TRANSACTIONS - TERM - Change From Previous Week
1075,SBN2024,PDSI7TSTS-TC,GROSS FINANCING: SECURITIES OUT SPECIFIC TRANSACTIONS - TERM - Change From Previous Week
1076,SBN2024,PDST10COT-WIBC,CUMULATIVE OUTRIGHT TRANSACTIONS WITH INTERDEALER BROKER - Change From Previous Week
1077,SBN2024,PDST10COT-WOC,CUMULATIVE OUTRIGHT TRANSACTIONS WITH OTHERS - Change From Previous Week
1078,SBN2024,PDST10F-TDC,FAILS TO DELIVER - Change From Previous Week
1079,SBN2024,PDST10F-TRC,FAILS TO RECEIVE - Change From Previous Week
1080,SBN2024,PDST10GFSIG-OOC,GROSS FINANCING: SECURITIES IN GENERAL - ON/OPEN - Change From Previous Week
1081,SBN2024,PDST10GFSIG-TC,GROSS FINANCING: SECURITIES IN GENERAL - TERM - Change From Previous Week
1082,SBN2024,PDST10NSPC,SECURITY NET SETTLED POSITION - Change From Previous Week
1083,SBN2024,PDST10OGS-OOC,GROSS FINANCING: SECURITIES OUT GENERAL - ON/OPEN - Change From Previous Week
1084,SBN2024,PDST10OSSI-OOC,GROSS FINANCING: SECURITIES IN SPECIFIC TRANSACTIONS - ON/OPEN - Change From Previous Week
1085,SBN2024,PDST10OSS-OOC,GROSS FINANCING: SECURITIES OUT SPECIFIC TRANSACTIONS - ON/OPEN - Change From Previous Week
1086,SBN2024,PDST10TGS-TC,GROSS FINANCING: SECURITIES OUT GENERAL - TERM - Change From Previous Week
1087,SBN2024,PDST10TSSI-TC,GROSS FINANCING: SECURITIES IN SPECIFIC TRANSACTIONS - TERM - Change From Previous Week
1088,SBN2024,PDST10TSTS-TC,GROSS FINANCING: SECURITIES OUT SPECIFIC TRANSACTIONS - TERM - Change From Previous Week
1089,SBN2024,PDST30COT-WIBC,CUMULATIVE OUTRIGHT TRANSACTIONS WITH INTERDEALER BROKER - Change From Previous Week
1090,SBN2024,PDST30COT-WOC,CUMULATIVE OUTRIGHT TRANSACTIONS WITH OTHERS - Change From Previous Week
1091,SBN2024,PDST30F-TDC,FAILS TO DELIVER - Change From Previous Week
1092,SBN2024,PDST30F-TRC,FAILS TO RECEIVE - Change From Previous Week
1093,SBN2024,PDST30GFSIG-OOC,GROSS FINANCING: SECURITIES IN GENERAL - ON/OPEN - Change From Previous Week
1094,SBN2024,PDST30GFSIG-TC,GROSS FINANCING: SECURITIES IN GENERAL - TERM - Change From Previous Week
1095,SBN2024,PDST30NSPC,SECURITY NET SETTLED POSITION - Change From Previous Week
1096,SBN2024,PDST30OGS-OOC,GROSS FINANCING: SECURITIES OUT GENERAL - ON/OPEN - Change From Previous Week
1097,SBN2024,PDST30OSSI-OOC,GROSS FINANCING: SECURITIES IN SPECIFIC TRANSACTIONS - ON/OPEN - Change From Previous Week
1098,SBN2024,PDST30OSS-OOC,GROSS FINANCING: SECURITIES OUT SPECIFIC TRANSACTIONS - ON/OPEN - Change From Previous Week
1099,SBN2024,PDST30TGS-TC,GROSS FINANCING: SECURITIES OUT GENERAL - TERM - Change From Previous Week
1100,SBN2024,PDST30TSSI-TC,GROSS FINANCING: SECURITIES IN SPECIFIC TRANSACTIONS - TERM - Change From Previous Week
1101,SBN2024,PDST30TSTS-TC,GROSS FINANCING: SECURITIES OUT SPECIFIC TRANSACTIONS - TERM - Change From Previous Week
1102,SBN2024,PDST5COT-WIBC,CUMULATIVE OUTRIGHT TRANSACTIONS WITH INTERDEALER BROKER - Change From Previous Week
1103,SBN2024,PDST5COT-WOC,CUMULATIVE OUTRIGHT TRANSACTIONS WITH OTHERS - Change From Previous Week
1104,SBN2024,PDST5F-TDC,FAILS TO DELIVER - Change From Previous Week
1105,SBN2024,PDST5F-TRC,FAILS TO RECEIVE - Change From Previous Week
1106,SBN2024,PDST5GFSIG-OOC,GROSS FINANCING: SECURITIES IN GENERAL - ON/OPEN - Change From Previous Week
1107,SBN2024,PDST5GFSIG-TC,GROSS FINANCING: SECURITIES IN GENERAL - TERM - Change From Previous Week
1108,SBN2024,PDST5NSPC,SECURITY NET SETTLED POSITION - Change From Previous Week
1109,SBN2024,PDST5OGS-OOC,GROSS FINANCING: SECURITIES OUT GENERAL - ON/OPEN - Change From Previous Week
1110,SBN2024,PDST5OSSI-OOC,GROSS FINANCING: SECURITIES IN SPECIFIC TRANSACTIONS - ON/OPEN - Change From Previous Week
1111,SBN2024,PDST5OSS-OOC,GROSS FINANCING: SECURITIES OUT SPECIFIC TRANSACTIONS - ON/OPEN - Change From Previous Week
1112,SBN2024,PDST5TGS-TC,GROSS FINANCING: SECURITIES OUT GENERAL - TERM - Change From Previous Week
1113,SBN2024,PDST5TSSI-TC,GROSS FINANCING: SECURITIES IN SPECIFIC TRANSACTIONS - TERM - Change From Previous Week
1114,SBN2024,PDST5TSTS-TC,GROSS FINANCING: SECURITIES OUT SPECIFIC TRANSACTIONS - TERM - Change From Previous Week
1115,SBN2024,PDCAFHLMCNONUMBS-FD25,"CLASS A, 30-YEAR FEDERAL AGENCY AND GSE PASS-THROUGH MBS FAILS 2.5 PERCENT: FHLMC (NON-UMBS) FAILS TO DELIVER"
1116,SBN2024,PDCAFHLMCNONUMBS-FR25,"CLASS A, 30-YEAR FEDERAL AGENCY AND GSE PASS-THROUGH MBS FAILS 2.5 PERCENT: FHLMC (NON-UMBS) FAILS TO RECEIVE"
1117,SBN2024,PDCAFNMAFHLMC-FD25,"CLASS A, 30-YEAR FEDERAL AGENCY AND GSE PASS-THROUGH MBS FAILS 2.5 PERCENT: FNMA/FHLMC UMBS FAILS TO DELIVER"
1118,SBN2024,PDCAFNMAFHLMC-FR25,"CLASS A, 30-YEAR FEDERAL AGENCY AND GSE PASS-THROUGH MBS FAILS 2.5 PERCENT: FNMA/FHLMC UMBS FAILS TO RECEIVE"
1119,SBN2024,PDCAFHLMCNONUMBS-FD30,"CLASS A, 30-YEAR FEDERAL AGENCY AND GSE PASS-THROUGH MBS FAILS 3.0 PERCENT: FHLMC (NON-UMBS) FAILS TO DELIVER"
1120,SBN2024,PDCAFHLMCNONUMBS-FR30,"CLASS A, 30-YEAR FEDERAL AGENCY AND GSE PASS-THROUGH MBS FAILS 3.0 PERCENT: FHLMC (NON-UMBS) FAILS TO RECEIVE"
1121,SBN2024,PDCAFNMAFHLMC-FD30,"CLASS A, 30-YEAR FEDERAL AGENCY AND GSE PASS-THROUGH MBS FAILS 3.0 PERCENT: FNMA/FHLMC UMBS FAILS TO DELIVER"
1122,SBN2024,PDCAFNMAFHLMC-FR30,"CLASS A, 30-YEAR FEDERAL AGENCY AND GSE PASS-THROUGH MBS FAILS 3.0 PERCENT: FNMA/FHLMC UMBS FAILS TO RECEIVE"
1123,SBN2024,PDCAFHLMCNONUMBS-FD35,"CLASS A, 30-YEAR FEDERAL AGENCY AND GSE PASS-THROUGH MBS FAILS 3.5 PERCENT: FHLMC (NON-UMBS) FAILS TO DELIVER"
1124,SBN2024,PDCAFHLMCNONUMBS-FR35,"CLASS A, 30-YEAR FEDERAL AGENCY AND GSE PASS-THROUGH MBS FAILS 3.5 PERCENT: FHLMC (NON-UMBS) FAILS TO RECEIVE"
1125,SBN2024,PDCAFNMAFHLMC-FD35,"CLASS A, 30-YEAR FEDERAL AGENCY AND GSE PASS-THROUGH MBS FAILS 3.5 PERCENT: FNMA/FHLMC UMBS FAILS TO DELIVER"
1126,SBN2024,PDCAFNMAFHLMC-FR35,"CLASS A, 30-YEAR FEDERAL AGENCY AND GSE PASS-THROUGH MBS FAILS 3.5 PERCENT: FNMA/FHLMC UMBS FAILS TO RECEIVE"
1127,SBN2024,PDCAFHLMCNONUMBS-FD40,"CLASS A, 30-YEAR FEDERAL AGENCY AND GSE PASS-THROUGH MBS FAILS 4.0 PERCENT: FHLMC (NON-UMBS) FAILS TO DELIVER"
1128,SBN2024,PDCAFHLMCNONUMBS-FR40,"CLASS A, 30-YEAR FEDERAL AGENCY AND GSE PASS-THROUGH MBS FAILS 4.0 PERCENT: FHLMC (NON-UMBS) FAILS TO RECEIVE"
1129,SBN2024,PDCAFNMAFHLMC-FD40,"CLASS A, 30-YEAR FEDERAL AGENCY AND GSE PASS-THROUGH MBS FAILS 4.0 PERCENT: FNMA/FHLMC UMBS FAILS TO DELIVER"
1130,SBN2024,PDCAFNMAFHLMC-FR40,"CLASS A, 30-YEAR FEDERAL AGENCY AND GSE PASS-THROUGH MBS FAILS 4.0 PERCENT: FNMA/FHLMC UMBS FAILS TO RECEIVE"
1131,SBN2024,PDCAFHLMCNONUMBS-FD45,"CLASS A, 30-YEAR FEDERAL AGENCY AND GSE PASS-THROUGH MBS FAILS 4.5 PERCENT: FHLMC (NON-UMBS) FAILS TO DELIVER"
1132,SBN2024,PDCAFHLMCNONUMBS-FR45,"CLASS A, 30-YEAR FEDERAL AGENCY AND GSE PASS-THROUGH MBS FAILS 4.5 PERCENT: FHLMC (NON-UMBS) FAILS TO RECEIVE"
1133,SBN2024,PDCAFNMAFHLMC-FD45,"CLASS A, 30-YEAR FEDERAL AGENCY AND GSE PASS-THROUGH MBS FAILS 4.5 PERCENT: FNMA/FHLMC UMBS FAILS TO DELIVER"
1134,SBN2024,PDCAFNMAFHLMC-FR45,"CLASS A, 30-YEAR FEDERAL AGENCY AND GSE PASS-THROUGH MBS FAILS 4.5 PERCENT: FNMA/FHLMC UMBS FAILS TO RECEIVE"
1135,SBN2024,PDCAFHLMCNONUMBS-FD50,"CLASS A, 30-YEAR FEDERAL AGENCY AND GSE PASS-THROUGH MBS FAILS 5.0 PERCENT: FHLMC (NON-UMBS) FAILS TO DELIVER"
1136,SBN2024,PDCAFHLMCNONUMBS-FR50,"CLASS A, 30-YEAR FEDERAL AGENCY AND GSE PASS-THROUGH MBS FAILS 5.0 PERCENT: FHLMC (NON-UMBS) FAILS TO RECEIVE"
1137,SBN2024,PDCAFNMAFHLMC-FD50,"CLASS A, 30-YEAR FEDERAL AGENCY AND GSE PASS-THROUGH MBS FAILS 5.0 PERCENT: FNMA/FHLMC UMBS FAILS TO DELIVER"
1138,SBN2024,PDCAFNMAFHLMC-FR50,"CLASS A, 30-YEAR FEDERAL AGENCY AND GSE PASS-THROUGH MBS FAILS 5.0 PERCENT: FNMA/FHLMC UMBS FAILS TO RECEIVE"
1139,SBN2024,PDCAFHLMCNONUMBS-FD55,"CLASS A, 30-YEAR FEDERAL AGENCY AND GSE PASS-THROUGH MBS FAILS 5.5 PERCENT: FHLMC (NON-UMBS) FAILS TO DELIVER"
1140,SBN2024,PDCAFHLMCNONUMBS-FR55,"CLASS A, 30-YEAR FEDERAL AGENCY AND GSE PASS-THROUGH MBS FAILS 5.5 PERCENT: FHLMC (NON-UMBS) FAILS TO RECEIVE"
1141,SBN2024,PDCAFNMAFHLMC-FD55,"CLASS A, 30-YEAR FEDERAL AGENCY AND GSE PASS-THROUGH MBS FAILS 5.5 PERCENT: FNMA/FHLMC UMBS FAILS TO DELIVER"
1142,SBN2024,PDCAFNMAFHLMC-FR55,"CLASS A, 30-YEAR FEDERAL AGENCY AND GSE PASS-THROUGH MBS FAILS 5.5 PERCENT: FNMA/FHLMC UMBS FAILS TO RECEIVE"
1143,SBN2024,PDCAFHLMCNONUMBS-FD60,"CLASS A, 30-YEAR FEDERAL AGENCY AND GSE PASS-THROUGH MBS FAILS 6.0 PERCENT: FHLMC (NON-UMBS) FAILS TO DELIVER"
1144,SBN2024,PDCAFHLMCNONUMBS-FR60,"CLASS A, 30-YEAR FEDERAL AGENCY AND GSE PASS-THROUGH MBS FAILS 6.0 PERCENT: FHLMC (NON-UMBS) FAILS TO RECEIVE"
1145,SBN2024,PDCAFNMAFHLMC-FD60,"CLASS A, 30-YEAR FEDERAL AGENCY AND GSE PASS-THROUGH MBS FAILS 6.0 PERCENT: FNMA/FHLMC UMBS FAILS TO DELIVER"
1146,SBN2024,PDCAFNMAFHLMC-FR60,"CLASS A, 30-YEAR FEDERAL AGENCY AND GSE PASS-THROUGH MBS FAILS 6.0 PERCENT: FNMA/FHLMC UMBS FAILS TO RECEIVE"
1147,SBN2024,PDCAFHLMCNONUMBS-FDG60,"CLASS A, 30-YEAR FEDERAL AGENCY AND GSE PASS-THROUGH MBS FAILS GREATER THAN 6.0 PERCENT: FHLMC (NON-UMBS) FAILS TO DELIVER"
1148,SBN2024,PDCAFHLMCNONUMBS-FRG60,"CLASS A, 30-YEAR FEDERAL AGENCY AND GSE PASS-THROUGH MBS FAILS GREATER THAN 6.0 PERCENT: FHLMC (NON-UMBS) FAILS TO RECEIVE"
1149,SBN2024,PDCAFNMAFHLMC-FDG60,"CLASS A, 30-YEAR FEDERAL AGENCY AND GSE PASS-THROUGH MBS FAILS GREATER THAN 6.0 PERCENT: FNMA/FHLMC UMBS FAILS TO DELIVER"
1150,SBN2024,PDCAFNMAFHLMC-FRG60,"CLASS A, 30-YEAR FEDERAL AGENCY AND GSE PASS-THROUGH MBS FAILS GREATER THAN 6.0 PERCENT: FNMA/FHLMC UMBS FAILS TO RECEIVE"
1151,SBN2024,PDCAFHLMCNONUMBS-FDL25,"CLASS A, 30-YEAR FEDERAL AGENCY AND GSE PASS-THROUGH MBS FAILS LESS THAN 2.5 PERCENT: FHLMC (NON-UMBS) FAILS TO DELIVER"
1152,SBN2024,PDCAFHLMCNONUMBS-FRL25,"CLASS A, 30-YEAR FEDERAL AGENCY AND GSE PASS-THROUGH MBS FAILS LESS THAN 2.5 PERCENT: FHLMC (NON-UMBS) FAILS TO RECEIVE"
1153,SBN2024,PDCAFNMAFHLMC-FDL25,"CLASS A, 30-YEAR FEDERAL AGENCY AND GSE PASS-THROUGH MBS FAILS LESS THAN 2.5 PERCENT: FNMA/FHLMC UMBS FAILS TO DELIVER"
1154,SBN2024,PDCAFNMAFHLMC-FRL25,"CLASS A, 30-YEAR FEDERAL AGENCY AND GSE PASS-THROUGH MBS FAILS LESS THAN 2.5 PERCENT: FNMA/FHLMC UMBS FAILS TO RECEIVE"
1155,SBN2024,PDCAFHLMCNONUMBS-DR25,"CLASS A, 30-YEAR FEDERAL AGENCY AND GSE PASS-THROUGH MBS TRANSACTION VOLUMES 2.5 PERCENT: FHLMC (NON-UMBS) DOLLAR ROLL"
1156,SBN2024,PDCAFHLMCNONUMBS-OUT25,"CLASS A, 30-YEAR FEDERAL AGENCY AND GSE PASS-THROUGH MBS TRANSACTION VOLUMES 2.5 PERCENT: FHLMC (NON-UMBS) OUTRIGHT"
1157,SBN2024,PDCAFNMAFHLMC-DR25,"CLASS A, 30-YEAR FEDERAL AGENCY AND GSE PASS-THROUGH MBS TRANSACTION VOLUMES 2.5 PERCENT: FNMA/FHLMC UMBS DOLLAR ROLL"
1158,SBN2024,PDCAFNMAFHLMC-OUT25,"CLASS A, 30-YEAR FEDERAL AGENCY AND GSE PASS-THROUGH MBS TRANSACTION VOLUMES 2.5 PERCENT: FNMA/FHLMC UMBS OUTRIGHT"
1159,SBN2024,PDCAFHLMCNONUMBS-DR30,"CLASS A, 30-YEAR FEDERAL AGENCY AND GSE PASS-THROUGH MBS TRANSACTION VOLUMES 3.0 PERCENT: FHLMC (NON-UMBS) DOLLAR ROLL"
1160,SBN2024,PDCAFHLMCNONUMBS-OUT30,"CLASS A, 30-YEAR FEDERAL AGENCY AND GSE PASS-THROUGH MBS TRANSACTION VOLUMES 3.0 PERCENT: FHLMC (NON-UMBS) OUTRIGHT"
1161,SBN2024,PDCAFNMAFHLMC-DR30,"CLASS A, 30-YEAR FEDERAL AGENCY AND GSE PASS-THROUGH MBS TRANSACTION VOLUMES 3.0 PERCENT: FNMA/FHLMC UMBS DOLLAR ROLL"
1162,SBN2024,PDCAFNMAFHLMC-OUT30,"CLASS A, 30-YEAR FEDERAL AGENCY AND GSE PASS-THROUGH MBS TRANSACTION VOLUMES 3.0 PERCENT: FNMA/FHLMC UMBS OUTRIGHT"
1163,SBN2024,PDCAFHLMCNONUMBS-DR35,"CLASS A, 30-YEAR FEDERAL AGENCY AND GSE PASS-THROUGH MBS TRANSACTION VOLUMES 3.5 PERCENT: FHLMC (NON-UMBS) DOLLAR ROLL"
1164,SBN2024,PDCAFHLMCNONUMBS-OUT35,"CLASS A, 30-YEAR FEDERAL AGENCY AND GSE PASS-THROUGH MBS TRANSACTION VOLUMES 3.5 PERCENT: FHLMC (NON-UMBS) OUTRIGHT"
1165,SBN2024,PDCAFNMAFHLMC-DR35,"CLASS A, 30-YEAR FEDERAL AGENCY AND GSE PASS-THROUGH MBS TRANSACTION VOLUMES 3.5 PERCENT: FNMA/FHLMC UMBS DOLLAR ROLL"
1166,SBN2024,PDCAFNMAFHLMC-OUT35,"CLASS A, 30-YEAR FEDERAL AGENCY AND GSE PASS-THROUGH MBS TRANSACTION VOLUMES 3.5 PERCENT: FNMA/FHLMC UMBS OUTRIGHT"
1167,SBN2024,PDCAFHLMCNONUMBS-DR40,"CLASS A, 30-YEAR FEDERAL AGENCY AND GSE PASS-THROUGH MBS TRANSACTION VOLUMES 4.0 PERCENT: FHLMC (NON-UMBS) DOLLAR ROLL"
1168,SBN2024,PDCAFHLMCNONUMBS-OUT40,"CLASS A, 30-YEAR FEDERAL AGENCY AND GSE PASS-THROUGH MBS TRANSACTION VOLUMES 4.0 PERCENT: FHLMC (NON-UMBS) OUTRIGHT"
1169,SBN2024,PDCAFNMAFHLMC-DR40,"CLASS A, 30-YEAR FEDERAL AGENCY AND GSE PASS-THROUGH MBS TRANSACTION VOLUMES 4.0 PERCENT: FNMA/FHLMC UMBS DOLLAR ROLL"
1170,SBN2024,PDCAFNMAFHLMC-OUT40,"CLASS A, 30-YEAR FEDERAL AGENCY AND GSE PASS-THROUGH MBS TRANSACTION VOLUMES 4.0 PERCENT: FNMA/FHLMC UMBS OUTRIGHT"
1171,SBN2024,PDCAFHLMCNONUMBS-DR45,"CLASS A, 30-YEAR FEDERAL AGENCY AND GSE PASS-THROUGH MBS TRANSACTION VOLUMES 4.5 PERCENT: FHLMC (NON-UMBS) DOLLAR ROLL"
1172,SBN2024,PDCAFHLMCNONUMBS-OUT45,"CLASS A, 30-YEAR FEDERAL AGENCY AND GSE PASS-THROUGH MBS TRANSACTION VOLUMES 4.5 PERCENT: FHLMC (NON-UMBS) OUTRIGHT"
1173,SBN2024,PDCAFNMAFHLMC-DR45,"CLASS A, 30-YEAR FEDERAL AGENCY AND GSE PASS-THROUGH MBS TRANSACTION VOLUMES 4.5 PERCENT: FNMA/FHLMC UMBS DOLLAR ROLL"
1174,SBN2024,PDCAFNMAFHLMC-OUT45,"CLASS A, 30-YEAR FEDERAL AGENCY AND GSE PASS-THROUGH MBS TRANSACTION VOLUMES 4.5 PERCENT: FNMA/FHLMC UMBS OUTRIGHT"
1175,SBN2024,PDCAFHLMCNONUMBS-DR50,"CLASS A, 30-YEAR FEDERAL AGENCY AND GSE PASS-THROUGH MBS TRANSACTION VOLUMES 5.0 PERCENT: FHLMC (NON-UMBS) DOLLAR ROLL"
1176,SBN2024,PDCAFHLMCNONUMBS-OUT50,"CLASS A, 30-YEAR FEDERAL AGENCY AND GSE PASS-THROUGH MBS TRANSACTION VOLUMES 5.0 PERCENT: FHLMC (NON-UMBS) OUTRIGHT"
1177,SBN2024,PDCAFNMAFHLMC-DR50,"CLASS A, 30-YEAR FEDERAL AGENCY AND GSE PASS-THROUGH MBS TRANSACTION VOLUMES 5.0 PERCENT: FNMA/FHLMC UMBS DOLLAR ROLL"
1178,SBN2024,PDCAFNMAFHLMC-OUT50,"CLASS A, 30-YEAR FEDERAL AGENCY AND GSE PASS-THROUGH MBS TRANSACTION VOLUMES 5.0 PERCENT: FNMA/FHLMC UMBS OUTRIGHT"
1179,SBN2024,PDCAFHLMCNONUMBS-DR55,"CLASS A, 30-YEAR FEDERAL AGENCY AND GSE PASS-THROUGH MBS TRANSACTION VOLUMES 5.5 PERCENT: FHLMC (NON-UMBS) DOLLAR ROLL"
1180,SBN2024,PDCAFHLMCNONUMBS-OUT55,"CLASS A, 30-YEAR FEDERAL AGENCY AND GSE PASS-THROUGH MBS TRANSACTION VOLUMES 5.5 PERCENT: FHLMC (NON-UMBS) OUTRIGHT"
1181,SBN2024,PDCAFNMAFHLMC-DR55,"CLASS A, 30-YEAR FEDERAL AGENCY AND GSE PASS-THROUGH MBS TRANSACTION VOLUMES 5.5 PERCENT: FNMA/FHLMC UMBS DOLLAR ROLL"
1182,SBN2024,PDCAFNMAFHLMC-OUT55,"CLASS A, 30-YEAR FEDERAL AGENCY AND GSE PASS-THROUGH MBS TRANSACTION VOLUMES 5.5 PERCENT: FNMA/FHLMC UMBS OUTRIGHT"
1183,SBN2024,PDCAFHLMCNONUMBS-DR60,"CLASS A, 30-YEAR FEDERAL AGENCY AND GSE PASS-THROUGH MBS TRANSACTION VOLUMES 6.0 PERCENT: FHLMC (NON-UMBS) DOLLAR ROLL"
1184,SBN2024,PDCAFHLMCNONUMBS-OUT60,"CLASS A, 30-YEAR FEDERAL AGENCY AND GSE PASS-THROUGH MBS TRANSACTION VOLUMES 6.0 PERCENT: FHLMC (NON-UMBS) OUTRIGHT"
1185,SBN2024,PDCAFNMAFHLMC-DR60,"CLASS A, 30-YEAR FEDERAL AGENCY AND GSE PASS-THROUGH MBS TRANSACTION VOLUMES 6.0 PERCENT: FNMA/FHLMC UMBS DOLLAR ROLL"
1186,SBN2024,PDCAFNMAFHLMC-OUT60,"CLASS A, 30-YEAR FEDERAL AGENCY AND GSE PASS-THROUGH MBS TRANSACTION VOLUMES 6.0 PERCENT: FNMA/FHLMC UMBS OUTRIGHT"
1187,SBN2024,PDCAFHLMCNONUMBS-DRG60,"CLASS A, 30-YEAR FEDERAL AGENCY AND GSE PASS-THROUGH MBS TRANSACTION VOLUMES GREATER THAN 6.0 PERCENT: FHLMC (NON-UMBS) DOLLAR ROLL"
1188,SBN2024,PDCAFHLMCNONUMBS-OUTG60,"CLASS A, 30-YEAR FEDERAL AGENCY AND GSE PASS-THROUGH MBS TRANSACTION VOLUMES GREATER THAN 6.0 PERCENT: FHLMC (NON-UMBS) OUTRIGHT"
1189,SBN2024,PDCAFNMAFHLMC-DRG60,"CLASS A, 30-YEAR FEDERAL AGENCY AND GSE PASS-THROUGH MBS TRANSACTION VOLUMES GREATER THAN 6.0 PERCENT: FNMA/FHLMC UMBS DOLLAR ROLL"
1190,SBN2024,PDCAFNMAFHLMC-OUTG60,"CLASS A, 30-YEAR FEDERAL AGENCY AND GSE PASS-THROUGH MBS TRANSACTION VOLUMES GREATER THAN 6.0 PERCENT: FNMA/FHLMC UMBS OUTRIGHT"
1191,SBN2024,PDCAFHLMCNONUMBS-DRL25,"CLASS A, 30-YEAR FEDERAL AGENCY AND GSE PASS-THROUGH MBS TRANSACTION VOLUMES LESS THAN 2.5 PERCENT: FHLMC (NON-UMBS) DOLLAR ROLL"
1192,SBN2024,PDCAFHLMCNONUMBS-OUTL25,"CLASS A, 30-YEAR FEDERAL AGENCY AND GSE PASS-THROUGH MBS TRANSACTION VOLUMES LESS THAN 2.5 PERCENT: FHLMC (NON-UMBS) OUTRIGHT"
1193,SBN2024,PDCAFNMAFHLMC-DRL25,"CLASS A, 30-YEAR FEDERAL AGENCY AND GSE PASS-THROUGH MBS TRANSACTION VOLUMES LESS THAN 2.5 PERCENT: FNMA/FHLMC UMBS DOLLAR ROLL"
1194,SBN2024,PDCAFNMAFHLMC-OUTL25,"CLASS A, 30-YEAR FEDERAL AGENCY AND GSE PASS-THROUGH MBS TRANSACTION VOLUMES LESS THAN 2.5 PERCENT: FNMA/FHLMC UMBS OUTRIGHT"
1195,SBN2024,PDCBFHLMCNONUMBS-FD20,"CLASS B, 15-YEAR FEDERAL AGENCY AND GSE PASS-THROUGH MBS FAILS 2.0 PERCENT: FHLMC (NON-UMBS) FAILS TO DELIVER"
1196,SBN2024,PDCBFHLMCNONUMBS-FR20,"CLASS B, 15-YEAR FEDERAL AGENCY AND GSE PASS-THROUGH MBS FAILS 2.0 PERCENT: FHLMC (NON-UMBS) FAILS TO RECEIVE"
1197,SBN2024,PDCBFNMAFHLMC-FD20,"CLASS B, 15-YEAR FEDERAL AGENCY AND GSE PASS-THROUGH MBS FAILS 2.0 PERCENT: FNMA/FHLMC UMBS FAILS TO DELIVER"
1198,SBN2024,PDCBFNMAFHLMC-FR20,"CLASS B, 15-YEAR FEDERAL AGENCY AND GSE PASS-THROUGH MBS FAILS 2.0 PERCENT: FNMA/FHLMC UMBS FAILS TO RECEIVE"
1199,SBN2024,PDCBFHLMCNONUMBS-FD25,"CLASS B, 15-YEAR FEDERAL AGENCY AND GSE PASS-THROUGH MBS FAILS 2.5 PERCENT: FHLMC (NON-UMBS) FAILS TO DELIVER"
1200,SBN2024,PDCBFHLMCNONUMBS-FR25,"CLASS B, 15-YEAR FEDERAL AGENCY AND GSE PASS-THROUGH MBS FAILS 2.5 PERCENT: FHLMC (NON-UMBS) FAILS TO RECEIVE"
1201,SBN2024,PDCBFNMAFHLMC-FD25,"CLASS B, 15-YEAR FEDERAL AGENCY AND GSE PASS-THROUGH MBS FAILS 2.5 PERCENT: FNMA/FHLMC UMBS FAILS TO DELIVER"
1202,SBN2024,PDCBFNMAFHLMC-FR25,"CLASS B, 15-YEAR FEDERAL AGENCY AND GSE PASS-THROUGH MBS FAILS 2.5 PERCENT: FNMA/FHLMC UMBS FAILS TO RECEIVE"
1203,SBN2024,PDCBFHLMCNONUMBS-FD30,"CLASS B, 15-YEAR FEDERAL AGENCY AND GSE PASS-THROUGH MBS FAILS 3.0 PERCENT: FHLMC (NON-UMBS) FAILS TO DELIVER"
1204,SBN2024,PDCBFHLMCNONUMBS-FR30,"CLASS B, 15-YEAR FEDERAL AGENCY AND GSE PASS-THROUGH MBS FAILS 3.0 PERCENT: FHLMC (NON-UMBS) FAILS TO RECEIVE"
1205,SBN2024,PDCBFNMAFHLMC-FD30,"CLASS B, 15-YEAR FEDERAL AGENCY AND GSE PASS-THROUGH MBS FAILS 3.0 PERCENT: FNMA/FHLMC UMBS FAILS TO DELIVER"
1206,SBN2024,PDCBFNMAFHLMC-FR30,"CLASS B, 15-YEAR FEDERAL AGENCY AND GSE PASS-THROUGH MBS FAILS 3.0 PERCENT: FNMA/FHLMC UMBS FAILS TO RECEIVE"
1207,SBN2024,PDCBFHLMCNONUMBS-FD35,"CLASS B, 15-YEAR FEDERAL AGENCY AND GSE PASS-THROUGH MBS FAILS 3.5 PERCENT: FHLMC (NON-UMBS) FAILS TO DELIVER"
1208,SBN2024,PDCBFHLMCNONUMBS-FR35,"CLASS B, 15-YEAR FEDERAL AGENCY AND GSE PASS-THROUGH MBS FAILS 3.5 PERCENT: FHLMC (NON-UMBS) FAILS TO RECEIVE"
1209,SBN2024,PDCBFNMAFHLMC-FD35,"CLASS B, 15-YEAR FEDERAL AGENCY AND GSE PASS-THROUGH MBS FAILS 3.5 PERCENT: FNMA/FHLMC UMBS FAILS TO DELIVER"
1210,SBN2024,PDCBFNMAFHLMC-FR35,"CLASS B, 15-YEAR FEDERAL AGENCY AND GSE PASS-THROUGH MBS FAILS 3.5 PERCENT: FNMA/FHLMC UMBS FAILS TO RECEIVE"
1211,SBN2024,PDCBFHLMCNONUMBS-FD40,"CLASS B, 15-YEAR FEDERAL AGENCY AND GSE PASS-THROUGH MBS FAILS 4.0 PERCENT: FHLMC (NON-UMBS) FAILS TO DELIVER"
1212,SBN2024,PDCBFHLMCNONUMBS-FR40,"CLASS B, 15-YEAR FEDERAL AGENCY AND GSE PASS-THROUGH MBS FAILS 4.0 PERCENT: FHLMC (NON-UMBS) FAILS TO RECEIVE"
1213,SBN2024,PDCBFNMAFHLMC-FD40,"CLASS B, 15-YEAR FEDERAL AGENCY AND GSE PASS-THROUGH MBS FAILS 4.0 PERCENT: FNMA/FHLMC UMBS FAILS TO DELIVER"
1214,SBN2024,PDCBFNMAFHLMC-FR40,"CLASS B, 15-YEAR FEDERAL AGENCY AND GSE PASS-THROUGH MBS FAILS 4.0 PERCENT: FNMA/FHLMC UMBS FAILS TO RECEIVE"
1215,SBN2024,PDCBFHLMCNONUMBS-FD45,"CLASS B, 15-YEAR FEDERAL AGENCY AND GSE PASS-THROUGH MBS FAILS 4.5 PERCENT: FHLMC (NON-UMBS) FAILS TO DELIVER"
1216,SBN2024,PDCBFHLMCNONUMBS-FR45,"CLASS B, 15-YEAR FEDERAL AGENCY AND GSE PASS-THROUGH MBS FAILS 4.5 PERCENT: FHLMC (NON-UMBS) FAILS TO RECEIVE"
1217,SBN2024,PDCBFNMAFHLMC-FD45,"CLASS B, 15-YEAR FEDERAL AGENCY AND GSE PASS-THROUGH MBS FAILS 4.5 PERCENT: FNMA/FHLMC UMBS FAILS TO DELIVER"
1218,SBN2024,PDCBFNMAFHLMC-FR45,"CLASS B, 15-YEAR FEDERAL AGENCY AND GSE PASS-THROUGH MBS FAILS 4.5 PERCENT: FNMA/FHLMC UMBS FAILS TO RECEIVE"
1219,SBN2024,PDCBFHLMCNONUMBS-FD50,"CLASS B, 15-YEAR FEDERAL AGENCY AND GSE PASS-THROUGH MBS FAILS 5.0 PERCENT: FHLMC (NON-UMBS) FAILS TO DELIVER"
1220,SBN2024,PDCBFHLMCNONUMBS-FR50,"CLASS B, 15-YEAR FEDERAL AGENCY AND GSE PASS-THROUGH MBS FAILS 5.0 PERCENT: FHLMC (NON-UMBS) FAILS TO RECEIVE"
1221,SBN2024,PDCBFNMAFHLMC-FD50,"CLASS B, 15-YEAR FEDERAL AGENCY AND GSE PASS-THROUGH MBS FAILS 5.0 PERCENT: FNMA/FHLMC UMBS FAILS TO DELIVER"
1222,SBN2024,PDCBFNMAFHLMC-FR50,"CLASS B, 15-YEAR FEDERAL AGENCY AND GSE PASS-THROUGH MBS FAILS 5.0 PERCENT: FNMA/FHLMC UMBS FAILS TO RECEIVE"
1223,SBN2024,PDCBFHLMCNONUMBS-FD55,"CLASS B, 15-YEAR FEDERAL AGENCY AND GSE PASS-THROUGH MBS FAILS 5.5 PERCENT: FHLMC (NON-UMBS) FAILS TO DELIVER"
1224,SBN2024,PDCBFHLMCNONUMBS-FR55,"CLASS B, 15-YEAR FEDERAL AGENCY AND GSE PASS-THROUGH MBS FAILS 5.5 PERCENT: FHLMC (NON-UMBS) FAILS TO RECEIVE"
1225,SBN2024,PDCBFNMAFHLMC-FD55,"CLASS B, 15-YEAR FEDERAL AGENCY AND GSE PASS-THROUGH MBS FAILS 5.5 PERCENT: FNMA/FHLMC UMBS FAILS TO DELIVER"
1226,SBN2024,PDCBFNMAFHLMC-FR55,"CLASS B, 15-YEAR FEDERAL AGENCY AND GSE PASS-THROUGH MBS FAILS 5.5 PERCENT: FNMA/FHLMC UMBS FAILS TO RECEIVE"
1227,SBN2024,PDCBFHLMCNONUMBS-FDG55,"CLASS B, 15-YEAR FEDERAL AGENCY AND GSE PASS-THROUGH MBS FAILS GREATER THAN 5.5 PERCENT: FHLMC (NON-UMBS) FAILS TO DELIVER"
1228,SBN2024,PDCBFHLMCNONUMBS-FRG55,"CLASS B, 15-YEAR FEDERAL AGENCY AND GSE PASS-THROUGH MBS FAILS GREATER THAN 5.5 PERCENT: FHLMC (NON-UMBS) FAILS TO RECEIVE"
1229,SBN2024,PDCBFNMAFHLMC-FDG55,"CLASS B, 15-YEAR FEDERAL AGENCY AND GSE PASS-THROUGH MBS FAILS GREATER THAN 5.5 PERCENT: FNMA/FHLMC UMBS FAILS TO DELIVER"
1230,SBN2024,PDCBFNMAFHLMC-FRG55,"CLASS B, 15-YEAR FEDERAL AGENCY AND GSE PASS-THROUGH MBS FAILS GREATER THAN 5.5 PERCENT: FNMA/FHLMC UMBS FAILS TO RECEIVE"
1231,SBN2024,PDCBFHLMCNONUMBS-FDL20,"CLASS B, 15-YEAR FEDERAL AGENCY AND GSE PASS-THROUGH MBS FAILS LESS THAN 2.0 PERCENT: FHLMC (NON-UMBS) FAILS TO DELIVER"
1232,SBN2024,PDCBFHLMCNONUMBS-FRL20,"CLASS B, 15-YEAR FEDERAL AGENCY AND GSE PASS-THROUGH MBS FAILS LESS THAN 2.0 PERCENT: FHLMC (NON-UMBS) FAILS TO RECEIVE"
1233,SBN2024,PDCBFNMAFHLMC-FDL20,"CLASS B, 15-YEAR FEDERAL AGENCY AND GSE PASS-THROUGH MBS FAILS LESS THAN 2.0 PERCENT: FNMA/FHLMC UMBS FAILS TO DELIVER"
1234,SBN2024,PDCBFNMAFHLMC-FRL20,"CLASS B, 15-YEAR FEDERAL AGENCY AND GSE PASS-THROUGH MBS FAILS LESS THAN 2.0 PERCENT: FNMA/FHLMC UMBS FAILS TO RECEIVE"
1235,SBN2024,PDCBFHLMCNONUMBS-DR20,"CLASS B, 15-YEAR FEDERAL AGENCY AND GSE PASS-THROUGH MBS TRANSACTION VOLUMES 2.0 PERCENT: FHLMC (NON-UMBS) DOLLAR ROLL"
1236,SBN2024,PDCBFHLMCNONUMBS-OUT20,"CLASS B, 15-YEAR FEDERAL AGENCY AND GSE PASS-THROUGH MBS TRANSACTION VOLUMES 2.0 PERCENT: FHLMC (NON-UMBS) OUTRIGHT"
1237,SBN2024,PDCBFNMAFHLMC-DR20,"CLASS B, 15-YEAR FEDERAL AGENCY AND GSE PASS-THROUGH MBS TRANSACTION VOLUMES 2.0 PERCENT: FNMA/FHLMC UMBS DOLLAR ROLL"
1238,SBN2024,PDCBFNMAFHLMC-OUT20,"CLASS B, 15-YEAR FEDERAL AGENCY AND GSE PASS-THROUGH MBS TRANSACTION VOLUMES 2.0 PERCENT: FNMA/FHLMC UMBS OUTRIGHT"
1239,SBN2024,PDCBFHLMCNONUMBS-DR25,"CLASS B, 15-YEAR FEDERAL AGENCY AND GSE PASS-THROUGH MBS TRANSACTION VOLUMES 2.5 PERCENT: FHLMC (NON-UMBS) DOLLAR ROLL"
1240,SBN2024,PDCBFHLMCNONUMBS-OUT25,"CLASS B, 15-YEAR FEDERAL AGENCY AND GSE PASS-THROUGH MBS TRANSACTION VOLUMES 2.5 PERCENT: FHLMC (NON-UMBS) OUTRIGHT"
1241,SBN2024,PDCBFNMAFHLMC-DR25,"CLASS B, 15-YEAR FEDERAL AGENCY AND GSE PASS-THROUGH MBS TRANSACTION VOLUMES 2.5 PERCENT: FNMA/FHLMC UMBS DOLLAR ROLL"
1242,SBN2024,PDCBFNMAFHLMC-OUT25,"CLASS B, 15-YEAR FEDERAL AGENCY AND GSE PASS-THROUGH MBS TRANSACTION VOLUMES 2.5 PERCENT: FNMA/FHLMC UMBS OUTRIGHT"
1243,SBN2024,PDCBFHLMCNONUMBS-DR30,"CLASS B, 15-YEAR FEDERAL AGENCY AND GSE PASS-THROUGH MBS TRANSACTION VOLUMES 3.0 PERCENT: FHLMC (NON-UMBS) DOLLAR ROLL"
1244,SBN2024,PDCBFHLMCNONUMBS-OUT30,"CLASS B, 15-YEAR FEDERAL AGENCY AND GSE PASS-THROUGH MBS TRANSACTION VOLUMES 3.0 PERCENT: FHLMC (NON-UMBS) OUTRIGHT"
1245,SBN2024,PDCBFNMAFHLMC-DR30,"CLASS B, 15-YEAR FEDERAL AGENCY AND GSE PASS-THROUGH MBS TRANSACTION VOLUMES 3.0 PERCENT: FNMA/FHLMC UMBS DOLLAR ROLL"
1246,SBN2024,PDCBFNMAFHLMC-OUT30,"CLASS B, 15-YEAR FEDERAL AGENCY AND GSE PASS-THROUGH MBS TRANSACTION VOLUMES 3.0 PERCENT: FNMA/FHLMC UMBS OUTRIGHT"
1247,SBN2024,PDCBFHLMCNONUMBS-DR35,"CLASS B, 15-YEAR FEDERAL AGENCY AND GSE PASS-THROUGH MBS TRANSACTION VOLUMES 3.5 PERCENT: FHLMC (NON-UMBS) DOLLAR ROLL"
1248,SBN2024,PDCBFHLMCNONUMBS-OUT35,"CLASS B, 15-YEAR FEDERAL AGENCY AND GSE PASS-THROUGH MBS TRANSACTION VOLUMES 3.5 PERCENT: FHLMC (NON-UMBS) OUTRIGHT"
1249,SBN2024,PDCBFNMAFHLMC-DR35,"CLASS B, 15-YEAR FEDERAL AGENCY AND GSE PASS-THROUGH MBS TRANSACTION VOLUMES 3.5 PERCENT: FNMA/FHLMC UMBS DOLLAR ROLL"
1250,SBN2024,PDCBFNMAFHLMC-OUT35,"CLASS B, 15-YEAR FEDERAL AGENCY AND GSE PASS-THROUGH MBS TRANSACTION VOLUMES 3.5 PERCENT: FNMA/FHLMC UMBS OUTRIGHT"
1251,SBN2024,PDCBFHLMCNONUMBS-DR40,"CLASS B, 15-YEAR FEDERAL AGENCY AND GSE PASS-THROUGH MBS TRANSACTION VOLUMES 4.0 PERCENT: FHLMC (NON-UMBS) DOLLAR ROLL"
1252,SBN2024,PDCBFHLMCNONUMBS-OUT40,"CLASS B, 15-YEAR FEDERAL AGENCY AND GSE PASS-THROUGH MBS TRANSACTION VOLUMES 4.0 PERCENT: FHLMC (NON-UMBS) OUTRIGHT"
1253,SBN2024,PDCBFNMAFHLMC-DR40,"CLASS B, 15-YEAR FEDERAL AGENCY AND GSE PASS-THROUGH MBS TRANSACTION VOLUMES 4.0 PERCENT: FNMA/FHLMC UMBS DOLLAR ROLL"
1254,SBN2024,PDCBFNMAFHLMC-OUT40,"CLASS B, 15-YEAR FEDERAL AGENCY AND GSE PASS-THROUGH MBS TRANSACTION VOLUMES 4.0 PERCENT: FNMA/FHLMC UMBS OUTRIGHT"
1255,SBN2024,PDCBFHLMCNONUMBS-DR45,"CLASS B, 15-YEAR FEDERAL AGENCY AND GSE PASS-THROUGH MBS TRANSACTION VOLUMES 4.5 PERCENT: FHLMC (NON-UMBS) DOLLAR ROLL"
1256,SBN2024,PDCBFHLMCNONUMBS-OUT45,"CLASS B, 15-YEAR FEDERAL AGENCY AND GSE PASS-THROUGH MBS TRANSACTION VOLUMES 4.5 PERCENT: FHLMC (NON-UMBS) OUTRIGHT"
1257,SBN2024,PDCBFNMAFHLMC-DR45,"CLASS B, 15-YEAR FEDERAL AGENCY AND GSE PASS-THROUGH MBS TRANSACTION VOLUMES 4.5 PERCENT: FNMA/FHLMC UMBS DOLLAR ROLL"
1258,SBN2024,PDCBFNMAFHLMC-OUT45,"CLASS B, 15-YEAR FEDERAL AGENCY AND GSE PASS-THROUGH MBS TRANSACTION VOLUMES 4.5 PERCENT: FNMA/FHLMC UMBS OUTRIGHT"
1259,SBN2024,PDCBFHLMCNONUMBS-DR50,"CLASS B, 15-YEAR FEDERAL AGENCY AND GSE PASS-THROUGH MBS TRANSACTION VOLUMES 5.0 PERCENT: FHLMC (NON-UMBS) DOLLAR ROLL"
1260,SBN2024,PDCBFHLMCNONUMBS-OUT50,"CLASS B, 15-YEAR FEDERAL AGENCY AND GSE PASS-THROUGH MBS TRANSACTION VOLUMES 5.0 PERCENT: FHLMC (NON-UMBS) OUTRIGHT"
1261,SBN2024,PDCBFNMAFHLMC-DR50,"CLASS B, 15-YEAR FEDERAL AGENCY AND GSE PASS-THROUGH MBS TRANSACTION VOLUMES 5.0 PERCENT: FNMA/FHLMC UMBS DOLLAR ROLL"
1262,SBN2024,PDCBFNMAFHLMC-OUT50,"CLASS B, 15-YEAR FEDERAL AGENCY AND GSE PASS-THROUGH MBS TRANSACTION VOLUMES 5.0 PERCENT: FNMA/FHLMC UMBS OUTRIGHT"
1263,SBN2024,PDCBFHLMCNONUMBS-DR55,"CLASS B, 15-YEAR FEDERAL AGENCY AND GSE PASS-THROUGH MBS TRANSACTION VOLUMES 5.5 PERCENT: FHLMC (NON-UMBS) DOLLAR ROLL"
1264,SBN2024,PDCBFHLMCNONUMBS-OUT55,"CLASS B, 15-YEAR FEDERAL AGENCY AND GSE PASS-THROUGH MBS TRANSACTION VOLUMES 5.5 PERCENT: FHLMC (NON-UMBS) OUTRIGHT"
1265,SBN2024,PDCBFNMAFHLMC-DR55,"CLASS B, 15-YEAR FEDERAL AGENCY AND GSE PASS-THROUGH MBS TRANSACTION VOLUMES 5.5 PERCENT: FNMA/FHLMC UMBS DOLLAR ROLL"
1266,SBN2024,PDCBFNMAFHLMC-OUT55,"CLASS B, 15-YEAR FEDERAL AGENCY AND GSE PASS-THROUGH MBS TRANSACTION VOLUMES 5.5 PERCENT: FNMA/FHLMC UMBS OUTRIGHT"
1267,SBN2024,PDCBFHLMCNONUMBS-DRG55,"CLASS B, 15-YEAR FEDERAL AGENCY AND GSE PASS-THROUGH MBS TRANSACTION VOLUMES GREATER THAN 5.5 PERCENT: FHLMC (NON-UMBS) DOLLAR ROLL"
1268,SBN2024,PDCBFHLMCNONUMBS-OUTG55,"CLASS B, 15-YEAR FEDERAL AGENCY AND GSE PASS-THROUGH MBS TRANSACTION VOLUMES GREATER THAN 5.5 PERCENT: FHLMC (NON-UMBS) OUTRIGHT"
1269,SBN2024,PDCBFNMAFHLMC-DRG55,"CLASS B, 15-YEAR FEDERAL AGENCY AND GSE PASS-THROUGH MBS TRANSACTION VOLUMES GREATER THAN 5.5 PERCENT: FNMA/FHLMC UMBS DOLLAR ROLL"
1270,SBN2024,PDCBFNMAFHLMC-OUTG55,"CLASS B, 15-YEAR FEDERAL AGENCY AND GSE PASS-THROUGH MBS TRANSACTION VOLUMES GREATER THAN 5.5 PERCENT: FNMA/FHLMC UMBS OUTRIGHT"
1271,SBN2024,PDCBFHLMCNONUMBS-DRL20,"CLASS B, 15-YEAR FEDERAL AGENCY AND GSE PASS-THROUGH MBS TRANSACTION VOLUMES LESS THAN 2.0 PERCENT: FHLMC (NON-UMBS) DOLLAR ROLL"
1272,SBN2024,PDCBFHLMCNONUMBS-OUTL20,"CLASS B, 15-YEAR FEDERAL AGENCY AND GSE PASS-THROUGH MBS TRANSACTION VOLUMES LESS THAN 2.0 PERCENT: FHLMC (NON-UMBS) OUTRIGHT"
1273,SBN2024,PDCBFNMAFHLMC-DRL20,"CLASS B, 15-YEAR FEDERAL AGENCY AND GSE PASS-THROUGH MBS TRANSACTION VOLUMES LESS THAN 2.0 PERCENT: FNMA/FHLMC UMBS DOLLAR ROLL"
1274,SBN2024,PDCBFNMAFHLMC-OUTL20,"CLASS B, 15-YEAR FEDERAL AGENCY AND GSE PASS-THROUGH MBS TRANSACTION VOLUMES LESS THAN 2.0 PERCENT: FNMA/FHLMC UMBS OUTRIGHT"
1275,SBN2024,PDCCGNMA-FD25,"CLASS C, 30-YEAR FEDERAL AGENCY AND GSE PASS-THROUGH MBS FAILS 2.5 PERCENT: GNMA FAILS TO DELIVER"
1276,SBN2024,PDCCGNMA-FR25,"CLASS C, 30-YEAR FEDERAL AGENCY AND GSE PASS-THROUGH MBS FAILS 2.5 PERCENT: GNMA FAILS TO RECEIVE"
1277,SBN2024,PDCCGNMA-FD30,"CLASS C, 30-YEAR FEDERAL AGENCY AND GSE PASS-THROUGH MBS FAILS 3.0 PERCENT: GNMA FAILS TO DELIVER"
1278,SBN2024,PDCCGNMA-FR30,"CLASS C, 30-YEAR FEDERAL AGENCY AND GSE PASS-THROUGH MBS FAILS 3.0 PERCENT: GNMA FAILS TO RECEIVE"
1279,SBN2024,PDCCGNMA-FD35,"CLASS C, 30-YEAR FEDERAL AGENCY AND GSE PASS-THROUGH MBS FAILS 3.5 PERCENT: GNMA FAILS TO DELIVER"
1280,SBN2024,PDCCGNMA-FR35,"CLASS C, 30-YEAR FEDERAL AGENCY AND GSE PASS-THROUGH MBS FAILS 3.5 PERCENT: GNMA FAILS TO RECEIVE"
1281,SBN2024,PDCCGNMA-FD40,"CLASS C, 30-YEAR FEDERAL AGENCY AND GSE PASS-THROUGH MBS FAILS 4.0 PERCENT: GNMA FAILS TO DELIVER"
1282,SBN2024,PDCCGNMA-FR40,"CLASS C, 30-YEAR FEDERAL AGENCY AND GSE PASS-THROUGH MBS FAILS 4.0 PERCENT: GNMA FAILS TO RECEIVE"
1283,SBN2024,PDCCGNMA-FD45,"CLASS C, 30-YEAR FEDERAL AGENCY AND GSE PASS-THROUGH MBS FAILS 4.5 PERCENT: GNMA FAILS TO DELIVER"
1284,SBN2024,PDCCGNMA-FR45,"CLASS C, 30-YEAR FEDERAL AGENCY AND GSE PASS-THROUGH MBS FAILS 4.5 PERCENT: GNMA FAILS TO RECEIVE"
1285,SBN2024,PDCCGNMA-FD50,"CLASS C, 30-YEAR FEDERAL AGENCY AND GSE PASS-THROUGH MBS FAILS 5.0 PERCENT: GNMA FAILS TO DELIVER"
1286,SBN2024,PDCCGNMA-FR50,"CLASS C, 30-YEAR FEDERAL AGENCY AND GSE PASS-THROUGH MBS FAILS 5.0 PERCENT: GNMA FAILS TO RECEIVE"
1287,SBN2024,PDCCGNMA-FD55,"CLASS C, 30-YEAR FEDERAL AGENCY AND GSE PASS-THROUGH MBS FAILS 5.5 PERCENT: GNMA FAILS TO DELIVER"
1288,SBN2024,PDCCGNMA-FR55,"CLASS C, 30-YEAR FEDERAL AGENCY AND GSE PASS-THROUGH MBS FAILS 5.5 PERCENT: GNMA FAILS TO RECEIVE"
1289,SBN2024,PDCCGNMA-FD60,"CLASS C, 30-YEAR FEDERAL AGENCY AND GSE PASS-THROUGH MBS FAILS 6.0 PERCENT: GNMA FAILS TO DELIVER"
1290,SBN2024,PDCCGNMA-FR60,"CLASS C, 30-YEAR FEDERAL AGENCY AND GSE PASS-THROUGH MBS FAILS 6.0 PERCENT: GNMA FAILS TO RECEIVE"
1291,SBN2024,PDCCGNMA-FDG60,"CLASS C, 30-YEAR FEDERAL AGENCY AND GSE PASS-THROUGH MBS FAILS GREATER THAN 6.0 PERCENT: GNMA FAILS TO DELIVER"
1292,SBN2024,PDCCGNMA-FRG60,"CLASS C, 30-YEAR FEDERAL AGENCY AND GSE PASS-THROUGH MBS FAILS GREATER THAN 6.0 PERCENT: GNMA FAILS TO RECEIVE"
1293,SBN2024,PDCCGNMA-FDL25,"CLASS C, 30-YEAR FEDERAL AGENCY AND GSE PASS-THROUGH MBS FAILS LESS THAN 2.5 PERCENT: GNMA FAILS TO DELIVER"
1294,SBN2024,PDCCGNMA-FRL25,"CLASS C, 30-YEAR FEDERAL AGENCY AND GSE PASS-THROUGH MBS FAILS LESS THAN 2.5 PERCENT: GNMA FAILS TO RECEIVE"
1295,SBN2024,PDCCGNMA-DR25,"CLASS C, 30-YEAR FEDERAL AGENCY AND GSE PASS-THROUGH MBS TRANSACTION VOLUMES 2.5 PERCENT: GNMA DOLLAR ROLL"
1296,SBN2024,PDCCGNMA-OUT25,"CLASS C, 30-YEAR FEDERAL AGENCY AND GSE PASS-THROUGH MBS TRANSACTION VOLUMES 2.5 PERCENT: GNMA OUTRIGHT"
1297,SBN2024,PDCCGNMA-DR30,"CLASS C, 30-YEAR FEDERAL AGENCY AND GSE PASS-THROUGH MBS TRANSACTION VOLUMES 3.0 PERCENT: GNMA DOLLAR ROLL"
1298,SBN2024,PDCCGNMA-OUT30,"CLASS C, 30-YEAR FEDERAL AGENCY AND GSE PASS-THROUGH MBS TRANSACTION VOLUMES 3.0 PERCENT: GNMA OUTRIGHT"
1299,SBN2024,PDCCGNMA-DR35,"CLASS C, 30-YEAR FEDERAL AGENCY AND GSE PASS-THROUGH MBS TRANSACTION VOLUMES 3.5 PERCENT: GNMA DOLLAR ROLL"
1300,SBN2024,PDCCGNMA-OUT35,"CLASS C, 30-YEAR FEDERAL AGENCY AND GSE PASS-THROUGH MBS TRANSACTION VOLUMES 3.5 PERCENT: GNMA OUTRIGHT"
1301,SBN2024,PDCCGNMA-DR40,"CLASS C, 30-YEAR FEDERAL AGENCY AND GSE PASS-THROUGH MBS TRANSACTION VOLUMES 4.0 PERCENT: GNMA DOLLAR ROLL"
1302,SBN2024,PDCCGNMA-OUT40,"CLASS C, 30-YEAR FEDERAL AGENCY AND GSE PASS-THROUGH MBS TRANSACTION VOLUMES 4.0 PERCENT: GNMA OUTRIGHT"
1303,SBN2024,PDCCGNMA-DR45,"CLASS C, 30-YEAR FEDERAL AGENCY AND GSE PASS-THROUGH MBS TRANSACTION VOLUMES 4.5 PERCENT: GNMA DOLLAR ROLL"
1304,SBN2024,PDCCGNMA-OUT45,"CLASS C, 30-YEAR FEDERAL AGENCY AND GSE PASS-THROUGH MBS TRANSACTION VOLUMES 4.5 PERCENT: GNMA OUTRIGHT"
1305,SBN2024,PDCCGNMA-DR50,"CLASS C, 30-YEAR FEDERAL AGENCY AND GSE PASS-THROUGH MBS TRANSACTION VOLUMES 5.0 PERCENT: GNMA DOLLAR ROLL"
1306,SBN2024,PDCCGNMA-OUT50,"CLASS C, 30-YEAR FEDERAL AGENCY AND GSE PASS-THROUGH MBS TRANSACTION VOLUMES 5.0 PERCENT: GNMA OUTRIGHT"
1307,SBN2024,PDCCGNMA-DR55,"CLASS C, 30-YEAR FEDERAL AGENCY AND GSE PASS-THROUGH MBS TRANSACTION VOLUMES 5.5 PERCENT: GNMA DOLLAR ROLL"
1308,SBN2024,PDCCGNMA-OUT55,"CLASS C, 30-YEAR FEDERAL AGENCY AND GSE PASS-THROUGH MBS TRANSACTION VOLUMES 5.5 PERCENT: GNMA OUTRIGHT"
1309,SBN2024,PDCCGNMA-DR60,"CLASS C, 30-YEAR FEDERAL AGENCY AND GSE PASS-THROUGH MBS TRANSACTION VOLUMES 6.0 PERCENT: GNMA DOLLAR ROLL"
1310,SBN2024,PDCCGNMA-OUT60,"CLASS C, 30-YEAR FEDERAL AGENCY AND GSE PASS-THROUGH MBS TRANSACTION VOLUMES 6.0 PERCENT: GNMA OUTRIGHT"
1311,SBN2024,PDCCGNMA-DRG60,"CLASS C, 30-YEAR FEDERAL AGENCY AND GSE PASS-THROUGH MBS TRANSACTION VOLUMES GREATER THAN 6.0 PERCENT: GNMA DOLLAR ROLL"
1312,SBN2024,PDCCGNMA-OUTG60,"CLASS C, 30-YEAR FEDERAL AGENCY AND GSE PASS-THROUGH MBS TRANSACTION VOLUMES GREATER THAN 6.0 PERCENT: GNMA OUTRIGHT"
1313,SBN2024,PDCCGNMA-DRL25,"CLASS C, 30-YEAR FEDERAL AGENCY AND GSE PASS-THROUGH MBS TRANSACTION VOLUMES LESS THAN 2.5 PERCENT: GNMA DOLLAR ROLL"
1314,SBN2024,PDCCGNMA-OUTL25,"CLASS C, 30-YEAR FEDERAL AGENCY AND GSE PASS-THROUGH MBS TRANSACTION VOLUMES LESS THAN 2.5 PERCENT: GNMA OUTRIGHT"
1315,SBN2024,PDMEFHLMCNONUMBS15-FD20,"MONTH-END, 15-YEAR FEDERAL AGENCY AND GSE PASS-THROUGH MBS FAILS 2.0 PERCENT: FHLMC (NON-UMBS) FAILS TO DELIVER"
1316,SBN2024,PDMEFHLMCNONUMBS15-FR20,"MONTH-END, 15-YEAR FEDERAL AGENCY AND GSE PASS-THROUGH MBS FAILS 2.0 PERCENT: FHLMC (NON-UMBS) FAILS TO RECEIVE"
1317,SBN2024,PDMEFNMAFHLMC15-FD20,"MONTH-END, 15-YEAR FEDERAL AGENCY AND GSE PASS-THROUGH MBS FAILS 2.0 PERCENT: FNMA/FHLMC UMBS FAILS TO DELIVER"
1318,SBN2024,PDMEFNMAFHLMC15-FR20,"MONTH-END, 15-YEAR FEDERAL AGENCY AND GSE PASS-THROUGH MBS FAILS 2.0 PERCENT: FNMA/FHLMC UMBS FAILS TO RECEIVE"
1319,SBN2024,PDMEFHLMCNONUMBS15-FD25,"MONTH-END, 15-YEAR FEDERAL AGENCY AND GSE PASS-THROUGH MBS FAILS 2.5 PERCENT: FHLMC (NON-UMBS) FAILS TO DELIVER"
1320,SBN2024,PDMEFHLMCNONUMBS15-FR25,"MONTH-END, 15-YEAR FEDERAL AGENCY AND GSE PASS-THROUGH MBS FAILS 2.5 PERCENT: FHLMC (NON-UMBS) FAILS TO RECEIVE"
1321,SBN2024,PDMEFNMAFHLMC15-FD25,"MONTH-END, 15-YEAR FEDERAL AGENCY AND GSE PASS-THROUGH MBS FAILS 2.5 PERCENT: FNMA/FHLMC UMBS FAILS TO DELIVER"
1322,SBN2024,PDMEFNMAFHLMC15-FR25,"MONTH-END, 15-YEAR FEDERAL AGENCY AND GSE PASS-THROUGH MBS FAILS 2.5 PERCENT: FNMA/FHLMC UMBS FAILS TO RECEIVE"
1323,SBN2024,PDMEFHLMCNONUMBS15-FD30,"MONTH-END, 15-YEAR FEDERAL AGENCY AND GSE PASS-THROUGH MBS FAILS 3.0 PERCENT: FHLMC (NON-UMBS) FAILS TO DELIVER"
1324,SBN2024,PDMEFHLMCNONUMBS15-FR30,"MONTH-END, 15-YEAR FEDERAL AGENCY AND GSE PASS-THROUGH MBS FAILS 3.0 PERCENT: FHLMC (NON-UMBS) FAILS TO RECEIVE"
1325,SBN2024,PDMEFNMAFHLMC15-FD30,"MONTH-END, 15-YEAR FEDERAL AGENCY AND GSE PASS-THROUGH MBS FAILS 3.0 PERCENT: FNMA/FHLMC UMBS FAILS TO DELIVER"
1326,SBN2024,PDMEFNMAFHLMC15-FR30,"MONTH-END, 15-YEAR FEDERAL AGENCY AND GSE PASS-THROUGH MBS FAILS 3.0 PERCENT: FNMA/FHLMC UMBS FAILS TO RECEIVE"
1327,SBN2024,PDMEFHLMCNONUMBS15-FD35,"MONTH-END, 15-YEAR FEDERAL AGENCY AND GSE PASS-THROUGH MBS FAILS 3.5 PERCENT: FHLMC (NON-UMBS) FAILS TO DELIVER"
1328,SBN2024,PDMEFHLMCNONUMBS15-FR35,"MONTH-END, 15-YEAR FEDERAL AGENCY AND GSE PASS-THROUGH MBS FAILS 3.5 PERCENT: FHLMC (NON-UMBS) FAILS TO RECEIVE"
1329,SBN2024,PDMEFNMAFHLMC15-FD35,"MONTH-END, 15-YEAR FEDERAL AGENCY AND GSE PASS-THROUGH MBS FAILS 3.5 PERCENT: FNMA/FHLMC UMBS FAILS TO DELIVER"
1330,SBN2024,PDMEFNMAFHLMC15-FR35,"MONTH-END, 15-YEAR FEDERAL AGENCY AND GSE PASS-THROUGH MBS FAILS 3.5 PERCENT: FNMA/FHLMC UMBS FAILS TO RECEIVE"
1331,SBN2024,PDMEFHLMCNONUMBS15-FD40,"MONTH-END, 15-YEAR FEDERAL AGENCY AND GSE PASS-THROUGH MBS FAILS 4.0 PERCENT: FHLMC (NON-UMBS) FAILS TO DELIVER"
1332,SBN2024,PDMEFHLMCNONUMBS15-FR40,"MONTH-END, 15-YEAR FEDERAL AGENCY AND GSE PASS-THROUGH MBS FAILS 4.0 PERCENT: FHLMC (NON-UMBS) FAILS TO RECEIVE"
1333,SBN2024,PDMEFNMAFHLMC15-FD40,"MONTH-END, 15-YEAR FEDERAL AGENCY AND GSE PASS-THROUGH MBS FAILS 4.0 PERCENT: FNMA/FHLMC UMBS FAILS TO DELIVER"
1334,SBN2024,PDMEFNMAFHLMC15-FR40,"MONTH-END, 15-YEAR FEDERAL AGENCY AND GSE PASS-THROUGH MBS FAILS 4.0 PERCENT: FNMA/FHLMC UMBS FAILS TO RECEIVE"
1335,SBN2024,PDMEFHLMCNONUMBS15-FD45,"MONTH-END, 15-YEAR FEDERAL AGENCY AND GSE PASS-THROUGH MBS FAILS 4.5 PERCENT: FHLMC (NON-UMBS) FAILS TO DELIVER"
1336,SBN2024,PDMEFHLMCNONUMBS15-FR45,"MONTH-END, 15-YEAR FEDERAL AGENCY AND GSE PASS-THROUGH MBS FAILS 4.5 PERCENT: FHLMC (NON-UMBS) FAILS TO RECEIVE"
1337,SBN2024,PDMEFNMAFHLMC15-FD45,"MONTH-END, 15-YEAR FEDERAL AGENCY AND GSE PASS-THROUGH MBS FAILS 4.5 PERCENT: FNMA/FHLMC UMBS FAILS TO DELIVER"
1338,SBN2024,PDMEFNMAFHLMC15-FR45,"MONTH-END, 15-YEAR FEDERAL AGENCY AND GSE PASS-THROUGH MBS FAILS 4.5 PERCENT: FNMA/FHLMC UMBS FAILS TO RECEIVE"
1339,SBN2024,PDMEFHLMCNONUMBS15-FD50,"MONTH-END, 15-YEAR FEDERAL AGENCY AND GSE PASS-THROUGH MBS FAILS 5.0 PERCENT: FHLMC (NON-UMBS) FAILS TO DELIVER"
1340,SBN2024,PDMEFHLMCNONUMBS15-FR50,"MONTH-END, 15-YEAR FEDERAL AGENCY AND GSE PASS-THROUGH MBS FAILS 5.0 PERCENT: FHLMC (NON-UMBS) FAILS TO RECEIVE"
1341,SBN2024,PDMEFNMAFHLMC15-FD50,"MONTH-END, 15-YEAR FEDERAL AGENCY AND GSE PASS-THROUGH MBS FAILS 5.0 PERCENT: FNMA/FHLMC UMBS FAILS TO DELIVER"
1342,SBN2024,PDMEFNMAFHLMC15-FR50,"MONTH-END, 15-YEAR FEDERAL AGENCY AND GSE PASS-THROUGH MBS FAILS 5.0 PERCENT: FNMA/FHLMC UMBS FAILS TO RECEIVE"
1343,SBN2024,PDMEFHLMCNONUMBS15-FD55,"MONTH-END, 15-YEAR FEDERAL AGENCY AND GSE PASS-THROUGH MBS FAILS 5.5 PERCENT: FHLMC (NON-UMBS) FAILS TO DELIVER"
1344,SBN2024,PDMEFHLMCNONUMBS15-FR55,"MONTH-END, 15-YEAR FEDERAL AGENCY AND GSE PASS-THROUGH MBS FAILS 5.5 PERCENT: FHLMC (NON-UMBS) FAILS TO RECEIVE"
1345,SBN2024,PDMEFNMAFHLMC15-FD55,"MONTH-END, 15-YEAR FEDERAL AGENCY AND GSE PASS-THROUGH MBS FAILS 5.5 PERCENT: FNMA/FHLMC UMBS FAILS TO DELIVER"
1346,SBN2024,PDMEFNMAFHLMC15-FR55,"MONTH-END, 15-YEAR FEDERAL AGENCY AND GSE PASS-THROUGH MBS FAILS 5.5 PERCENT: FNMA/FHLMC UMBS FAILS TO RECEIVE"
1347,SBN2024,PDMEFHLMCNONUMBS15-FDG55,"MONTH-END, 15-YEAR FEDERAL AGENCY AND GSE PASS-THROUGH MBS FAILS GREATER THAN 5.5 PERCENT: FHLMC (NON-UMBS) FAILS TO DELIVER"
1348,SBN2024,PDMEFHLMCNONUMBS15-FRG55,"MONTH-END, 15-YEAR FEDERAL AGENCY AND GSE PASS-THROUGH MBS FAILS GREATER THAN 5.5 PERCENT: FHLMC (NON-UMBS) FAILS TO RECEIVE"
1349,SBN2024,PDMEFNMAFHLMC15-FDG55,"MONTH-END, 15-YEAR FEDERAL AGENCY AND GSE PASS-THROUGH MBS FAILS GREATER THAN 5.5 PERCENT: FNMA/FHLMC UMBS FAILS TO DELIVER"
1350,SBN2024,PDMEFNMAFHLMC15-FRG55,"MONTH-END, 15-YEAR FEDERAL AGENCY AND GSE PASS-THROUGH MBS FAILS GREATER THAN 5.5 PERCENT: FNMA/FHLMC UMBS FAILS TO RECEIVE"
1351,SBN2024,PDMEFHLMCNONUMBS15-FDL20,"MONTH-END, 15-YEAR FEDERAL AGENCY AND GSE PASS-THROUGH MBS FAILS LESS THAN 2.0 PERCENT: FHLMC (NON-UMBS) FAILS TO DELIVER"
1352,SBN2024,PDMEFHLMCNONUMBS15-FRL20,"MONTH-END, 15-YEAR FEDERAL AGENCY AND GSE PASS-THROUGH MBS FAILS LESS THAN 2.0 PERCENT: FHLMC (NON-UMBS) FAILS TO RECEIVE"
1353,SBN2024,PDMEFNMAFHLMC15-FDL20,"MONTH-END, 15-YEAR FEDERAL AGENCY AND GSE PASS-THROUGH MBS FAILS LESS THAN 2.0 PERCENT: FNMA/FHLMC UMBS FAILS TO DELIVER"
1354,SBN2024,PDMEFNMAFHLMC15-FRL20,"MONTH-END, 15-YEAR FEDERAL AGENCY AND GSE PASS-THROUGH MBS FAILS LESS THAN 2.0 PERCENT: FNMA/FHLMC UMBS FAILS TO RECEIVE"
1355,SBN2024,PDMEFHLMCNONUMBS15-DR20,"MONTH-END, 15-YEAR FEDERAL AGENCY AND GSE PASS-THROUGH MBS TRANSACTION VOLUMES 2.0 PERCENT: FHLMC (NON-UMBS) DOLLAR ROLL"
1356,SBN2024,PDMEFHLMCNONUMBS15-OUT20,"MONTH-END, 15-YEAR FEDERAL AGENCY AND GSE PASS-THROUGH MBS TRANSACTION VOLUMES 2.0 PERCENT: FHLMC (NON-UMBS) OUTRIGHT"
1357,SBN2024,PDMEFNMAFHLMC15-DR20,"MONTH-END, 15-YEAR FEDERAL AGENCY AND GSE PASS-THROUGH MBS TRANSACTION VOLUMES 2.0 PERCENT: FNMA/FHLMC UMBS DOLLAR ROLL"
1358,SBN2024,PDMEFNMAFHLMC15-OUT20,"MONTH-END, 15-YEAR FEDERAL AGENCY AND GSE PASS-THROUGH MBS TRANSACTION VOLUMES 2.0 PERCENT: FNMA/FHLMC UMBS OUTRIGHT"
1359,SBN2024,PDMEFHLMCNONUMBS15-DR25,"MONTH-END, 15-YEAR FEDERAL AGENCY AND GSE PASS-THROUGH MBS TRANSACTION VOLUMES 2.5 PERCENT: FHLMC (NON-UMBS) DOLLAR ROLL"
1360,SBN2024,PDMEFHLMCNONUMBS15-OUT25,"MONTH-END, 15-YEAR FEDERAL AGENCY AND GSE PASS-THROUGH MBS TRANSACTION VOLUMES 2.5 PERCENT: FHLMC (NON-UMBS) OUTRIGHT"
1361,SBN2024,PDMEFNMAFHLMC15-DR25,"MONTH-END, 15-YEAR FEDERAL AGENCY AND GSE PASS-THROUGH MBS TRANSACTION VOLUMES 2.5 PERCENT: FNMA/FHLMC UMBS DOLLAR ROLL"
1362,SBN2024,PDMEFNMAFHLMC15-OUT25,"MONTH-END, 15-YEAR FEDERAL AGENCY AND GSE PASS-THROUGH MBS TRANSACTION VOLUMES 2.5 PERCENT: FNMA/FHLMC UMBS OUTRIGHT"
1363,SBN2024,PDMEFHLMCNONUMBS15-DR30,"MONTH-END, 15-YEAR FEDERAL AGENCY AND GSE PASS-THROUGH MBS TRANSACTION VOLUMES 3.0 PERCENT: FHLMC (NON-UMBS) DOLLAR ROLL"
1364,SBN2024,PDMEFHLMCNONUMBS15-OUT30,"MONTH-END, 15-YEAR FEDERAL AGENCY AND GSE PASS-THROUGH MBS TRANSACTION VOLUMES 3.0 PERCENT: FHLMC (NON-UMBS) OUTRIGHT"
1365,SBN2024,PDMEFNMAFHLMC15-DR30,"MONTH-END, 15-YEAR FEDERAL AGENCY AND GSE PASS-THROUGH MBS TRANSACTION VOLUMES 3.0 PERCENT: FNMA/FHLMC UMBS DOLLAR ROLL"
1366,SBN2024,PDMEFNMAFHLMC15-OUT30,"MONTH-END, 15-YEAR FEDERAL AGENCY AND GSE PASS-THROUGH MBS TRANSACTION VOLUMES 3.0 PERCENT: FNMA/FHLMC UMBS OUTRIGHT"
1367,SBN2024,PDMEFHLMCNONUMBS15-DR35,"MONTH-END, 15-YEAR FEDERAL AGENCY AND GSE PASS-THROUGH MBS TRANSACTION VOLUMES 3.5 PERCENT: FHLMC (NON-UMBS) DOLLAR ROLL"
1368,SBN2024,PDMEFHLMCNONUMBS15-OUT35,"MONTH-END, 15-YEAR FEDERAL AGENCY AND GSE PASS-THROUGH MBS TRANSACTION VOLUMES 3.5 PERCENT: FHLMC (NON-UMBS) OUTRIGHT"
1369,SBN2024,PDMEFNMAFHLMC15-DR35,"MONTH-END, 15-YEAR FEDERAL AGENCY AND GSE PASS-THROUGH MBS TRANSACTION VOLUMES 3.5 PERCENT: FNMA/FHLMC UMBS DOLLAR ROLL"
1370,SBN2024,PDMEFNMAFHLMC15-OUT35,"MONTH-END, 15-YEAR FEDERAL AGENCY AND GSE PASS-THROUGH MBS TRANSACTION VOLUMES 3.5 PERCENT: FNMA/FHLMC UMBS OUTRIGHT"
1371,SBN2024,PDMEFHLMCNONUMBS15-DR40,"MONTH-END, 15-YEAR FEDERAL AGENCY AND GSE PASS-THROUGH MBS TRANSACTION VOLUMES 4.0 PERCENT: FHLMC (NON-UMBS) DOLLAR ROLL"
1372,SBN2024,PDMEFHLMCNONUMBS15-OUT40,"MONTH-END, 15-YEAR FEDERAL AGENCY AND GSE PASS-THROUGH MBS TRANSACTION VOLUMES 4.0 PERCENT: FHLMC (NON-UMBS) OUTRIGHT"
1373,SBN2024,PDMEFNMAFHLMC15-DR40,"MONTH-END, 15-YEAR FEDERAL AGENCY AND GSE PASS-THROUGH MBS TRANSACTION VOLUMES 4.0 PERCENT: FNMA/FHLMC UMBS DOLLAR ROLL"
1374,SBN2024,PDMEFNMAFHLMC15-OUT40,"MONTH-END, 15-YEAR FEDERAL AGENCY AND GSE PASS-THROUGH MBS TRANSACTION VOLUMES 4.0 PERCENT: FNMA/FHLMC UMBS OUTRIGHT"
1375,SBN2024,PDMEFHLMCNONUMBS15-DR45,"MONTH-END, 15-YEAR FEDERAL AGENCY AND GSE PASS-THROUGH MBS TRANSACTION VOLUMES 4.5 PERCENT: FHLMC (NON-UMBS) DOLLAR ROLL"
1376,SBN2024,PDMEFHLMCNONUMBS15-OUT45,"MONTH-END, 15-YEAR FEDERAL AGENCY AND GSE PASS-THROUGH MBS TRANSACTION VOLUMES 4.5 PERCENT: FHLMC (NON-UMBS) OUTRIGHT"
1377,SBN2024,PDMEFNMAFHLMC15-DR45,"MONTH-END, 15-YEAR FEDERAL AGENCY AND GSE PASS-THROUGH MBS TRANSACTION VOLUMES 4.5 PERCENT: FNMA/FHLMC UMBS DOLLAR ROLL"
1378,SBN2024,PDMEFNMAFHLMC15-OUT45,"MONTH-END, 15-YEAR FEDERAL AGENCY AND GSE PASS-THROUGH MBS TRANSACTION VOLUMES 4.5 PERCENT: FNMA/FHLMC UMBS OUTRIGHT"
1379,SBN2024,PDMEFHLMCNONUMBS15-DR50,"MONTH-END, 15-YEAR FEDERAL AGENCY AND GSE PASS-THROUGH MBS TRANSACTION VOLUMES 5.0 PERCENT: FHLMC (NON-UMBS) DOLLAR ROLL"
1380,SBN2024,PDMEFHLMCNONUMBS15-OUT50,"MONTH-END, 15-YEAR FEDERAL AGENCY AND GSE PASS-THROUGH MBS TRANSACTION VOLUMES 5.0 PERCENT: FHLMC (NON-UMBS) OUTRIGHT"
1381,SBN2024,PDMEFNMAFHLMC15-DR50,"MONTH-END, 15-YEAR FEDERAL AGENCY AND GSE PASS-THROUGH MBS TRANSACTION VOLUMES 5.0 PERCENT: FNMA/FHLMC UMBS DOLLAR ROLL"
1382,SBN2024,PDMEFNMAFHLMC15-OUT50,"MONTH-END, 15-YEAR FEDERAL AGENCY AND GSE PASS-THROUGH MBS TRANSACTION VOLUMES 5.0 PERCENT: FNMA/FHLMC UMBS OUTRIGHT"
1383,SBN2024,PDMEFHLMCNONUMBS15-DR55,"MONTH-END, 15-YEAR FEDERAL AGENCY AND GSE PASS-THROUGH MBS TRANSACTION VOLUMES 5.5 PERCENT: FHLMC (NON-UMBS) DOLLAR ROLL"
1384,SBN2024,PDMEFHLMCNONUMBS15-OUT55,"MONTH-END, 15-YEAR FEDERAL AGENCY AND GSE PASS-THROUGH MBS TRANSACTION VOLUMES 5.5 PERCENT: FHLMC (NON-UMBS) OUTRIGHT"
1385,SBN2024,PDMEFNMAFHLMC15-DR55,"MONTH-END, 15-YEAR FEDERAL AGENCY AND GSE PASS-THROUGH MBS TRANSACTION VOLUMES 5.5 PERCENT: FNMA/FHLMC UMBS DOLLAR ROLL"
1386,SBN2024,PDMEFNMAFHLMC15-OUT55,"MONTH-END, 15-YEAR FEDERAL AGENCY AND GSE PASS-THROUGH MBS TRANSACTION VOLUMES 5.5 PERCENT: FNMA/FHLMC UMBS OUTRIGHT"
1387,SBN2024,PDMEFHLMCNONUMBS15-DRG55,"MONTH-END, 15-YEAR FEDERAL AGENCY AND GSE PASS-THROUGH MBS TRANSACTION VOLUMES GREATER THAN 5.5 PERCENT: FHLMC (NON-UMBS) DOLLAR ROLL"
1388,SBN2024,PDMEFHLMCNONUMBS15-OUTG55,"MONTH-END, 15-YEAR FEDERAL AGENCY AND GSE PASS-THROUGH MBS TRANSACTION VOLUMES GREATER THAN 5.5 PERCENT: FHLMC (NON-UMBS) OUTRIGHT"
1389,SBN2024,PDMEFNMAFHLMC15-DRG55,"MONTH-END, 15-YEAR FEDERAL AGENCY AND GSE PASS-THROUGH MBS TRANSACTION VOLUMES GREATER THAN 5.5 PERCENT: FNMA/FHLMC UMBS DOLLAR ROLL"
1390,SBN2024,PDMEFNMAFHLMC15-OUTG55,"MONTH-END, 15-YEAR FEDERAL AGENCY AND GSE PASS-THROUGH MBS TRANSACTION VOLUMES GREATER THAN 5.5 PERCENT: FNMA/FHLMC UMBS OUTRIGHT"
1391,SBN2024,PDMEFHLMCNONUMBS15-DRL20,"MONTH-END, 15-YEAR FEDERAL AGENCY AND GSE PASS-THROUGH MBS TRANSACTION VOLUMES LESS THAN 2.0 PERCENT: FHLMC (NON-UMBS) DOLLAR ROLL"
1392,SBN2024,PDMEFHLMCNONUMBS15-OUTL20,"MONTH-END, 15-YEAR FEDERAL AGENCY AND GSE PASS-THROUGH MBS TRANSACTION VOLUMES LESS THAN 2.0 PERCENT: FHLMC (NON-UMBS) OUTRIGHT"
1393,SBN2024,PDMEFNMAFHLMC15-DRL20,"MONTH-END, 15-YEAR FEDERAL AGENCY AND GSE PASS-THROUGH MBS TRANSACTION VOLUMES LESS THAN 2.0 PERCENT: FNMA/FHLMC UMBS DOLLAR ROLL"
1394,SBN2024,PDMEFNMAFHLMC15-OUTL20,"MONTH-END, 15-YEAR FEDERAL AGENCY AND GSE PASS-THROUGH MBS TRANSACTION VOLUMES LESS THAN 2.0 PERCENT: FNMA/FHLMC UMBS OUTRIGHT"
1395,SBN2024,PDMEFHLMCNONUMBS-FD25,"MONTH-END, 30-YEAR FEDERAL AGENCY AND GSE PASS-THROUGH MBS FAILS 2.5 PERCENT: FHLMC (NON-UMBS) FAILS TO DELIVER"
1396,SBN2024,PDMEFHLMCNONUMBS-FR25,"MONTH-END, 30-YEAR FEDERAL AGENCY AND GSE PASS-THROUGH MBS FAILS 2.5 PERCENT: FHLMC (NON-UMBS) FAILS TO RECEIVE"
1397,SBN2024,PDMEFNMAFHLMC-FD25,"MONTH-END, 30-YEAR FEDERAL AGENCY AND GSE PASS-THROUGH MBS FAILS 2.5 PERCENT: FNMA/FHLMC UMBS FAILS TO DELIVER"
1398,SBN2024,PDMEFNMAFHLMC-FR25,"MONTH-END, 30-YEAR FEDERAL AGENCY AND GSE PASS-THROUGH MBS FAILS 2.5 PERCENT: FNMA/FHLMC UMBS FAILS TO RECEIVE"
1399,SBN2024,PDMEGNMA-FD25,"MONTH-END, 30-YEAR FEDERAL AGENCY AND GSE PASS-THROUGH MBS FAILS 2.5 PERCENT: GNMA FAILS TO DELIVER"
1400,SBN2024,PDMEGNMA-FR25,"MONTH-END, 30-YEAR FEDERAL AGENCY AND GSE PASS-THROUGH MBS FAILS 2.5 PERCENT: GNMA FAILS TO DELIVER"
1401,SBN2024,PDMEFHLMCNONUMBS-FD30,"MONTH-END, 30-YEAR FEDERAL AGENCY AND GSE PASS-THROUGH MBS FAILS 3.0 PERCENT: FHLMC (NON-UMBS) FAILS TO DELIVER"
1402,SBN2024,PDMEFHLMCNONUMBS-FR30,"MONTH-END, 30-YEAR FEDERAL AGENCY AND GSE PASS-THROUGH MBS FAILS 3.0 PERCENT: FHLMC (NON-UMBS) FAILS TO RECEIVE"
1403,SBN2024,PDMEFNMAFHLMC-FD30,"MONTH-END, 30-YEAR FEDERAL AGENCY AND GSE PASS-THROUGH MBS FAILS 3.0 PERCENT: FNMA/FHLMC UMBS FAILS TO DELIVER"
1404,SBN2024,PDMEFNMAFHLMC-FR30,"MONTH-END, 30-YEAR FEDERAL AGENCY AND GSE PASS-THROUGH MBS FAILS 3.0 PERCENT: FNMA/FHLMC UMBS FAILS TO RECEIVE"
1405,SBN2024,PDMEGNMA-FD30,"MONTH-END, 30-YEAR FEDERAL AGENCY AND GSE PASS-THROUGH MBS FAILS 3.0 PERCENT: GNMA FAILS TO DELIVER"
1406,SBN2024,PDMEGNMA-FR30,"MONTH-END, 30-YEAR FEDERAL AGENCY AND GSE PASS-THROUGH MBS FAILS 3.0 PERCENT: GNMA FAILS TO DELIVER"
1407,SBN2024,PDMEFHLMCNONUMBS-FD35,"MONTH-END, 30-YEAR FEDERAL AGENCY AND GSE PASS-THROUGH MBS FAILS 3.5 PERCENT: FHLMC (NON-UMBS) FAILS TO DELIVER"
1408,SBN2024,PDMEFHLMCNONUMBS-FR35,"MONTH-END, 30-YEAR FEDERAL AGENCY AND GSE PASS-THROUGH MBS FAILS 3.5 PERCENT: FHLMC (NON-UMBS) FAILS TO RECEIVE"
1409,SBN2024,PDMEFNMAFHLMC-FD35,"MONTH-END, 30-YEAR FEDERAL AGENCY AND GSE PASS-THROUGH MBS FAILS 3.5 PERCENT: FNMA/FHLMC UMBS FAILS TO DELIVER"
1410,SBN2024,PDMEFNMAFHLMC-FR35,"MONTH-END, 30-YEAR FEDERAL AGENCY AND GSE PASS-THROUGH MBS FAILS 3.5 PERCENT: FNMA/FHLMC UMBS FAILS TO RECEIVE"
1411,SBN2024,PDMEGNMA-FD35,"MONTH-END, 30-YEAR FEDERAL AGENCY AND GSE PASS-THROUGH MBS FAILS 3.5 PERCENT: GNMA FAILS TO DELIVER"
1412,SBN2024,PDMEGNMA-FR35,"MONTH-END, 30-YEAR FEDERAL AGENCY AND GSE PASS-THROUGH MBS FAILS 3.5 PERCENT: GNMA FAILS TO DELIVER"
1413,SBN2024,PDMEFHLMCNONUMBS-FD40,"MONTH-END, 30-YEAR FEDERAL AGENCY AND GSE PASS-THROUGH MBS FAILS 4.0 PERCENT: FHLMC (NON-UMBS) FAILS TO DELIVER"
1414,SBN2024,PDMEFHLMCNONUMBS-FR40,"MONTH-END, 30-YEAR FEDERAL AGENCY AND GSE PASS-THROUGH MBS FAILS 4.0 PERCENT: FHLMC (NON-UMBS) FAILS TO RECEIVE"
1415,SBN2024,PDMEFNMAFHLMC-FD40,"MONTH-END, 30-YEAR FEDERAL AGENCY AND GSE PASS-THROUGH MBS FAILS 4.0 PERCENT: FNMA/FHLMC UMBS FAILS TO DELIVER"
1416,SBN2024,PDMEFNMAFHLMC-FR40,"MONTH-END, 30-YEAR FEDERAL AGENCY AND GSE PASS-THROUGH MBS FAILS 4.0 PERCENT: FNMA/FHLMC UMBS FAILS TO RECEIVE"
1417,SBN2024,PDMEGNMA-FD40,"MONTH-END, 30-YEAR FEDERAL AGENCY AND GSE PASS-THROUGH MBS FAILS 4.0 PERCENT: GNMA FAILS TO DELIVER"
1418,SBN2024,PDMEGNMA-FR40,"MONTH-END, 30-YEAR FEDERAL AGENCY AND GSE PASS-THROUGH MBS FAILS 4.0 PERCENT: GNMA FAILS TO DELIVER"
1419,SBN2024,PDMEFHLMCNONUMBS-FD45,"MONTH-END, 30-YEAR FEDERAL AGENCY AND GSE PASS-THROUGH MBS FAILS 4.5 PERCENT: FHLMC (NON-UMBS) FAILS TO DELIVER"
1420,SBN2024,PDMEFHLMCNONUMBS-FR45,"MONTH-END, 30-YEAR FEDERAL AGENCY AND GSE PASS-THROUGH MBS FAILS 4.5 PERCENT: FHLMC (NON-UMBS) FAILS TO RECEIVE"
1421,SBN2024,PDMEFNMAFHLMC-FD45,"MONTH-END, 30-YEAR FEDERAL AGENCY AND GSE PASS-THROUGH MBS FAILS 4.5 PERCENT: FNMA/FHLMC UMBS FAILS TO DELIVER"
1422,SBN2024,PDMEFNMAFHLMC-FR45,"MONTH-END, 30-YEAR FEDERAL AGENCY AND GSE PASS-THROUGH MBS FAILS 4.5 PERCENT: FNMA/FHLMC UMBS FAILS TO RECEIVE"
1423,SBN2024,PDMEGNMA-FD45,"MONTH-END, 30-YEAR FEDERAL AGENCY AND GSE PASS-THROUGH MBS FAILS 4.5 PERCENT: GNMA FAILS TO DELIVER"
1424,SBN2024,PDMEGNMA-FR45,"MONTH-END, 30-YEAR FEDERAL AGENCY AND GSE PASS-THROUGH MBS FAILS 4.5 PERCENT: GNMA FAILS TO DELIVER"
1425,SBN2024,PDMEFHLMCNONUMBS-FD50,"MONTH-END, 30-YEAR FEDERAL AGENCY AND GSE PASS-THROUGH MBS FAILS 5.0 PERCENT: FHLMC (NON-UMBS) FAILS TO DELIVER"
1426,SBN2024,PDMEFHLMCNONUMBS-FR50,"MONTH-END, 30-YEAR FEDERAL AGENCY AND GSE PASS-THROUGH MBS FAILS 5.0 PERCENT: FHLMC (NON-UMBS) FAILS TO RECEIVE"
1427,SBN2024,PDMEFNMAFHLMC-FD50,"MONTH-END, 30-YEAR FEDERAL AGENCY AND GSE PASS-THROUGH MBS FAILS 5.0 PERCENT: FNMA/FHLMC UMBS FAILS TO DELIVER"
1428,SBN2024,PDMEFNMAFHLMC-FR50,"MONTH-END, 30-YEAR FEDERAL AGENCY AND GSE PASS-THROUGH MBS FAILS 5.0 PERCENT: FNMA/FHLMC UMBS FAILS TO RECEIVE"
1429,SBN2024,PDMEGNMA-FD50,"MONTH-END, 30-YEAR FEDERAL AGENCY AND GSE PASS-THROUGH MBS FAILS 5.0 PERCENT: GNMA FAILS TO DELIVER"
1430,SBN2024,PDMEGNMA-FR50,"MONTH-END, 30-YEAR FEDERAL AGENCY AND GSE PASS-THROUGH MBS FAILS 5.0 PERCENT: GNMA FAILS TO DELIVER"
1431,SBN2024,PDMEFHLMCNONUMBS-FD55,"MONTH-END, 30-YEAR FEDERAL AGENCY AND GSE PASS-THROUGH MBS FAILS 5.5 PERCENT: FHLMC (NON-UMBS) FAILS TO DELIVER"
1432,SBN2024,PDMEFHLMCNONUMBS-FR55,"MONTH-END, 30-YEAR FEDERAL AGENCY AND GSE PASS-THROUGH MBS FAILS 5.5 PERCENT: FHLMC (NON-UMBS) FAILS TO RECEIVE"
1433,SBN2024,PDMEFNMAFHLMC-FD55,"MONTH-END, 30-YEAR FEDERAL AGENCY AND GSE PASS-THROUGH MBS FAILS 5.5 PERCENT: FNMA/FHLMC UMBS FAILS TO DELIVER"
1434,SBN2024,PDMEFNMAFHLMC-FR55,"MONTH-END, 30-YEAR FEDERAL AGENCY AND GSE PASS-THROUGH MBS FAILS 5.5 PERCENT: FNMA/FHLMC UMBS FAILS TO RECEIVE"
1435,SBN2024,PDMEGNMA-FD55,"MONTH-END, 30-YEAR FEDERAL AGENCY AND GSE PASS-THROUGH MBS FAILS 5.5 PERCENT: GNMA FAILS TO DELIVER"
1436,SBN2024,PDMEGNMA-FR55,"MONTH-END, 30-YEAR FEDERAL AGENCY AND GSE PASS-THROUGH MBS FAILS 5.5 PERCENT: GNMA FAILS TO DELIVER"
1437,SBN2024,PDMEFHLMCNONUMBS-FD60,"MONTH-END, 30-YEAR FEDERAL AGENCY AND GSE PASS-THROUGH MBS FAILS 6.0 PERCENT: FHLMC (NON-UMBS) FAILS TO DELIVER"
1438,SBN2024,PDMEFHLMCNONUMBS-FR60,"MONTH-END, 30-YEAR FEDERAL AGENCY AND GSE PASS-THROUGH MBS FAILS 6.0 PERCENT: FHLMC (NON-UMBS) FAILS TO RECEIVE"
1439,SBN2024,PDMEFNMAFHLMC-FD60,"MONTH-END, 30-YEAR FEDERAL AGENCY AND GSE PASS-THROUGH MBS FAILS 6.0 PERCENT: FNMA/FHLMC UMBS FAILS TO DELIVER"
1440,SBN2024,PDMEFNMAFHLMC-FR60,"MONTH-END, 30-YEAR FEDERAL AGENCY AND GSE PASS-THROUGH MBS FAILS 6.0 PERCENT: FNMA/FHLMC UMBS FAILS TO RECEIVE"
1441,SBN2024,PDMEGNMA-FD60,"MONTH-END, 30-YEAR FEDERAL AGENCY AND GSE PASS-THROUGH MBS FAILS 6.0 PERCENT: GNMA FAILS TO DELIVER"
1442,SBN2024,PDMEGNMA-FR60,"MONTH-END, 30-YEAR FEDERAL AGENCY AND GSE PASS-THROUGH MBS FAILS 6.0 PERCENT: GNMA FAILS TO DELIVER"
1443,SBN2024,PDMEFHLMCNONUMBS-FDG60,"MONTH-END, 30-YEAR FEDERAL AGENCY AND GSE PASS-THROUGH MBS FAILS GREATER THAN 6.0 PERCENT: FHLMC (NON-UMBS) FAILS TO DELIVER"
1444,SBN2024,PDMEFHLMCNONUMBS-FRG60,"MONTH-END, 30-YEAR FEDERAL AGENCY AND GSE PASS-THROUGH MBS FAILS GREATER THAN 6.0 PERCENT: FHLMC (NON-UMBS) FAILS TO RECEIVE"
1445,SBN2024,PDMEFNMAFHLMC-FDG60,"MONTH-END, 30-YEAR FEDERAL AGENCY AND GSE PASS-THROUGH MBS FAILS GREATER THAN 6.0 PERCENT: FNMA/FHLMC UMBS FAILS TO DELIVER"
1446,SBN2024,PDMEFNMAFHLMC-FRG60,"MONTH-END, 30-YEAR FEDERAL AGENCY AND GSE PASS-THROUGH MBS FAILS GREATER THAN 6.0 PERCENT: FNMA/FHLMC UMBS FAILS TO RECEIVE"
1447,SBN2024,PDMEGNMA-FDG60,"MONTH-END, 30-YEAR FEDERAL AGENCY AND GSE PASS-THROUGH MBS FAILS GREATER THAN 6.0 PERCENT: GNMA FAILS TO DELIVER"
1448,SBN2024,PDMEGNMA-FRG60,"MONTH-END, 30-YEAR FEDERAL AGENCY AND GSE PASS-THROUGH MBS FAILS GREATER THAN 6.0 PERCENT: GNMA FAILS TO DELIVER"
1449,SBN2024,PDMEFHLMCNONUMBS-FDL25,"MONTH-END, 30-YEAR FEDERAL AGENCY AND GSE PASS-THROUGH MBS FAILS LESS THAN 2.5 PERCENT: FHLMC (NON-UMBS) FAILS TO DELIVER"
1450,SBN2024,PDMEFHLMCNONUMBS-FRL25,"MONTH-END, 30-YEAR FEDERAL AGENCY AND GSE PASS-THROUGH MBS FAILS LESS THAN 2.5 PERCENT: FHLMC (NON-UMBS) FAILS TO RECEIVE"
1451,SBN2024,PDMEFNMAFHLMC-FDL25,"MONTH-END, 30-YEAR FEDERAL AGENCY AND GSE PASS-THROUGH MBS FAILS LESS THAN 2.5 PERCENT: FNMA/FHLMC UMBS FAILS TO DELIVER"
1452,SBN2024,PDMEFNMAFHLMC-FRL25,"MONTH-END, 30-YEAR FEDERAL AGENCY AND GSE PASS-THROUGH MBS FAILS LESS THAN 2.5 PERCENT: FNMA/FHLMC UMBS FAILS TO RECEIVE"
1453,SBN2024,PDMEGNMA-FDL25,"MONTH-END, 30-YEAR FEDERAL AGENCY AND GSE PASS-THROUGH MBS FAILS LESS THAN 2.5 PERCENT: GNMA FAILS TO DELIVER"
1454,SBN2024,PDMEGNMA-FRL25,"MONTH-END, 30-YEAR FEDERAL AGENCY AND GSE PASS-THROUGH MBS FAILS LESS THAN 2.5 PERCENT: GNMA FAILS TO DELIVER"
1455,SBN2024,PDMEFHLMCNONUMBS-DR25,"MONTH-END, 30-YEAR FEDERAL AGENCY AND GSE PASS-THROUGH MBS TRANSACTION VOLUMES 2.5 PERCENT: FHLMC (NON-UMBS) DOLLAR ROLL"
1456,SBN2024,PDMEFHLMCNONUMBS-OUT25,"MONTH-END, 30-YEAR FEDERAL AGENCY AND GSE PASS-THROUGH MBS TRANSACTION VOLUMES 2.5 PERCENT: FHLMC (NON-UMBS) OUTRIGHT"
1457,SBN2024,PDMEFNMAFHLMC-DR25,"MONTH-END, 30-YEAR FEDERAL AGENCY AND GSE PASS-THROUGH MBS TRANSACTION VOLUMES 2.5 PERCENT: FNMA/FHLMC UMBS DOLLAR ROLL"
1458,SBN2024,PDMEFNMAFHLMC-OUT25,"MONTH-END, 30-YEAR FEDERAL AGENCY AND GSE PASS-THROUGH MBS TRANSACTION VOLUMES 2.5 PERCENT: FNMA/FHLMC UMBS OUTRIGHT"
1459,SBN2024,PDMEGNMA-DR25,"MONTH-END, 30-YEAR FEDERAL AGENCY AND GSE PASS-THROUGH MBS TRANSACTION VOLUMES 2.5 PERCENT: GNMA DOLLAR ROLL"
1460,SBN2024,PDMEGNMA-OUT25,"MONTH-END, 30-YEAR FEDERAL AGENCY AND GSE PASS-THROUGH MBS TRANSACTION VOLUMES 2.5 PERCENT: GNMA DOLLAR ROLL"
1461,SBN2024,PDMEFHLMCNONUMBS-DR30,"MONTH-END, 30-YEAR FEDERAL AGENCY AND GSE PASS-THROUGH MBS TRANSACTION VOLUMES 3.0 PERCENT: FHLMC (NON-UMBS) DOLLAR ROLL"
1462,SBN2024,PDMEFHLMCNONUMBS-OUT30,"MONTH-END, 30-YEAR FEDERAL AGENCY AND GSE PASS-THROUGH MBS TRANSACTION VOLUMES 3.0 PERCENT: FHLMC (NON-UMBS) OUTRIGHT"
1463,SBN2024,PDMEFNMAFHLMC-DR30,"MONTH-END, 30-YEAR FEDERAL AGENCY AND GSE PASS-THROUGH MBS TRANSACTION VOLUMES 3.0 PERCENT: FNMA/FHLMC UMBS DOLLAR ROLL"
1464,SBN2024,PDMEFNMAFHLMC-OUT30,"MONTH-END, 30-YEAR FEDERAL AGENCY AND GSE PASS-THROUGH MBS TRANSACTION VOLUMES 3.0 PERCENT: FNMA/FHLMC UMBS OUTRIGHT"
1465,SBN2024,PDMEGNMA-DR30,"MONTH-END, 30-YEAR FEDERAL AGENCY AND GSE PASS-THROUGH MBS TRANSACTION VOLUMES 3.0 PERCENT: GNMA DOLLAR ROLL"
1466,SBN2024,PDMEGNMA-OUT30,"MONTH-END, 30-YEAR FEDERAL AGENCY AND GSE PASS-THROUGH MBS TRANSACTION VOLUMES 3.0 PERCENT: GNMA DOLLAR ROLL"
1467,SBN2024,PDMEFHLMCNONUMBS-DR35,"MONTH-END, 30-YEAR FEDERAL AGENCY AND GSE PASS-THROUGH MBS TRANSACTION VOLUMES 3.5 PERCENT: FHLMC (NON-UMBS) DOLLAR ROLL"
1468,SBN2024,PDMEFHLMCNONUMBS-OUT35,"MONTH-END, 30-YEAR FEDERAL AGENCY AND GSE PASS-THROUGH MBS TRANSACTION VOLUMES 3.5 PERCENT: FHLMC (NON-UMBS) OUTRIGHT"
1469,SBN2024,PDMEFNMAFHLMC-DR35,"MONTH-END, 30-YEAR FEDERAL AGENCY AND GSE PASS-THROUGH MBS TRANSACTION VOLUMES 3.5 PERCENT: FNMA/FHLMC UMBS DOLLAR ROLL"
1470,SBN2024,PDMEFNMAFHLMC-OUT35,"MONTH-END, 30-YEAR FEDERAL AGENCY AND GSE PASS-THROUGH MBS TRANSACTION VOLUMES 3.5 PERCENT: FNMA/FHLMC UMBS OUTRIGHT"
1471,SBN2024,PDMEGNMA-DR35,"MONTH-END, 30-YEAR FEDERAL AGENCY AND GSE PASS-THROUGH MBS TRANSACTION VOLUMES 3.5 PERCENT: GNMA DOLLAR ROLL"
1472,SBN2024,PDMEGNMA-OUT35,"MONTH-END, 30-YEAR FEDERAL AGENCY AND GSE PASS-THROUGH MBS TRANSACTION VOLUMES 3.5 PERCENT: GNMA DOLLAR ROLL"
1473,SBN2024,PDMEFHLMCNONUMBS-DR40,"MONTH-END, 30-YEAR FEDERAL AGENCY AND GSE PASS-THROUGH MBS TRANSACTION VOLUMES 4.0 PERCENT: FHLMC (NON-UMBS) DOLLAR ROLL"
1474,SBN2024,PDMEFHLMCNONUMBS-OUT40,"MONTH-END, 30-YEAR FEDERAL AGENCY AND GSE PASS-THROUGH MBS TRANSACTION VOLUMES 4.0 PERCENT: FHLMC (NON-UMBS) OUTRIGHT"
1475,SBN2024,PDMEFNMAFHLMC-DR40,"MONTH-END, 30-YEAR FEDERAL AGENCY AND GSE PASS-THROUGH MBS TRANSACTION VOLUMES 4.0 PERCENT: FNMA/FHLMC UMBS DOLLAR ROLL"
1476,SBN2024,PDMEFNMAFHLMC-OUT40,"MONTH-END, 30-YEAR FEDERAL AGENCY AND GSE PASS-THROUGH MBS TRANSACTION VOLUMES 4.0 PERCENT: FNMA/FHLMC UMBS OUTRIGHT"
1477,SBN2024,PDMEGNMA-DR40,"MONTH-END, 30-YEAR FEDERAL AGENCY AND GSE PASS-THROUGH MBS TRANSACTION VOLUMES 4.0 PERCENT: GNMA DOLLAR ROLL"
1478,SBN2024,PDMEGNMA-OUT40,"MONTH-END, 30-YEAR FEDERAL AGENCY AND GSE PASS-THROUGH MBS TRANSACTION VOLUMES 4.0 PERCENT: GNMA DOLLAR ROLL"
1479,SBN2024,PDMEFHLMCNONUMBS-DR45,"MONTH-END, 30-YEAR FEDERAL AGENCY AND GSE PASS-THROUGH MBS TRANSACTION VOLUMES 4.5 PERCENT: FHLMC (NON-UMBS) DOLLAR ROLL"
1480,SBN2024,PDMEFNMAFHLMC-DR45,"MONTH-END, 30-YEAR FEDERAL AGENCY AND GSE PASS-THROUGH MBS TRANSACTION VOLUMES 4.5 PERCENT: FNMA/FHLMC UMBS DOLLAR ROLL"
1481,SBN2024,PDMEFNMAFHLMC-OUT45,"MONTH-END, 30-YEAR FEDERAL AGENCY AND GSE PASS-THROUGH MBS TRANSACTION VOLUMES 4.5 PERCENT: FNMA/FHLMC UMBS OUTRIGHT"
1482,SBN2024,PDMEGNMA-DR45,"MONTH-END, 30-YEAR FEDERAL AGENCY AND GSE PASS-THROUGH MBS TRANSACTION VOLUMES 4.5 PERCENT: GNMA DOLLAR ROLL"
1483,SBN2024,PDMEGNMA-OUT45,"MONTH-END, 30-YEAR FEDERAL AGENCY AND GSE PASS-THROUGH MBS TRANSACTION VOLUMES 4.5 PERCENT: GNMA DOLLAR ROLL"
1484,SBN2024,PDMEFHLMCNONUMBS-DR50,"MONTH-END, 30-YEAR FEDERAL AGENCY AND GSE PASS-THROUGH MBS TRANSACTION VOLUMES 5.0 PERCENT: FHLMC (NON-UMBS) DOLLAR ROLL"
1485,SBN2024,PDMEFHLMCNONUMBS-OUT50,"MONTH-END, 30-YEAR FEDERAL AGENCY AND GSE PASS-THROUGH MBS TRANSACTION VOLUMES 5.0 PERCENT: FHLMC (NON-UMBS) OUTRIGHT"
1486,SBN2024,PDMEFNMAFHLMC-DR50,"MONTH-END, 30-YEAR FEDERAL AGENCY AND GSE PASS-THROUGH MBS TRANSACTION VOLUMES 5.0 PERCENT: FNMA/FHLMC UMBS DOLLAR ROLL"
1487,SBN2024,PDMEFNMAFHLMC-OUT50,"MONTH-END, 30-YEAR FEDERAL AGENCY AND GSE PASS-THROUGH MBS TRANSACTION VOLUMES 5.0 PERCENT: FNMA/FHLMC UMBS OUTRIGHT"
1488,SBN2024,PDMEGNMA-DR50,"MONTH-END, 30-YEAR FEDERAL AGENCY AND GSE PASS-THROUGH MBS TRANSACTION VOLUMES 5.0 PERCENT: GNMA DOLLAR ROLL"
1489,SBN2024,PDMEGNMA-OUT50,"MONTH-END, 30-YEAR FEDERAL AGENCY AND GSE PASS-THROUGH MBS TRANSACTION VOLUMES 5.0 PERCENT: GNMA DOLLAR ROLL"
1490,SBN2024,PDMEFHLMCNONUMBS-DR55,"MONTH-END, 30-YEAR FEDERAL AGENCY AND GSE PASS-THROUGH MBS TRANSACTION VOLUMES 5.5 PERCENT: FHLMC (NON-UMBS) DOLLAR ROLL"
1491,SBN2024,PDMEFHLMCNONUMBS-OUT55,"MONTH-END, 30-YEAR FEDERAL AGENCY AND GSE PASS-THROUGH MBS TRANSACTION VOLUMES 5.5 PERCENT: FHLMC (NON-UMBS) OUTRIGHT"
1492,SBN2024,PDMEFNMAFHLMC-DR55,"MONTH-END, 30-YEAR FEDERAL AGENCY AND GSE PASS-THROUGH MBS TRANSACTION VOLUMES 5.5 PERCENT: FNMA/FHLMC UMBS DOLLAR ROLL"
1493,SBN2024,PDMEFNMAFHLMC-OUT55,"MONTH-END, 30-YEAR FEDERAL AGENCY AND GSE PASS-THROUGH MBS TRANSACTION VOLUMES 5.5 PERCENT: FNMA/FHLMC UMBS OUTRIGHT"
1494,SBN2024,PDMEGNMA-DR55,"MONTH-END, 30-YEAR FEDERAL AGENCY AND GSE PASS-THROUGH MBS TRANSACTION VOLUMES 5.5 PERCENT: GNMA DOLLAR ROLL"
1495,SBN2024,PDMEGNMA-OUT55,"MONTH-END, 30-YEAR FEDERAL AGENCY AND GSE PASS-THROUGH MBS TRANSACTION VOLUMES 5.5 PERCENT: GNMA DOLLAR ROLL"
1496,SBN2024,PDMEFHLMCNONUMBS-DR60,"MONTH-END, 30-YEAR FEDERAL AGENCY AND GSE PASS-THROUGH MBS TRANSACTION VOLUMES 6.0 PERCENT: FHLMC (NON-UMBS) DOLLAR ROLL"
1497,SBN2024,PDMEFHLMCNONUMBS-OUT60,"MONTH-END, 30-YEAR FEDERAL AGENCY AND GSE PASS-THROUGH MBS TRANSACTION VOLUMES 6.0 PERCENT: FHLMC (NON-UMBS) OUTRIGHT"
1498,SBN2024,PDMEFNMAFHLMC-DR60,"MONTH-END, 30-YEAR FEDERAL AGENCY AND GSE PASS-THROUGH MBS TRANSACTION VOLUMES 6.0 PERCENT: FNMA/FHLMC UMBS DOLLAR ROLL"
1499,SBN2024,PDMEFNMAFHLMC-OUT60,"MONTH-END, 30-YEAR FEDERAL AGENCY AND GSE PASS-THROUGH MBS TRANSACTION VOLUMES 6.0 PERCENT: FNMA/FHLMC UMBS OUTRIGHT"
1500,SBN2024,PDMEGNMA-DR60,"MONTH-END, 30-YEAR FEDERAL AGENCY AND GSE PASS-THROUGH MBS TRANSACTION VOLUMES 6.0 PERCENT: GNMA DOLLAR ROLL"
1501,SBN2024,PDMEGNMA-OUT60,"MONTH-END, 30-YEAR FEDERAL AGENCY AND GSE PASS-THROUGH MBS TRANSACTION VOLUMES 6.0 PERCENT: GNMA DOLLAR ROLL"
1502,SBN2024,PDMEFHLMCNONUMBS-DRG60,"MONTH-END, 30-YEAR FEDERAL AGENCY AND GSE PASS-THROUGH MBS TRANSACTION VOLUMES GREATER THAN 6.0 PERCENT: FHLMC (NON-UMBS) DOLLAR ROLL"
1503,SBN2024,PDMEFHLMCNONUMBS-OUTG60,"MONTH-END, 30-YEAR FEDERAL AGENCY AND GSE PASS-THROUGH MBS TRANSACTION VOLUMES GREATER THAN 6.0 PERCENT: FHLMC (NON-UMBS) OUTRIGHT"
1504,SBN2024,PDMEFNMAFHLMC-DRG60,"MONTH-END, 30-YEAR FEDERAL AGENCY AND GSE PASS-THROUGH MBS TRANSACTION VOLUMES GREATER THAN 6.0 PERCENT: FNMA/FHLMC UMBS DOLLAR ROLL"
1505,SBN2024,PDMEFNMAFHLMC-OUTG60,"MONTH-END, 30-YEAR FEDERAL AGENCY AND GSE PASS-THROUGH MBS TRANSACTION VOLUMES GREATER THAN 6.0 PERCENT: FNMA/FHLMC UMBS OUTRIGHT"
1506,SBN2024,PDMEGNMA-DRG60,"MONTH-END, 30-YEAR FEDERAL AGENCY AND GSE PASS-THROUGH MBS TRANSACTION VOLUMES GREATER THAN 6.0 PERCENT: GNMA DOLLAR ROLL"
1507,SBN2024,PDMEGNMA-OUTG60,"MONTH-END, 30-YEAR FEDERAL AGENCY AND GSE PASS-THROUGH MBS TRANSACTION VOLUMES GREATER THAN 6.0 PERCENT: GNMA DOLLAR ROLL"
1508,SBN2024,PDMEFHLMCNONUMBS-DRL25,"MONTH-END, 30-YEAR FEDERAL AGENCY AND GSE PASS-THROUGH MBS TRANSACTION VOLUMES LESS THAN 2.5 PERCENT: FHLMC (NON-UMBS) DOLLAR ROLL"
1509,SBN2024,PDMEFHLMCNONUMBS-OUTL25,"MONTH-END, 30-YEAR FEDERAL AGENCY AND GSE PASS-THROUGH MBS TRANSACTION VOLUMES LESS THAN 2.5 PERCENT: FHLMC (NON-UMBS) OUTRIGHT"
1510,SBN2024,PDMEFNMAFHLMC-DRL25,"MONTH-END, 30-YEAR FEDERAL AGENCY AND GSE PASS-THROUGH MBS TRANSACTION VOLUMES LESS THAN 2.5 PERCENT: FNMA/FHLMC UMBS DOLLAR ROLL"
1511,SBN2024,PDMEFNMAFHLMC-OUTL25,"MONTH-END, 30-YEAR FEDERAL AGENCY AND GSE PASS-THROUGH MBS TRANSACTION VOLUMES LESS THAN 2.5 PERCENT: FNMA/FHLMC UMBS OUTRIGHT"
1512,SBN2024,PDMEGNMA-DRL25,"MONTH-END, 30-YEAR FEDERAL AGENCY AND GSE PASS-THROUGH MBS TRANSACTION VOLUMES LESS THAN 2.5 PERCENT: GNMA DOLLAR ROLL"
1513,SBN2024,PDMEGNMA-OUTL25,"MONTH-END, 30-YEAR FEDERAL AGENCY AND GSE PASS-THROUGH MBS TRANSACTION VOLUMES LESS THAN 2.5 PERCENT: GNMA DOLLAR ROLL"
1514,SBN2024,PDMEFHLMCNONUMBS-OUT45,"MONTH-END, 30-YEAR FEDERAL AGENCY AND GSE PASS-THROUGH MBSTRANSACTION VOLUMES 4.5 PERCENT: FHLMC (NON-UMBS) OUTRIGHT"
1515,SBN2024,PDFTR-USTET,U.S. TREASURY SECURITIES (EXCLUDING TREASURY INFLATION-PROTECTED SECURITIES (TIPS) : DEALER FINANCING FAILS TO RECEIVE
1516,SBN2024,PDFTR-UST,TREASURY INFLATION-PROTECTED SECURITIES (TIPS) : DEALER FINANCING FAILS TO RECEIVE
1517,SBN2024,PDFTR-FGEM,FEDERAL AGENCY AND GSE SECURITIES (EXCLUDING MBS) : DEALER FINANCING FAILS TO RECEIVE
1518,SBN2024,PDFTR-FGM,FEDERAL AGENCY AND GSE MBS : DEALER FINANCING FAILS TO RECEIVE
1519,SBN2024,PDFTR-OM,OTHER MBS : DEALER FINANCING FAILS TO RECEIVE
1520,SBN2024,PDFTR-CS,CORPORATE SECURITIES : DEALER FINANCING FAILS TO RECEIVE
1521,SBN2024,PDFTR-USTETC,U.S. TREASURY SECURITIES (EXCLUDING TREASURY INFLATION-PROTECTED SECURITIES (TIPS) : DEALER FINANCING FAILS TO RECEIVE. - Change From Previous Week
1522,SBN2024,PDFTR-USTC,TREASURY INFLATION-PROTECTED SECURITIES (TIPS) : DEALER FINANCING FAILS TO RECEIVE. - Change From Previous Week
1523,SBN2024,PDFTR-FGEMC,FEDERAL AGENCY AND GSE SECURITIES (EXCLUDING MBS) : DEALER FINANCING FAILS TO RECEIVE. - Change From Previous Week
1524,SBN2024,PDFTR-FGMC,FEDERAL AGENCY AND GSE MBS : DEALER FINANCING FAILS TO RECEIVE. - Change From Previous Week
1525,SBN2024,PDFTR-OMC,OTHER MBS : DEALER FINANCING FAILS TO RECEIVE. - Change From Previous Week
1526,SBN2024,PDFTR-CSC,CORPORATE SECURITIES : DEALER FINANCING FAILS TO RECEIVE. - Change From Previous Week
1527,SBN2024,PDFTD-USTET,U.S. TREASURY SECURITIES (EXCLUDING TREASURY INFLATION-PROTECTED SECURITIES (TIPS) : DEALER FINANCING FAILS TO DELIVER
1528,SBN2024,PDFTD-UST,TREASURY INFLATION-PROTECTED SECURITIES (TIPS) : DEALER FINANCING FAILS TO DELIVER
1529,SBN2024,PDFTD-FGEM,FEDERAL AGENCY AND GSE SECURITIES (EXCLUDING MBS) : DEALER FINANCING FAILS TO DELIVER
1530,SBN2024,PDFTD-FGM,FEDERAL AGENCY AND GSE MBS : DEALER FINANCING FAILS TO DELIVER
1531,SBN2024,PDFTD-OM,OTHER MBS : DEALER FINANCING FAILS TO DELIVER
1532,SBN2024,PDFTD-CS,CORPORATE SECURITIES : DEALER FINANCING FAILS TO DELIVER
1533,SBN2024,PDFTD-USTETC,U.S. TREASURY SECURITIES (EXCLUDING TREASURY INFLATION-PROTECTED SECURITIES (TIPS) : DEALER FINANCING FAILS TO DELIVER. - Change From Previous Week
1534,SBN2024,PDFTD-USTC,TREASURY INFLATION-PROTECTED SECURITIES (TIPS) : DEALER FINANCING FAILS TO DELIVER. - Change From Previous Week
1535,SBN2024,PDFTD-FGEMC,FEDERAL AGENCY AND GSE SECURITIES (EXCLUDING MBS) : DEALER FINANCING FAILS TO DELIVER. - Change From Previous Week
1536,SBN2024,PDFTD-FGMC,FEDERAL AGENCY AND GSE MBS : DEALER FINANCING FAILS TO DELIVER. - Change From Previous Week
1537,SBN2024,PDFTD-OMC,OTHER MBS : DEALER FINANCING FAILS TO DELIVER. - Change From Previous Week
1538,SBN2024,PDFTD-CSC,CORPORATE SECURITIES : DEALER FINANCING FAILS TO DELIVER. - Change From Previous Week
