operation_date,cusip_nbr,coupon_rate_pct,maturity_date,par_amt_accepted,weighted_avg_accepted_price
2024-04-03,912810RG5,3.375,2044-05-15,3000000.0,83.478
2024-04-03,912810RM2,3.0,2045-05-15,3000000.0,77.951
2024-04-03,912810RN0,2.875,2045-08-15,2000000.0,76.145
2024-04-03,912810RQ3,2.5,2046-02-15,11000000.0,70.633
2024-04-03,912810RS9,2.5,2046-05-15,0.0,
2024-04-03,912810RU4,2.875,2046-11-15,5000000.0,75.255
2024-04-03,912810RV2,3.0,2047-02-15,2000000.0,76.854
2024-04-03,912810RX8,3.0,2047-05-15,22000000.0,76.719
2024-04-03,912810SC3,3.125,2048-05-15,11000000.0,78.032
2024-04-03,912810SE9,3.375,2048-11-15,27000000.0,81.531
2024-04-03,912810SF6,3.0,2049-02-15,7000000.0,76.01
2024-04-03,912810SH2,2.875,2049-05-15,27000000.0,74.13
2024-04-03,912810SK5,2.375,2049-11-15,27000000.0,66.655
2024-04-03,912810SL3,2.0,2050-02-15,18000000.0,60.923
2024-04-03,912810SS8,1.625,2050-11-15,1000000.0,54.84
2024-04-03,912810SU3,1.875,2051-02-15,2000000.0,58.5
2024-04-03,912810SX7,2.375,2051-05-15,3000000.0,65.971
2024-04-03,912810SZ2,2.0,2051-08-15,1000000.0,60.141
2024-04-03,912810TG3,2.875,2052-05-15,1000000.0,73.555
2024-04-03,912810TJ7,3.0,2052-08-15,27000000.0,75.506
2024-04-10,912828Y87,1.75,2024-07-31,0.0,
2024-04-10,9128282N9,2.125,2024-07-31,0.0,
2024-04-10,91282CFA4,3.0,2024-07-31,93000000.0,99.273
2024-04-10,91282CCT6,0.375,2024-08-15,76000000.0,98.313
2024-04-10,912828D56,2.375,2024-08-15,5000000.0,98.984
2024-04-10,912828YM6,1.5,2024-10-31,0.0,
2024-04-10,91282CFQ9,4.375,2024-10-31,0.0,
2024-04-10,912828G38,2.25,2024-11-15,0.0,
2024-04-10,91282CDZ1,1.5,2025-02-15,0.0,
2024-04-10,912828J27,2.0,2025-02-15,0.0,
2024-04-10,9128283Z1,2.75,2025-02-28,1000000.0,97.867
2024-04-10,91282CAB7,0.25,2025-07-31,15000000.0,93.906
2024-04-10,912828K74,2.0,2025-08-15,0.0,
2024-04-10,91282CFE6,3.125,2025-08-15,0.0,
2024-04-10,91282CAM3,0.25,2025-09-30,0.0,
2024-04-10,91282CJB8,5.0,2025-09-30,0.0,
2024-04-10,91282CAT8,0.25,2025-10-31,5000000.0,92.867
2024-04-10,9128285J5,3.0,2025-10-31,5000000.0,96.926
2024-04-10,91282CBC4,0.375,2025-12-31,0.0,
2024-04-10,91282CBQ3,0.5,2026-02-28,0.0,
2024-04-17,91282CDX6,0.125,2032-01-15,0.0,
2024-04-17,91282CEZ0,0.625,2032-07-15,0.0,
2024-04-17,91282CGK1,1.125,2033-01-15,0.0,
2024-04-17,91282CHP9,1.375,2033-07-15,0.0,
2024-04-17,912810QF8,2.125,2040-02-15,81000000.0,97.539
2024-04-17,912810QP6,2.125,2041-02-15,0.0,
2024-04-17,912810QV3,0.75,2042-02-15,6000000.0,76.279
2024-04-17,912810RA8,0.625,2043-02-15,4000000.0,73.129
2024-04-17,912810RF7,1.375,2044-02-15,6000000.0,83.6
2024-04-17,912810RL4,0.75,2045-02-15,0.0,
2024-04-17,912810RR1,1.0,2046-02-15,2000000.0,75.961
2024-04-17,912810RW0,0.875,2047-02-15,4000000.0,72.988
2024-04-17,912810SB5,1.0,2048-02-15,11000000.0,74.44
2024-04-17,912810SG4,1.0,2049-02-15,68000000.0,73.926
2024-04-17,912810SM1,0.25,2050-02-15,4000000.0,58.977
2024-04-17,912810SV1,0.125,2051-02-15,4000000.0,55.605
2024-04-17,912810TE8,0.125,2052-02-15,4000000.0,54.566
2024-04-17,912810TP3,1.5,2053-02-15,6000000.0,81.853
2024-05-29,91282CAB7,0.25,2025-07-31,1965000000.0,94.461
2024-05-29,91282CFE6,3.125,2025-08-15,0.0,
2024-05-29,91282CFK2,3.5,2025-09-15,0.0,
2024-05-29,91282CAM3,0.25,2025-09-30,0.0,
2024-05-29,91282CJB8,5.0,2025-09-30,0.0,
2024-05-29,91282CFP1,4.25,2025-10-15,1000000.0,98.805
2024-05-29,91282CAT8,0.25,2025-10-31,0.0,
2024-05-29,91282CJE2,5.0,2025-10-31,0.0,
2024-05-29,91282CGA3,4.0,2025-12-15,0.0,
2024-05-29,91282CBC4,0.375,2025-12-31,0.0,
2024-05-29,9128285T3,2.625,2025-12-31,4000000.0,96.261
2024-05-29,91282CGE5,3.875,2026-01-15,0.0,
2024-05-29,91282CBH3,0.375,2026-01-31,0.0,
2024-05-29,91282CBQ3,0.5,2026-02-28,1000000.0,92.441
2024-05-29,9128286F2,2.5,2026-02-28,1000000.0,95.742
2024-05-29,91282CGV7,3.75,2026-04-15,25000000.0,97.742
2024-05-29,91282CBW0,0.75,2026-04-30,1000000.0,92.293
2024-05-29,9128286S4,2.375,2026-04-30,1000000.0,95.23
2024-05-29,912828R36,1.625,2026-05-15,1000000.0,93.77
2024-05-29,91282CHB0,3.625,2026-05-15,0.0,
2024-06-05,912810RJ9,3.0,2044-11-15,46000000.0,79.292
2024-06-05,912810RM2,3.0,2045-05-15,27000000.0,78.995
2024-06-05,912810RN0,2.875,2045-08-15,96000000.0,77.163
2024-06-05,912810RS9,2.5,2046-05-15,111000000.0,71.498
2024-06-05,912810RU4,2.875,2046-11-15,2000000.0,76.314
2024-06-05,912810RV2,3.0,2047-02-15,188000000.0,77.962
2024-06-05,912810RX8,3.0,2047-05-15,67000000.0,77.806
2024-06-05,912810SA7,3.0,2048-02-15,27000000.0,77.385
2024-06-05,912810SC3,3.125,2048-05-15,98000000.0,79.104
2024-06-05,912810SE9,3.375,2048-11-15,177000000.0,82.605
2024-06-05,912810SF6,3.0,2049-02-15,7000000.0,77.022
2024-06-05,912810SH2,2.875,2049-05-15,44000000.0,75.117
2024-06-05,912810SL3,2.0,2050-02-15,80000000.0,61.801
2024-06-05,912810SU3,1.875,2051-02-15,11000000.0,59.423
2024-06-05,912810SX7,2.375,2051-05-15,71000000.0,66.995
2024-06-05,912810SZ2,2.0,2051-08-15,176000000.0,61.115
2024-06-05,912810TG3,2.875,2052-05-15,282000000.0,74.555
2024-06-05,912810TN8,3.625,2053-02-15,363000000.0,86.408
2024-06-05,912810TR9,3.625,2053-05-15,118000000.0,86.471
2024-06-05,912810TT5,4.125,2053-08-15,9000000.0,94.603
2024-06-11,912828XL9,0.375,2025-07-15,50000000.0,97.441
2024-06-11,912828N71,0.625,2026-01-15,255000000.0,96.575
2024-06-11,912810FS2,2.0,2026-01-15,67000000.0,98.701
2024-06-11,91282CCA7,0.125,2026-04-15,0.0,
2024-06-11,912828S50,0.125,2026-07-15,0.0,
2024-06-11,912828V49,0.375,2027-01-15,90000000.0,94.79
2024-06-11,912810PS1,2.375,2027-01-15,38000000.0,99.773
2024-06-11,91282CEJ6,0.125,2027-04-15,0.0,
2024-06-11,9128282L3,0.375,2027-07-15,0.0,
2024-06-11,9128283R9,0.5,2028-01-15,0.0,
2024-06-11,912810PV4,1.75,2028-01-15,0.0,
2024-06-11,91282CGW5,1.25,2028-04-15,0.0,
2024-06-11,912810FD5,3.625,2028-04-15,0.0,
2024-06-11,912828Y38,0.75,2028-07-15,0.0,
2024-06-11,9128285W6,0.875,2029-01-15,0.0,
2024-06-11,912810PZ5,2.5,2029-01-15,0.0,
2024-06-11,912828Z37,0.125,2030-01-15,0.0,
2024-06-11,912828ZZ6,0.125,2030-07-15,0.0,
2024-06-11,91282CBF7,0.125,2031-01-15,0.0,
2024-06-11,91282CCM1,0.125,2031-07-15,0.0,
2024-06-20,91282CEV9,3.25,2029-06-30,83000000.0,95.316
2024-06-20,91282CFC0,2.625,2029-07-31,191000000.0,92.442
2024-06-20,91282CFJ5,3.125,2029-08-31,39000000.0,94.633
2024-06-20,91282CFL0,3.875,2029-09-30,117000000.0,98.072
2024-06-20,91282CFY2,3.875,2029-11-30,60000000.0,98.044
2024-06-20,91282CGB1,3.875,2029-12-31,0.0,
2024-06-20,91282CGJ4,3.5,2030-01-31,0.0,
2024-06-20,912828Z94,1.5,2030-02-15,107000000.0,86.23
2024-06-20,91282CGQ8,4.0,2030-02-28,0.0,
2024-06-20,91282CGS4,3.625,2030-03-31,100000000.0,96.699
2024-06-20,91282CGZ8,3.5,2030-04-30,175000000.0,96.031
2024-06-20,912828ZQ6,0.625,2030-05-15,0.0,
2024-06-20,91282CHF1,3.75,2030-05-31,150000000.0,97.28
2024-06-20,91282CHJ3,3.75,2030-06-30,36000000.0,97.234
2024-06-20,91282CHR5,4.0,2030-07-31,100000000.0,98.541
2024-06-20,91282CAE1,0.625,2030-08-15,185000000.0,80.519
2024-06-20,91282CHZ7,4.625,2030-09-30,0.0,
2024-06-20,91282CJG7,4.875,2030-10-31,45000000.0,103.336
2024-06-20,91282CJM4,4.375,2030-11-30,0.0,
2024-06-20,91282CCB5,1.625,2031-05-15,476000000.0,84.409
2024-06-26,91282CHM6,4.5,2026-07-15,0.0,
2024-06-26,91282CCP4,0.625,2026-07-31,15000000.0,91.924
2024-06-26,912828Y95,1.875,2026-07-31,672000000.0,94.373
2024-06-26,9128282A7,1.5,2026-08-15,25000000.0,93.531
2024-06-26,91282CCW9,0.75,2026-08-31,0.0,
2024-06-26,912828YD6,1.375,2026-08-31,0.0,
2024-06-26,91282CHY0,4.625,2026-09-15,0.0,
2024-06-26,912828YG9,1.625,2026-09-30,0.0,
2024-06-26,91282CJC6,4.625,2026-10-15,0.0,
2024-06-26,91282CDG3,1.125,2026-10-31,0.0,
2024-06-26,912828U24,2.0,2026-11-15,182000000.0,94.055
2024-06-26,91282CDK4,1.25,2026-11-30,0.0,
2024-06-26,912828YU8,1.625,2026-11-30,424000000.0,93.148
2024-06-26,91282CEC1,1.875,2027-02-28,0.0,
2024-06-26,912828ZE3,0.625,2027-03-31,0.0,
2024-06-26,912828ZN3,0.5,2027-04-30,0.0,
2024-06-26,91282CEN7,2.75,2027-04-30,0.0,
2024-06-26,912828X88,2.375,2027-05-15,672000000.0,94.152
2024-06-26,912828ZS2,0.5,2027-05-31,10000000.0,89.055
2024-06-26,91282CET4,2.625,2027-05-31,0.0,
2024-07-02,912810SR0,1.125,2040-05-15,155000000.0,60.746
2024-07-02,912810SQ2,1.125,2040-08-15,159000000.0,60.18
2024-07-02,912810ST6,1.375,2040-11-15,103000000.0,62.367
2024-07-02,912810SW9,1.875,2041-02-15,65000000.0,67.619
2024-07-02,912810SY5,2.25,2041-05-15,394000000.0,71.556
2024-07-02,912810TA6,1.75,2041-08-15,194000000.0,65.352
2024-07-02,912810TC2,2.0,2041-11-15,121000000.0,67.92
2024-07-02,912810TF5,2.375,2042-02-15,46000000.0,71.933
2024-07-02,912810TH1,3.25,2042-05-15,511000000.0,82.219
2024-07-02,912810QX9,2.75,2042-08-15,0.0,
2024-07-02,912810TK4,3.375,2042-08-15,246000000.0,83.505
2024-07-02,912810TM0,4.0,2042-11-15,0.0,
2024-07-02,912810QZ4,3.125,2043-02-15,0.0,
2024-07-02,912810TQ1,3.875,2043-02-15,0.0,
2024-07-02,912810RB6,2.875,2043-05-15,0.0,
2024-07-02,912810TS7,3.875,2043-05-15,0.0,
2024-07-02,912810RC4,3.625,2043-08-15,0.0,
2024-07-02,912810RD2,3.75,2043-11-15,0.0,
2024-07-02,912810RE0,3.625,2044-02-15,5000000.0,85.668
2024-07-02,912810RG5,3.375,2044-05-15,1000000.0,82.355
2024-07-10,912810QF8,2.125,2040-02-15,3000000.0,100.266
2024-07-10,912810QP6,2.125,2041-02-15,0.0,
2024-07-10,912810QV3,0.75,2042-02-15,0.0,
2024-07-10,912810RA8,0.625,2043-02-15,0.0,
2024-07-10,912810RF7,1.375,2044-02-15,0.0,
2024-07-10,912810RL4,0.75,2045-02-15,0.0,
2024-07-10,912810RR1,1.0,2046-02-15,0.0,
2024-07-10,912810RW0,0.875,2047-02-15,0.0,
2024-07-10,912810SB5,1.0,2048-02-15,15000000.0,77.832
2024-07-10,912810SG4,1.0,2049-02-15,20000000.0,77.287
2024-07-10,912810SM1,0.25,2050-02-15,0.0,
2024-07-10,912810SV1,0.125,2051-02-15,5000000.0,59.0
2024-07-10,912810TE8,0.125,2052-02-15,0.0,
2024-07-10,912810TP3,1.5,2053-02-15,10000000.0,85.531
2024-07-17,91282CBJ9,0.75,2028-01-31,,
2024-07-17,9128283W8,2.75,2028-02-15,,
2024-07-17,91282CBP5,1.125,2028-02-29,,
2024-07-17,91282CBZ3,1.25,2028-04-30,,
2024-07-17,9128284N7,2.875,2028-05-15,,
2024-07-17,91282CCE9,1.25,2028-05-31,,
2024-07-17,91282CCH2,1.25,2028-06-30,,
2024-07-17,91282CCR0,1.0,2028-07-31,,
2024-07-17,9128284V9,2.875,2028-08-15,,
2024-07-17,91282CCV1,1.125,2028-08-31,,
2024-07-17,91282CCY5,1.25,2028-09-30,,
2024-07-17,91282CDF5,1.375,2028-10-31,,
2024-07-17,9128285M8,3.125,2028-11-15,,
2024-07-17,91282CDL2,1.5,2028-11-30,,
2024-07-17,9128286B1,2.625,2029-02-15,,
2024-07-17,91282CEB3,1.875,2029-02-28,,
2024-07-17,91282CEE7,2.375,2029-03-31,,
2024-07-17,91282CEM9,2.875,2029-04-30,,
2024-07-17,9128286T2,2.375,2029-05-15,,
2024-07-17,91282CES6,2.75,2029-05-31,,
2024-07-18,91282CBJ9,0.75,2028-01-31,0.0,
2024-07-18,9128283W8,2.75,2028-02-15,327000000.0,95.29
2024-07-18,91282CBP5,1.125,2028-02-29,0.0,
2024-07-18,91282CBZ3,1.25,2028-04-30,0.0,
2024-07-18,9128284N7,2.875,2028-05-15,0.0,
2024-07-18,91282CCE9,1.25,2028-05-31,0.0,
2024-07-18,91282CCH2,1.25,2028-06-30,0.0,
2024-07-18,91282CCR0,1.0,2028-07-31,0.0,
2024-07-18,9128284V9,2.875,2028-08-15,25000000.0,95.254
2024-07-18,91282CCV1,1.125,2028-08-31,0.0,
2024-07-18,91282CCY5,1.25,2028-09-30,0.0,
2024-07-18,91282CDF5,1.375,2028-10-31,110000000.0,89.301
2024-07-18,9128285M8,3.125,2028-11-15,2000000.0,96.039
2024-07-18,91282CDL2,1.5,2028-11-30,0.0,
2024-07-18,9128286B1,2.625,2029-02-15,0.0,
2024-07-18,91282CEB3,1.875,2029-02-28,20000000.0,90.691
2024-07-18,91282CEE7,2.375,2029-03-31,75000000.0,92.65
2024-07-18,91282CEM9,2.875,2029-04-30,200000000.0,94.68
2024-07-18,9128286T2,2.375,2029-05-15,50000000.0,92.488
2024-07-18,91282CES6,2.75,2029-05-31,0.0,
2024-07-24,91282CCS8,1.25,2031-08-15,0.0,
2024-07-24,91282CDJ7,1.375,2031-11-15,0.0,
2024-07-24,91282CDY4,1.875,2032-02-15,0.0,
2024-07-24,91282CEP2,2.875,2032-05-15,0.0,
2024-07-24,91282CFF3,2.75,2032-08-15,0.0,
2024-07-24,91282CFV8,4.125,2032-11-15,0.0,
2024-07-24,91282CGM7,3.5,2033-02-15,0.0,
2024-07-24,91282CHC8,3.375,2033-05-15,0.0,
2024-07-24,91282CHT1,3.875,2033-08-15,0.0,
2024-07-24,91282CJJ1,4.5,2033-11-15,0.0,
2024-08-07,912828YH7,1.5,2024-09-30,160000000.0,99.445
2024-08-07,9128282Y5,2.125,2024-09-30,382000000.0,99.539
2024-08-07,91282CFN6,4.25,2024-09-30,25000000.0,99.844
2024-08-07,9128283D0,2.25,2024-10-31,0.0,
2024-08-07,912828YV6,1.5,2024-11-30,0.0,
2024-08-07,91282CDZ1,1.5,2025-02-15,0.0,
2024-08-07,912828ZC7,1.125,2025-02-28,645000000.0,97.974
2024-08-07,912828ZL7,0.375,2025-04-30,250000000.0,96.948
2024-08-07,9128284M9,2.875,2025-04-30,125000000.0,98.727
2024-08-07,91282CGX3,3.875,2025-04-30,150000000.0,99.417
2024-08-07,912828XB1,2.125,2025-05-15,440000000.0,98.118
2024-08-07,91282CEQ0,2.75,2025-05-15,460000000.0,98.574
2024-08-07,912828ZT0,0.25,2025-05-31,103000000.0,96.555
2024-08-07,9128284R8,2.875,2025-05-31,0.0,
2024-08-07,91282CHD6,4.25,2025-05-31,0.0,
2024-08-07,91282CEU1,2.875,2025-06-15,0.0,
2024-08-07,912828ZW3,0.25,2025-06-30,0.0,
2024-08-07,912828XZ8,2.75,2025-06-30,0.0,
2024-08-07,91282CHL8,4.625,2025-06-30,0.0,
2024-08-07,91282CEY3,3.0,2025-07-15,0.0,
2024-08-07,91282CAB7,0.25,2025-07-31,0.0,
2024-08-07,912828Y79,2.875,2025-07-31,0.0,
2024-08-07,91282CHN4,4.75,2025-07-31,50000000.0,100.258
2024-08-07,912828K74,2.0,2025-08-15,0.0,
2024-08-07,91282CAJ0,0.25,2025-08-31,0.0,
2024-08-07,9128284Z0,2.75,2025-08-31,0.0,
2024-08-07,91282CHV6,5.0,2025-08-31,50000000.0,100.551
2024-08-07,91282CFK2,3.5,2025-09-15,0.0,
2024-08-07,91282CAM3,0.25,2025-09-30,54000000.0,95.457
2024-08-07,9128285C0,3.0,2025-09-30,0.0,
2024-08-07,91282CJB8,5.0,2025-09-30,0.0,
2024-08-07,91282CFP1,4.25,2025-10-15,0.0,
2024-08-07,91282CAT8,0.25,2025-10-31,800000000.0,95.178
2024-08-07,9128285J5,3.0,2025-10-31,0.0,
2024-08-07,91282CJE2,5.0,2025-10-31,0.0,
2024-08-07,912828M56,2.25,2025-11-15,0.0,
2024-08-07,91282CFW6,4.5,2025-11-15,0.0,
2024-08-07,91282CAZ4,0.375,2025-11-30,0.0,
2024-08-07,9128285N6,2.875,2025-11-30,6000000.0,98.211
2024-08-07,91282CJL6,4.875,2025-11-30,0.0,
2024-08-07,91282CGA3,4.0,2025-12-15,0.0,
2024-08-07,91282CBC4,0.375,2025-12-31,0.0,
2024-08-07,9128285T3,2.625,2025-12-31,0.0,
2024-08-07,91282CJS1,4.25,2025-12-31,0.0,
2024-08-07,91282CGE5,3.875,2026-01-15,0.0,
2024-08-07,91282CBH3,0.375,2026-01-31,0.0,
2024-08-07,9128286A3,2.625,2026-01-31,0.0,
2024-08-07,91282CJV4,4.25,2026-01-31,0.0,
2024-08-07,912828P46,1.625,2026-02-15,0.0,
2024-08-07,91282CGL9,4.0,2026-02-15,0.0,
2024-08-07,91282CBQ3,0.5,2026-02-28,0.0,
2024-08-07,9128286F2,2.5,2026-02-28,0.0,
2024-08-07,91282CGR6,4.625,2026-03-15,0.0,
2024-08-07,91282CBT7,0.75,2026-03-31,0.0,
2024-08-07,9128286L9,2.25,2026-03-31,0.0,
2024-08-07,91282CGV7,3.75,2026-04-15,0.0,
2024-08-07,91282CBW0,0.75,2026-04-30,0.0,
2024-08-07,9128286S4,2.375,2026-04-30,0.0,
2024-08-07,912828R36,1.625,2026-05-15,0.0,
2024-08-07,91282CHB0,3.625,2026-05-15,300000000.0,99.234
2024-08-07,91282CCF6,0.75,2026-05-31,0.0,
2024-08-07,9128286X3,2.125,2026-05-31,0.0,
2024-08-07,9128287B0,1.875,2026-06-30,0.0,
2024-08-07,91282CHM6,4.5,2026-07-15,0.0,
2024-08-07,91282CCP4,0.625,2026-07-31,0.0,
2024-08-07,912828Y95,1.875,2026-07-31,0.0,
2024-08-15,912810RJ9,3.0,2044-11-15,0.0,
2024-08-15,912810RK6,2.5,2045-02-15,0.0,
2024-08-15,912810RM2,3.0,2045-05-15,520000000.0,81.829
2024-08-15,912810RN0,2.875,2045-08-15,500000000.0,80.0
2024-08-15,912810RQ3,2.5,2046-02-15,0.0,
2024-08-15,912810RS9,2.5,2046-05-15,0.0,
2024-08-15,912810RT7,2.25,2046-08-15,0.0,
2024-08-15,912810RU4,2.875,2046-11-15,0.0,
2024-08-15,912810RV2,3.0,2047-02-15,0.0,
2024-08-15,912810RX8,3.0,2047-05-15,0.0,
2024-08-15,912810RY6,2.75,2047-08-15,0.0,
2024-08-15,912810RZ3,2.75,2047-11-15,0.0,
2024-08-15,912810SA7,3.0,2048-02-15,0.0,
2024-08-15,912810SC3,3.125,2048-05-15,275000000.0,81.967
2024-08-15,912810SD1,3.0,2048-08-15,75000000.0,80.018
2024-08-15,912810SE9,3.375,2048-11-15,150000000.0,85.525
2024-08-15,912810SF6,3.0,2049-02-15,0.0,
2024-08-15,912810SH2,2.875,2049-05-15,230000000.0,77.959
2024-08-15,912810SJ8,2.25,2049-08-15,0.0,
2024-08-15,912810SL3,2.0,2050-02-15,0.0,
2024-08-15,912810SN9,1.25,2050-05-15,0.0,
2024-08-15,912810SP4,1.375,2050-08-15,0.0,
2024-08-15,912810SS8,1.625,2050-11-15,0.0,
2024-08-15,912810SU3,1.875,2051-02-15,0.0,
2024-08-15,912810SX7,2.375,2051-05-15,15000000.0,69.758
2024-08-15,912810SZ2,2.0,2051-08-15,0.0,
2024-08-15,912810TB4,1.875,2051-11-15,0.0,
2024-08-15,912810TD0,2.25,2052-02-15,0.0,
2024-08-15,912810TG3,2.875,2052-05-15,125000000.0,77.598
2024-08-15,912810TJ7,3.0,2052-08-15,110000000.0,79.672
2024-08-15,912810TL2,4.0,2052-11-15,0.0,
2024-08-15,912810TN8,3.625,2053-02-15,0.0,
2024-08-15,912810TR9,3.625,2053-05-15,0.0,
2024-08-15,912810TT5,4.125,2053-08-15,0.0,
2024-08-21,91282CCA7,0.125,2026-04-15,,
2024-08-21,912828S50,0.125,2026-07-15,,
2024-08-21,91282CDC2,0.125,2026-10-15,,
2024-08-21,912828V49,0.375,2027-01-15,,
2024-08-21,91282CAQ4,0.125,2025-10-15,0.0,
2024-08-21,912828N71,0.625,2026-01-15,30000000.0,97.277
2024-08-21,912810FS2,2.0,2026-01-15,0.0,
2024-08-21,91282CCA7,0.125,2026-04-15,0.0,
2024-08-21,912828S50,0.125,2026-07-15,0.0,
2024-08-21,91282CDC2,0.125,2026-10-15,0.0,
2024-08-21,912828V49,0.375,2027-01-15,0.0,
2024-08-21,912810PS1,2.375,2027-01-15,21000000.0,100.766
2024-08-21,91282CEJ6,0.125,2027-04-15,0.0,
2024-08-21,9128282L3,0.375,2027-07-15,35000000.0,96.125
2024-08-21,91282CFR7,1.625,2027-10-15,0.0,
2024-08-21,9128283R9,0.5,2028-01-15,0.0,
2024-08-21,912810PV4,1.75,2028-01-15,0.0,
2024-08-21,91282CGW5,1.25,2028-04-15,20000000.0,98.016
2024-08-21,912810FD5,3.625,2028-04-15,0.0,
2024-08-21,912828Y38,0.75,2028-07-15,75000000.0,96.633
2024-08-21,91282CJH5,2.375,2028-10-15,0.0,
2024-08-21,9128285W6,0.875,2029-01-15,0.0,
2024-08-21,912810PZ5,2.5,2029-01-15,10000000.0,103.426
2024-08-21,912810FH6,3.875,2029-04-15,0.0,
2024-08-21,9128287D6,0.25,2029-07-15,0.0,
2024-08-21,912828Z37,0.125,2030-01-15,0.0,
2024-08-21,912828ZZ6,0.125,2030-07-15,125000000.0,91.972
2024-08-21,91282CBF7,0.125,2031-01-15,0.0,
2024-08-21,91282CCM1,0.125,2031-07-15,35000000.0,90.442
2024-08-21,91282CDX6,0.125,2032-01-15,0.0,
2024-08-21,91282CAQ4,0.125,2025-10-15,,
2024-08-21,912828N71,0.625,2026-01-15,,
2024-08-21,912810FS2,2.0,2026-01-15,,
2024-08-21,912810PS1,2.375,2027-01-15,,
2024-08-21,91282CEJ6,0.125,2027-04-15,,
2024-08-21,9128282L3,0.375,2027-07-15,,
2024-08-21,91282CFR7,1.625,2027-10-15,,
2024-08-21,9128283R9,0.5,2028-01-15,,
2024-08-21,912810PV4,1.75,2028-01-15,,
2024-08-21,91282CGW5,1.25,2028-04-15,,
2024-08-21,912810FD5,3.625,2028-04-15,,
2024-08-21,912828Y38,0.75,2028-07-15,,
2024-08-21,91282CJH5,2.375,2028-10-15,,
2024-08-21,9128285W6,0.875,2029-01-15,,
2024-08-21,912810PZ5,2.5,2029-01-15,,
2024-08-21,912810FH6,3.875,2029-04-15,,
2024-08-21,9128287D6,0.25,2029-07-15,,
2024-08-21,912828Z37,0.125,2030-01-15,,
2024-08-21,912828ZZ6,0.125,2030-07-15,,
2024-08-21,91282CBF7,0.125,2031-01-15,,
2024-08-21,91282CCM1,0.125,2031-07-15,,
2024-08-21,91282CDX6,0.125,2032-01-15,,
2024-08-28,912810SR0,1.125,2040-05-15,110000000.0,65.643
2024-08-28,912810SQ2,1.125,2040-08-15,175000000.0,65.054
2024-08-28,912810ST6,1.375,2040-11-15,30000000.0,67.354
2024-08-28,912810SW9,1.875,2041-02-15,75000000.0,72.829
2024-08-28,912810QN1,4.75,2041-02-15,0.0,
2024-08-28,912810SY5,2.25,2041-05-15,736000000.0,76.934
2024-08-28,912810TA6,1.75,2041-08-15,100000000.0,70.414
2024-08-28,912810TC2,2.0,2041-11-15,175000000.0,73.145
2024-08-28,912810TF5,2.375,2042-02-15,599000000.0,77.376
2024-08-28,912810TH1,3.25,2042-05-15,0.0,
2024-08-28,912810QX9,2.75,2042-08-15,0.0,
2024-08-28,912810TK4,3.375,2042-08-15,0.0,
2024-08-28,912810QY7,2.75,2042-11-15,0.0,
2024-08-28,912810TM0,4.0,2042-11-15,0.0,
2024-08-28,912810QZ4,3.125,2043-02-15,0.0,
2024-08-28,912810TQ1,3.875,2043-02-15,0.0,
2024-08-28,912810RB6,2.875,2043-05-15,0.0,
2024-08-28,912810TS7,3.875,2043-05-15,0.0,
2024-08-28,912810RC4,3.625,2043-08-15,0.0,
2024-08-28,912810RD2,3.75,2043-11-15,0.0,
2024-08-28,912810TW8,4.75,2043-11-15,0.0,
2024-08-28,912810RE0,3.625,2044-02-15,0.0,
2024-08-28,912810TZ1,4.5,2044-02-15,0.0,
2024-08-28,912810RG5,3.375,2044-05-15,0.0,
2024-08-28,912810RH3,3.125,2044-08-15,0.0,
2024-09-04,912828YG9,1.625,2026-09-30,0.0,
2024-09-04,91282CJC6,4.625,2026-10-15,0.0,
2024-09-04,91282CDG3,1.125,2026-10-31,0.0,
2024-09-04,912828YQ7,1.625,2026-10-31,0.0,
2024-09-04,912828U24,2.0,2026-11-15,0.0,
2024-09-04,91282CJK8,4.625,2026-11-15,0.0,
2024-09-04,91282CDK4,1.25,2026-11-30,0.0,
2024-09-04,912828YU8,1.625,2026-11-30,62000000.0,95.508
2024-09-04,91282CJP7,4.375,2026-12-15,0.0,
2024-09-04,91282CDQ1,1.25,2026-12-31,0.0,
2024-09-04,912828YX2,1.75,2026-12-31,0.0,
2024-09-04,91282CJT9,4.0,2027-01-15,0.0,
2024-09-04,912828Z78,1.5,2027-01-31,0.0,
2024-09-04,912828V98,2.25,2027-02-15,1278000000.0,96.599
2024-09-04,91282CKA8,4.125,2027-02-15,0.0,
2024-09-04,912828ZB9,1.125,2027-02-28,0.0,
2024-09-04,91282CEC1,1.875,2027-02-28,0.0,
2024-09-04,912828ZE3,0.625,2027-03-31,0.0,
2024-09-04,91282CEF4,2.5,2027-03-31,0.0,
2024-09-04,912828ZN3,0.5,2027-04-30,0.0,
2024-09-04,91282CEN7,2.75,2027-04-30,10000000.0,97.668
2024-09-04,912828X88,2.375,2027-05-15,320000000.0,96.648
2024-09-04,912828ZS2,0.5,2027-05-31,0.0,
2024-09-04,91282CET4,2.625,2027-05-31,0.0,
2024-09-04,912828ZV5,0.5,2027-06-30,500000000.0,91.594
2024-09-04,91282CEW7,3.25,2027-06-30,0.0,
2024-09-04,91282CAD3,0.375,2027-07-31,0.0,
2024-09-04,91282CFB2,2.75,2027-07-31,0.0,
2024-09-04,9128282R0,2.25,2027-08-15,0.0,
2024-09-04,91282CAH4,0.5,2027-08-31,125000000.0,91.178
2024-09-04,91282CFH9,3.125,2027-08-31,0.0,
2024-09-05,91282CAJ0,0.25,2025-08-31,855000000.0,96.193
2024-09-05,9128284Z0,2.75,2025-08-31,61000000.0,98.582
2024-09-05,91282CHV6,5.0,2025-08-31,25000000.0,100.719
2024-09-05,91282CFP1,4.25,2025-10-15,200000000.0,100.117
2024-09-05,91282CAT8,0.25,2025-10-31,218000000.0,95.702
2024-09-05,9128285J5,3.0,2025-10-31,100000000.0,98.762
2024-09-05,91282CJE2,5.0,2025-10-31,45000000.0,100.961
2024-09-05,912828M56,2.25,2025-11-15,0.0,
2024-09-05,91282CFW6,4.5,2025-11-15,0.0,
2024-09-05,91282CAZ4,0.375,2025-11-30,208000000.0,95.609
2024-09-05,9128285N6,2.875,2025-11-30,298000000.0,98.581
2024-09-05,91282CJL6,4.875,2025-11-30,50000000.0,100.957
2024-09-05,91282CGE5,3.875,2026-01-15,0.0,
2024-09-05,91282CBH3,0.375,2026-01-31,0.0,
2024-09-05,9128286A3,2.625,2026-01-31,0.0,
2024-09-05,91282CJV4,4.25,2026-01-31,0.0,
2024-09-05,912828P46,1.625,2026-02-15,0.0,
2024-09-05,91282CGL9,4.0,2026-02-15,0.0,
2024-09-05,91282CBQ3,0.5,2026-02-28,1700000000.0,95.102
2024-09-05,9128286F2,2.5,2026-02-28,0.0,
2024-09-05,91282CKB6,4.625,2026-02-28,0.0,
2024-09-05,91282CGR6,4.625,2026-03-15,0.0,
2024-09-05,91282CBT7,0.75,2026-03-31,3000000.0,95.277
2024-09-05,9128286L9,2.25,2026-03-31,10000000.0,97.523
2024-09-05,912828R36,1.625,2026-05-15,0.0,
2024-09-05,91282CHB0,3.625,2026-05-15,222000000.0,99.634
2024-09-05,91282CCF6,0.75,2026-05-31,458000000.0,94.872
2024-09-05,9128286X3,2.125,2026-05-31,294000000.0,97.164
2024-09-05,91282CHM6,4.5,2026-07-15,0.0,
2024-09-05,91282CCP4,0.625,2026-07-31,181000000.0,94.271
2024-09-05,912828Y95,1.875,2026-07-31,0.0,
2024-09-05,9128282A7,1.5,2026-08-15,0.0,
2024-09-05,91282CHU8,4.375,2026-08-15,0.0,
2024-09-05,91282CCW9,0.75,2026-08-31,72000000.0,94.311
2024-09-05,912828YD6,1.375,2026-08-31,0.0,
2024-09-10,91282CDJ7,1.375,2031-11-15,40000000.0,86.373
2024-09-10,91282CDY4,1.875,2032-02-15,290000000.0,89.12
2024-09-10,91282CEP2,2.875,2032-05-15,84000000.0,95.441
2024-09-10,91282CFF3,2.75,2032-08-15,0.0,
2024-09-10,91282CFV8,4.125,2032-11-15,0.0,
2024-09-10,91282CGM7,3.5,2033-02-15,0.0,
2024-09-10,91282CHC8,3.375,2033-05-15,0.0,
2024-09-10,91282CHT1,3.875,2033-08-15,25000000.0,101.922
2024-09-10,91282CJJ1,4.5,2033-11-15,0.0,
2024-09-10,91282CJZ5,4.0,2034-02-15,10000000.0,102.875
2024-09-12,912828ZT0,0.25,2025-05-31,800000000.0,97.107
2024-09-12,91282CHD6,4.25,2025-05-31,0.0,
2024-09-12,91282CEY3,3.0,2025-07-15,0.0,
2024-09-12,912828K74,2.0,2025-08-15,0.0,
2024-09-12,91282CFE6,3.125,2025-08-15,4050000000.0,99.059
2024-09-12,91282CAJ0,0.25,2025-08-31,0.0,
2024-09-12,9128284Z0,2.75,2025-08-31,0.0,
2024-09-12,91282CHV6,5.0,2025-08-31,0.0,
2024-09-12,91282CFP1,4.25,2025-10-15,150000000.0,100.199
2024-09-12,91282CAT8,0.25,2025-10-31,0.0,
2024-09-12,9128285J5,3.0,2025-10-31,0.0,
2024-09-12,91282CJE2,5.0,2025-10-31,0.0,
2024-09-12,912828M56,2.25,2025-11-15,0.0,
2024-09-12,91282CFW6,4.5,2025-11-15,0.0,
2024-09-12,91282CAZ4,0.375,2025-11-30,0.0,
2024-09-12,9128285N6,2.875,2025-11-30,0.0,
2024-09-12,91282CJL6,4.875,2025-11-30,0.0,
2024-09-12,91282CGE5,3.875,2026-01-15,0.0,
2024-09-12,91282CBH3,0.375,2026-01-31,0.0,
2024-09-12,9128286A3,2.625,2026-01-31,0.0,
2024-09-12,91282CJV4,4.25,2026-01-31,0.0,
2024-09-12,912828P46,1.625,2026-02-15,0.0,
2024-09-12,91282CGL9,4.0,2026-02-15,0.0,
2024-09-12,91282CBQ3,0.5,2026-02-28,0.0,
2024-09-12,9128286F2,2.5,2026-02-28,0.0,
2024-09-12,91282CKB6,4.625,2026-02-28,0.0,
2024-09-12,91282CBT7,0.75,2026-03-31,0.0,
2024-09-12,9128286L9,2.25,2026-03-31,0.0,
2024-09-12,912828R36,1.625,2026-05-15,0.0,
2024-09-12,91282CHB0,3.625,2026-05-15,0.0,
2024-09-12,91282CCF6,0.75,2026-05-31,0.0,
2024-09-12,9128286X3,2.125,2026-05-31,0.0,
2024-09-12,91282CHM6,4.5,2026-07-15,0.0,
2024-09-12,91282CCP4,0.625,2026-07-31,0.0,
2024-09-12,912828Y95,1.875,2026-07-31,0.0,
2024-09-12,9128282A7,1.5,2026-08-15,0.0,
2024-09-12,91282CHU8,4.375,2026-08-15,0.0,
2024-09-12,91282CCW9,0.75,2026-08-31,0.0,
2024-09-12,912828YD6,1.375,2026-08-31,0.0,
2024-09-17,91282CEZ0,0.625,2032-07-15,33000000.0,93.984
2024-09-17,91282CGK1,1.125,2033-01-15,25000000.0,96.922
2024-09-17,91282CHP9,1.375,2033-07-15,30000000.0,99.031
2024-09-17,91282CJY8,1.75,2034-01-15,0.0,
2024-09-17,912810QF8,2.125,2040-02-15,0.0,
2024-09-17,912810QP6,2.125,2041-02-15,0.0,
2024-09-17,912810QV3,0.75,2042-02-15,0.0,
2024-09-17,912810RA8,0.625,2043-02-15,0.0,
2024-09-17,912810RF7,1.375,2044-02-15,5000000.0,92.672
2024-09-17,912810RL4,0.75,2045-02-15,0.0,
2024-09-17,912810RR1,1.0,2046-02-15,0.0,
2024-09-17,912810RW0,0.875,2047-02-15,10000000.0,82.086
2024-09-17,912810SB5,1.0,2048-02-15,12000000.0,84.0
2024-09-17,912810SG4,1.0,2049-02-15,13000000.0,83.547
2024-09-17,912810SM1,0.25,2050-02-15,0.0,
2024-09-17,912810SV1,0.125,2051-02-15,15000000.0,65.016
2024-09-17,912810TE8,0.125,2052-02-15,0.0,
2024-09-17,912810TP3,1.5,2053-02-15,10000000.0,92.617
2024-09-19,91282CEQ0,2.75,2025-05-15,616000000.0,99.042
2024-09-19,912828ZT0,0.25,2025-05-31,75000000.0,97.305
2024-09-19,91282CHD6,4.25,2025-05-31,0.0,
2024-09-19,912828Y79,2.875,2025-07-31,0.0,
2024-09-19,91282CHN4,4.75,2025-07-31,3796000000.0,100.586
2024-09-19,912828K74,2.0,2025-08-15,25000000.0,98.234
2024-09-19,91282CFE6,3.125,2025-08-15,0.0,
2024-09-19,91282CAJ0,0.25,2025-08-31,0.0,
2024-09-19,9128284Z0,2.75,2025-08-31,0.0,
2024-09-19,91282CFP1,4.25,2025-10-15,0.0,
2024-09-19,91282CAT8,0.25,2025-10-31,25000000.0,96.074
2024-09-19,9128285J5,3.0,2025-10-31,0.0,
2024-09-19,91282CJE2,5.0,2025-10-31,200000000.0,101.18
2024-09-19,912828M56,2.25,2025-11-15,0.0,
2024-09-19,91282CFW6,4.5,2025-11-15,0.0,
2024-09-19,91282CAZ4,0.375,2025-11-30,0.0,
2024-09-19,9128285N6,2.875,2025-11-30,0.0,
2024-09-19,91282CJL6,4.875,2025-11-30,0.0,
2024-09-19,91282CGE5,3.875,2026-01-15,0.0,
2024-09-19,91282CBH3,0.375,2026-01-31,0.0,
2024-09-19,9128286A3,2.625,2026-01-31,0.0,
2024-09-19,91282CJV4,4.25,2026-01-31,0.0,
2024-09-19,912828P46,1.625,2026-02-15,0.0,
2024-09-19,91282CGL9,4.0,2026-02-15,0.0,
2024-09-19,91282CBQ3,0.5,2026-02-28,0.0,
2024-09-19,9128286F2,2.5,2026-02-28,0.0,
2024-09-19,91282CKB6,4.625,2026-02-28,0.0,
2024-09-19,91282CGR6,4.625,2026-03-15,0.0,
2024-09-19,91282CBT7,0.75,2026-03-31,0.0,
2024-09-19,9128286L9,2.25,2026-03-31,0.0,
2024-09-19,912828R36,1.625,2026-05-15,100000000.0,96.742
2024-09-19,91282CHB0,3.625,2026-05-15,0.0,
2024-09-19,91282CCF6,0.75,2026-05-31,0.0,
2024-09-19,9128286X3,2.125,2026-05-31,0.0,
2024-09-19,91282CHM6,4.5,2026-07-15,0.0,
2024-09-19,91282CCP4,0.625,2026-07-31,63000000.0,94.656
2024-09-19,912828Y95,1.875,2026-07-31,0.0,
2024-09-19,9128282A7,1.5,2026-08-15,0.0,
2024-09-19,91282CHU8,4.375,2026-08-15,0.0,
2024-09-19,91282CCW9,0.75,2026-08-31,100000000.0,94.68
2024-09-19,912828YD6,1.375,2026-08-31,0.0,
2024-09-24,912810RJ9,3.0,2044-11-15,500000000.0,84.008
2024-09-24,912810RK6,2.5,2045-02-15,0.0,
2024-09-24,912810RM2,3.0,2045-05-15,0.0,
2024-09-24,912810RN0,2.875,2045-08-15,0.0,
2024-09-24,912810RQ3,2.5,2046-02-15,50000000.0,76.141
2024-09-24,912810RS9,2.5,2046-05-15,230000000.0,75.877
2024-09-24,912810RT7,2.25,2046-08-15,0.0,
2024-09-24,912810RU4,2.875,2046-11-15,0.0,
2024-09-24,912810RV2,3.0,2047-02-15,0.0,
2024-09-24,912810RX8,3.0,2047-05-15,150000000.0,82.374
2024-09-24,912810RY6,2.75,2047-08-15,0.0,
2024-09-24,912810RZ3,2.75,2047-11-15,0.0,
2024-09-24,912810SA7,3.0,2048-02-15,65000000.0,81.859
2024-09-24,912810SC3,3.125,2048-05-15,100000000.0,83.59
2024-09-24,912810SD1,3.0,2048-08-15,0.0,
2024-09-24,912810SE9,3.375,2048-11-15,0.0,
2024-09-24,912810SF6,3.0,2049-02-15,50000000.0,81.426
2024-09-24,912810SH2,2.875,2049-05-15,50000000.0,79.43
2024-09-24,912810SJ8,2.25,2049-08-15,0.0,
2024-09-24,912810SK5,2.375,2049-11-15,0.0,
2024-09-24,912810SL3,2.0,2050-02-15,0.0,
2024-09-24,912810SN9,1.25,2050-05-15,0.0,
2024-09-24,912810SP4,1.375,2050-08-15,0.0,
2024-09-24,912810SS8,1.625,2050-11-15,100000000.0,59.219
2024-09-24,912810SU3,1.875,2051-02-15,100000000.0,63.055
2024-09-24,912810SX7,2.375,2051-05-15,390000000.0,70.96
2024-09-24,912810SZ2,2.0,2051-08-15,0.0,
2024-09-24,912810TB4,1.875,2051-11-15,0.0,
2024-09-24,912810TD0,2.25,2052-02-15,0.0,
2024-09-24,912810TG3,2.875,2052-05-15,15000000.0,78.781
2024-09-24,912810TJ7,3.0,2052-08-15,200000000.0,80.932
2024-09-24,912810TN8,3.625,2053-02-15,0.0,
2024-09-24,912810TR9,3.625,2053-05-15,0.0,
2024-09-24,912810TT5,4.125,2053-08-15,0.0,
2024-09-24,912810TX6,4.25,2054-02-15,0.0,
2024-09-25,91282CFQ9,4.375,2024-10-31,600000000.0,99.96
2024-09-25,91282CDZ1,1.5,2025-02-15,75000000.0,98.855
2024-09-25,912828J27,2.0,2025-02-15,385000000.0,99.045
2024-09-25,91282CEQ0,2.75,2025-05-15,100000000.0,99.113
2024-09-25,912828ZT0,0.25,2025-05-31,145000000.0,97.42
2024-09-25,91282CHN4,4.75,2025-07-31,1429000000.0,100.637
2024-09-25,91282CAJ0,0.25,2025-08-31,5000000.0,96.668
2024-09-25,91282CFP1,4.25,2025-10-15,0.0,
2024-09-25,91282CAT8,0.25,2025-10-31,483000000.0,96.203
2024-09-25,9128285J5,3.0,2025-10-31,0.0,
2024-09-25,91282CJE2,5.0,2025-10-31,313000000.0,101.247
2024-09-25,912828M56,2.25,2025-11-15,0.0,
2024-09-25,91282CFW6,4.5,2025-11-15,0.0,
2024-09-25,91282CAZ4,0.375,2025-11-30,0.0,
2024-09-25,9128285N6,2.875,2025-11-30,197000000.0,98.963
2024-09-25,91282CJL6,4.875,2025-11-30,300000000.0,101.23
2024-09-25,91282CGE5,3.875,2026-01-15,0.0,
2024-09-25,91282CBH3,0.375,2026-01-31,0.0,
2024-09-25,9128286A3,2.625,2026-01-31,0.0,
2024-09-25,91282CJV4,4.25,2026-01-31,0.0,
2024-09-25,912828P46,1.625,2026-02-15,2000000.0,97.219
2024-09-25,91282CGL9,4.0,2026-02-15,0.0,
2024-09-25,91282CBQ3,0.5,2026-02-28,175000000.0,95.608
2024-09-25,9128286F2,2.5,2026-02-28,0.0,
2024-09-25,91282CKB6,4.625,2026-02-28,0.0,
2024-09-25,91282CGR6,4.625,2026-03-15,126000000.0,101.359
2024-09-25,912828R36,1.625,2026-05-15,214000000.0,96.846
2024-09-25,91282CHB0,3.625,2026-05-15,11000000.0,99.992
2024-09-25,91282CCF6,0.75,2026-05-31,6000000.0,95.383
2024-09-25,9128286X3,2.125,2026-05-31,0.0,
2024-09-25,91282CHM6,4.5,2026-07-15,0.0,
2024-09-25,91282CCP4,0.625,2026-07-31,100000000.0,94.773
2024-09-25,912828Y95,1.875,2026-07-31,0.0,
2024-09-25,9128282A7,1.5,2026-08-15,334000000.0,96.239
2024-09-25,91282CHU8,4.375,2026-08-15,0.0,
2024-09-25,91282CCW9,0.75,2026-08-31,0.0,
2024-09-25,912828YD6,1.375,2026-08-31,0.0,
2024-10-02,91282CAQ4,0.125,2025-10-15,0.0,
2024-10-02,912828N71,0.625,2026-01-15,0.0,
2024-10-02,912810FS2,2.0,2026-01-15,1000000.0,99.977
2024-10-02,91282CCA7,0.125,2026-04-15,0.0,
2024-10-02,912828S50,0.125,2026-07-15,0.0,
2024-10-02,91282CDC2,0.125,2026-10-15,0.0,
2024-10-02,912828V49,0.375,2027-01-15,0.0,
2024-10-02,912810PS1,2.375,2027-01-15,0.0,
2024-10-02,91282CEJ6,0.125,2027-04-15,0.0,
2024-10-02,9128282L3,0.375,2027-07-15,0.0,
2024-10-02,91282CFR7,1.625,2027-10-15,0.0,
2024-10-02,9128283R9,0.5,2028-01-15,22000000.0,97.082
2024-10-02,912810PV4,1.75,2028-01-15,0.0,
2024-10-02,91282CGW5,1.25,2028-04-15,10000000.0,99.281
2024-10-02,912810FD5,3.625,2028-04-15,12000000.0,107.447
2024-10-02,912828Y38,0.75,2028-07-15,15000000.0,98.068
2024-10-02,91282CJH5,2.375,2028-10-15,0.0,
2024-10-02,9128285W6,0.875,2029-01-15,0.0,
2024-10-02,912810PZ5,2.5,2029-01-15,0.0,
2024-10-02,912810FH6,3.875,2029-04-15,140000000.0,110.698
2024-10-02,9128287D6,0.25,2029-07-15,0.0,
2024-10-02,912828Z37,0.125,2030-01-15,0.0,
2024-10-02,912828ZZ6,0.125,2030-07-15,0.0,
2024-10-02,91282CBF7,0.125,2031-01-15,35000000.0,92.211
2024-10-02,91282CCM1,0.125,2031-07-15,0.0,
2024-10-02,91282CDX6,0.125,2032-01-15,0.0,
2024-10-10,91282CFT3,4.0,2029-10-31,17000000.0,100.25
2024-10-10,912828YS3,1.75,2029-11-15,0.0,
2024-10-10,91282CFY2,3.875,2029-11-30,46000000.0,99.674
2024-10-10,91282CGB1,3.875,2029-12-31,25000000.0,99.637
2024-10-10,91282CGJ4,3.5,2030-01-31,65000000.0,97.871
2024-10-10,912828Z94,1.5,2030-02-15,377000000.0,88.292
2024-10-10,91282CGQ8,4.0,2030-02-28,300000000.0,100.246
2024-10-10,91282CGS4,3.625,2030-03-31,0.0,
2024-10-10,91282CGZ8,3.5,2030-04-30,74000000.0,97.758
2024-10-10,912828ZQ6,0.625,2030-05-15,0.0,
2024-10-10,91282CHF1,3.75,2030-05-31,0.0,
2024-10-10,91282CHJ3,3.75,2030-06-30,0.0,
2024-10-10,91282CHR5,4.0,2030-07-31,0.0,
2024-10-10,91282CAE1,0.625,2030-08-15,390000000.0,82.708
2024-10-10,91282CHW4,4.125,2030-08-31,0.0,
2024-10-10,91282CHZ7,4.625,2030-09-30,0.0,
2024-10-10,91282CJG7,4.875,2030-10-31,0.0,
2024-10-10,91282CAV3,0.875,2030-11-15,0.0,
2024-10-10,91282CJM4,4.375,2030-11-30,0.0,
2024-10-10,91282CJQ5,3.75,2030-12-31,100000000.0,98.707
2024-10-10,91282CJX0,4.0,2031-01-31,25000000.0,100.051
2024-10-10,91282CBL4,1.125,2031-02-15,0.0,
2024-10-10,91282CKC4,4.25,2031-02-28,600000000.0,101.469
2024-10-10,91282CKF7,4.125,2031-03-31,150000000.0,100.75
2024-10-10,91282CCB5,1.625,2031-05-15,0.0,
2024-10-10,91282CCS8,1.25,2031-08-15,300000000.0,83.618
2024-10-16,91282CAU5,0.5,2027-10-31,175000000.0,90.477
2024-10-16,91282CFU0,4.125,2027-10-31,0.0,
2024-10-16,9128283F5,2.25,2027-11-15,262000000.0,95.374
2024-10-16,91282CAY7,0.625,2027-11-30,315000000.0,90.596
2024-10-16,91282CFZ9,3.875,2027-11-30,0.0,
2024-10-16,91282CBB6,0.625,2027-12-31,139000000.0,90.35
2024-10-16,91282CGC9,3.875,2027-12-31,0.0,
2024-10-16,91282CBJ9,0.75,2028-01-31,0.0,
2024-10-16,91282CGH8,3.5,2028-01-31,0.0,
2024-10-16,9128283W8,2.75,2028-02-15,176000000.0,96.554
2024-10-16,91282CBP5,1.125,2028-02-29,0.0,
2024-10-16,91282CGP0,4.0,2028-02-29,0.0,
2024-10-16,91282CBS9,1.25,2028-03-31,0.0,
2024-10-16,91282CGT2,3.625,2028-03-31,0.0,
2024-10-16,91282CBZ3,1.25,2028-04-30,100000000.0,91.436
2024-10-16,91282CHA2,3.5,2028-04-30,0.0,
2024-10-16,9128284N7,2.875,2028-05-15,105000000.0,96.732
2024-10-16,91282CCE9,1.25,2028-05-31,60000000.0,91.254
2024-10-16,91282CHE4,3.625,2028-05-31,95000000.0,99.227
2024-10-16,91282CCH2,1.25,2028-06-30,250000000.0,91.078
2024-10-16,91282CHK0,4.0,2028-06-30,0.0,
2024-10-16,91282CCR0,1.0,2028-07-31,0.0,
2024-10-16,91282CHQ7,4.125,2028-07-31,0.0,
2024-10-16,9128284V9,2.875,2028-08-15,249000000.0,96.533
2024-10-16,91282CCV1,1.125,2028-08-31,129000000.0,90.251
2024-10-16,91282CHX2,4.375,2028-08-31,0.0,
2024-10-16,91282CCY5,1.25,2028-09-30,0.0,
2024-10-16,91282CJA0,4.625,2028-09-30,0.0,
2024-10-16,91282CDF5,1.375,2028-10-31,0.0,
2024-10-16,91282CJF9,4.875,2028-10-31,0.0,
2024-10-16,9128285M8,3.125,2028-11-15,0.0,
2024-10-16,91282CDL2,1.5,2028-11-30,152000000.0,91.088
2024-10-16,91282CJN2,4.375,2028-11-30,47000000.0,101.961
2024-10-16,91282CDP3,1.375,2028-12-31,0.0,
2024-10-16,91282CJR3,3.75,2028-12-31,0.0,
2024-10-16,91282CDW8,1.75,2029-01-31,0.0,
2024-10-16,91282CJW2,4.0,2029-01-31,10000000.0,100.563
2024-10-16,9128286B1,2.625,2029-02-15,135000000.0,95.136
2024-10-16,91282CEB3,1.875,2029-02-28,20000000.0,92.09
2024-10-16,91282CEE7,2.375,2029-03-31,0.0,
2024-10-16,91282CKG5,4.125,2029-03-31,0.0,
2024-10-16,91282CEM9,2.875,2029-04-30,385000000.0,95.937
2024-10-16,9128286T2,2.375,2029-05-15,0.0,
2024-10-16,91282CES6,2.75,2029-05-31,566000000.0,95.354
2024-10-16,91282CEV9,3.25,2029-06-30,0.0,
2024-10-16,91282CFC0,2.625,2029-07-31,505000000.0,94.652
2024-10-16,912828YB0,1.625,2029-08-15,0.0,
2024-10-16,91282CFJ5,3.125,2029-08-31,125000000.0,96.759
2024-10-16,91282CFL0,3.875,2029-09-30,0.0,
2024-10-23,91282CEZ0,0.625,2032-07-15,15000000.0,91.469
2024-10-23,91282CGK1,1.125,2033-01-15,10000000.0,94.191
2024-10-23,91282CHP9,1.375,2033-07-15,40000000.0,96.0
2024-10-23,91282CJY8,1.75,2034-01-15,50000000.0,98.391
2024-10-23,912810QF8,2.125,2040-02-15,14000000.0,100.707
2024-10-23,912810QP6,2.125,2041-02-15,0.0,
2024-10-23,912810QV3,0.75,2042-02-15,31000000.0,80.116
2024-10-23,912810RA8,0.625,2043-02-15,0.0,
2024-10-23,912810RF7,1.375,2044-02-15,15000000.0,87.333
2024-10-23,912810RL4,0.75,2045-02-15,5000000.0,76.191
2024-10-23,912810RR1,1.0,2046-02-15,0.0,
2024-10-23,912810RW0,0.875,2047-02-15,0.0,
2024-10-23,912810SB5,1.0,2048-02-15,0.0,
2024-10-23,912810SG4,1.0,2049-02-15,44000000.0,77.063
2024-10-23,912810SM1,0.25,2050-02-15,10000000.0,62.039
2024-10-23,912810SV1,0.125,2051-02-15,40000000.0,58.782
2024-10-23,912810TE8,0.125,2052-02-15,0.0,
2024-10-23,912810TP3,1.5,2053-02-15,49000000.0,85.158
2024-10-31,912810SR0,1.125,2040-05-15,0.0,
2024-10-31,912810SQ2,1.125,2040-08-15,0.0,
2024-10-31,912810ST6,1.375,2040-11-15,50000000.0,64.289
2024-10-31,912810SW9,1.875,2041-02-15,50000000.0,69.57
2024-10-31,912810QN1,4.75,2041-02-15,0.0,
2024-10-31,912810SY5,2.25,2041-05-15,650000000.0,73.629
2024-10-31,912810TA6,1.75,2041-08-15,200000000.0,67.224
2024-10-31,912810TC2,2.0,2041-11-15,180000000.0,69.736
2024-10-31,912810TF5,2.375,2042-02-15,150000000.0,73.813
2024-10-31,912810TH1,3.25,2042-05-15,75000000.0,84.289
2024-10-31,912810QX9,2.75,2042-08-15,150000000.0,77.941
2024-10-31,912810TK4,3.375,2042-08-15,0.0,
2024-10-31,912810QY7,2.75,2042-11-15,50000000.0,77.641
2024-10-31,912810TM0,4.0,2042-11-15,0.0,
2024-10-31,912810QZ4,3.125,2043-02-15,0.0,
2024-10-31,912810TQ1,3.875,2043-02-15,0.0,
2024-10-31,912810RB6,2.875,2043-05-15,200000000.0,78.609
2024-10-31,912810TS7,3.875,2043-05-15,0.0,
2024-10-31,912810RC4,3.625,2043-08-15,95000000.0,87.906
2024-10-31,912810TU2,4.375,2043-08-15,0.0,
2024-10-31,912810RD2,3.75,2043-11-15,0.0,
2024-10-31,912810TW8,4.75,2043-11-15,0.0,
2024-10-31,912810RE0,3.625,2044-02-15,150000000.0,87.539
2024-10-31,912810TZ1,4.5,2044-02-15,0.0,
2024-10-31,912810RG5,3.375,2044-05-15,0.0,
2024-10-31,912810RH3,3.125,2044-08-15,0.0,
2024-11-06,912828N71,0.625,2026-01-15,0.0,
2024-11-06,912810FS2,2.0,2026-01-15,0.0,
2024-11-06,91282CCA7,0.125,2026-04-15,0.0,
2024-11-06,912828S50,0.125,2026-07-15,0.0,
2024-11-06,91282CDC2,0.125,2026-10-15,0.0,
2024-11-06,912828V49,0.375,2027-01-15,0.0,
2024-11-06,912810PS1,2.375,2027-01-15,0.0,
2024-11-06,91282CEJ6,0.125,2027-04-15,0.0,
2024-11-06,9128282L3,0.375,2027-07-15,0.0,
2024-11-06,91282CFR7,1.625,2027-10-15,0.0,
2024-11-06,9128283R9,0.5,2028-01-15,0.0,
2024-11-06,912810PV4,1.75,2028-01-15,10000000.0,99.813
2024-11-06,91282CGW5,1.25,2028-04-15,0.0,
2024-11-06,912810FD5,3.625,2028-04-15,0.0,
2024-11-06,912828Y38,0.75,2028-07-15,10000000.0,96.633
2024-11-06,91282CJH5,2.375,2028-10-15,0.0,
2024-11-06,9128285W6,0.875,2029-01-15,0.0,
2024-11-06,912810PZ5,2.5,2029-01-15,0.0,
2024-11-06,91282CKL4,2.125,2029-04-15,40000000.0,100.938
2024-11-06,912810FH6,3.875,2029-04-15,0.0,
2024-11-06,9128287D6,0.25,2029-07-15,0.0,
2024-11-06,912828Z37,0.125,2030-01-15,25000000.0,91.5
2024-11-06,912828ZZ6,0.125,2030-07-15,60000000.0,90.97
2024-11-06,91282CBF7,0.125,2031-01-15,25000000.0,89.723
2024-11-06,91282CCM1,0.125,2031-07-15,0.0,
2024-11-06,91282CDX6,0.125,2032-01-15,0.0,
2024-11-13,91282CGX3,3.875,2025-04-30,0.0,
2024-11-13,91282CHL8,4.625,2025-06-30,0.0,
2024-11-13,91282CAB7,0.25,2025-07-31,0.0,
2024-11-13,912828Y79,2.875,2025-07-31,0.0,
2024-11-13,91282CHN4,4.75,2025-07-31,350000000.0,100.238
2024-11-13,912828K74,2.0,2025-08-15,2888000000.0,98.246
2024-11-13,91282CFE6,3.125,2025-08-15,512000000.0,99.058
2024-11-13,91282CAJ0,0.25,2025-08-31,0.0,
2024-11-13,9128284Z0,2.75,2025-08-31,0.0,
2024-11-13,91282CHV6,5.0,2025-08-31,0.0,
2024-11-13,91282CFK2,3.5,2025-09-15,0.0,
2024-11-13,91282CAM3,0.25,2025-09-30,0.0,
2024-11-13,9128285C0,3.0,2025-09-30,0.0,
2024-11-13,91282CJB8,5.0,2025-09-30,0.0,
2024-11-13,91282CFP1,4.25,2025-10-15,0.0,
2024-11-13,91282CAT8,0.25,2025-10-31,0.0,
2024-11-13,91282CJE2,5.0,2025-10-31,0.0,
2024-11-13,91282CAZ4,0.375,2025-11-30,0.0,
2024-11-13,9128285N6,2.875,2025-11-30,0.0,
2024-11-13,91282CJL6,4.875,2025-11-30,0.0,
2024-11-13,91282CGA3,4.0,2025-12-15,0.0,
2024-11-13,91282CBC4,0.375,2025-12-31,100000000.0,95.664
2024-11-13,9128285T3,2.625,2025-12-31,0.0,
2024-11-13,91282CJS1,4.25,2025-12-31,0.0,
2024-11-13,91282CGE5,3.875,2026-01-15,0.0,
2024-11-13,91282CBH3,0.375,2026-01-31,150000000.0,95.344
2024-11-13,9128286A3,2.625,2026-01-31,0.0,
2024-11-13,91282CJV4,4.25,2026-01-31,0.0,
2024-11-13,912828P46,1.625,2026-02-15,0.0,
2024-11-13,91282CGL9,4.0,2026-02-15,0.0,
2024-11-13,91282CBQ3,0.5,2026-02-28,0.0,
2024-11-13,9128286F2,2.5,2026-02-28,0.0,
2024-11-13,91282CKB6,4.625,2026-02-28,0.0,
2024-11-13,91282CGR6,4.625,2026-03-15,0.0,
2024-11-13,91282CBT7,0.75,2026-03-31,0.0,
2024-11-13,9128286L9,2.25,2026-03-31,0.0,
2024-11-13,91282CKH3,4.5,2026-03-31,0.0,
2024-11-13,91282CGV7,3.75,2026-04-15,0.0,
2024-11-13,91282CBW0,0.75,2026-04-30,0.0,
2024-11-13,9128286S4,2.375,2026-04-30,0.0,
2024-11-13,91282CKK6,4.875,2026-04-30,0.0,
2024-11-13,91282CCF6,0.75,2026-05-31,0.0,
2024-11-13,9128286X3,2.125,2026-05-31,0.0,
2024-11-13,91282CHH7,4.125,2026-06-15,0.0,
2024-11-13,91282CCJ8,0.875,2026-06-30,0.0,
2024-11-13,9128287B0,1.875,2026-06-30,0.0,
2024-11-13,91282CHM6,4.5,2026-07-15,0.0,
2024-11-13,91282CCP4,0.625,2026-07-31,0.0,
2024-11-13,912828Y95,1.875,2026-07-31,0.0,
2024-11-13,9128282A7,1.5,2026-08-15,0.0,
2024-11-13,91282CHU8,4.375,2026-08-15,0.0,
2024-11-13,91282CCW9,0.75,2026-08-31,0.0,
2024-11-13,912828YD6,1.375,2026-08-31,0.0,
2024-11-13,912828YG9,1.625,2026-09-30,0.0,
2024-11-13,91282CJC6,4.625,2026-10-15,0.0,
2024-11-13,91282CDG3,1.125,2026-10-31,0.0,
2024-11-13,912828YQ7,1.625,2026-10-31,0.0,
2024-11-20,912810RK6,2.5,2045-02-15,0.0,
2024-11-20,912810RM2,3.0,2045-05-15,500000000.0,77.32
2024-11-20,912810RN0,2.875,2045-08-15,422000000.0,75.531
2024-11-20,912810RQ3,2.5,2046-02-15,500000000.0,70.078
2024-11-20,912810RS9,2.5,2046-05-15,13000000.0,69.844
2024-11-20,912810RT7,2.25,2046-08-15,0.0,
2024-11-20,912810RU4,2.875,2046-11-15,0.0,
2024-11-20,912810RV2,3.0,2047-02-15,0.0,
2024-11-20,912810RX8,3.0,2047-05-15,100000000.0,75.783
2024-11-20,912810RY6,2.75,2047-08-15,0.0,
2024-11-20,912810RZ3,2.75,2047-11-15,0.0,
2024-11-20,912810SA7,3.0,2048-02-15,0.0,
2024-11-20,912810SC3,3.125,2048-05-15,0.0,
2024-11-20,912810SD1,3.0,2048-08-15,0.0,
2024-11-20,912810SE9,3.375,2048-11-15,25000000.0,80.281
2024-11-20,912810SF6,3.0,2049-02-15,0.0,
2024-11-20,912810SH2,2.875,2049-05-15,50000000.0,72.918
2024-11-20,912810SJ8,2.25,2049-08-15,65000000.0,63.756
2024-11-20,912810SK5,2.375,2049-11-15,50000000.0,65.473
2024-11-20,912810SN9,1.25,2050-05-15,0.0,
2024-11-20,912810SP4,1.375,2050-08-15,25000000.0,50.406
2024-11-20,912810SS8,1.625,2050-11-15,50000000.0,53.891
2024-11-20,912810SU3,1.875,2051-02-15,75000000.0,57.543
2024-11-20,912810SX7,2.375,2051-05-15,0.0,
2024-11-20,912810SZ2,2.0,2051-08-15,0.0,
2024-11-20,912810TB4,1.875,2051-11-15,0.0,
2024-11-20,912810TD0,2.25,2052-02-15,25000000.0,62.664
2024-11-20,912810TG3,2.875,2052-05-15,100000000.0,72.219
2024-11-20,912810TJ7,3.0,2052-08-15,0.0,
2024-11-20,912810TN8,3.625,2053-02-15,0.0,
2024-11-20,912810TR9,3.625,2053-05-15,0.0,
2024-11-20,912810TT5,4.125,2053-08-15,0.0,
2024-11-20,912810TX6,4.25,2054-02-15,0.0,
2024-11-20,912810UA4,4.625,2054-05-15,0.0,
2024-11-25,912810SR0,1.125,2040-05-15,55000000.0,62.938
2024-11-25,912810SQ2,1.125,2040-08-15,0.0,
2024-11-25,912810ST6,1.375,2040-11-15,50000000.0,64.664
2024-11-25,912810SW9,1.875,2041-02-15,75000000.0,69.922
2024-11-25,912810QN1,4.75,2041-02-15,0.0,
2024-11-25,912810SY5,2.25,2041-05-15,1720000000.0,73.936
2024-11-25,912810TA6,1.75,2041-08-15,100000000.0,67.611
2024-11-25,912810TC2,2.0,2041-11-15,0.0,
2024-11-25,912810TF5,2.375,2042-02-15,0.0,
2024-11-25,912810TH1,3.25,2042-05-15,0.0,
2024-11-25,912810QX9,2.75,2042-08-15,0.0,
2024-11-25,912810TK4,3.375,2042-08-15,0.0,
2024-11-25,912810QY7,2.75,2042-11-15,0.0,
2024-11-25,912810TM0,4.0,2042-11-15,0.0,
2024-11-25,912810QZ4,3.125,2043-02-15,0.0,
2024-11-25,912810TQ1,3.875,2043-02-15,0.0,
2024-11-25,912810RB6,2.875,2043-05-15,0.0,
2024-11-25,912810TS7,3.875,2043-05-15,0.0,
2024-11-25,912810RC4,3.625,2043-08-15,0.0,
2024-11-25,912810TU2,4.375,2043-08-15,0.0,
2024-11-25,912810RD2,3.75,2043-11-15,0.0,
2024-11-25,912810TW8,4.75,2043-11-15,0.0,
2024-11-25,912810RE0,3.625,2044-02-15,0.0,
2024-11-25,912810TZ1,4.5,2044-02-15,0.0,
2024-11-25,912810RG5,3.375,2044-05-15,0.0,
2024-11-25,912810UB2,4.625,2044-05-15,0.0,
2024-11-25,912810RH3,3.125,2044-08-15,0.0,
2024-11-25,912810RJ9,3.0,2044-11-15,0.0,
2024-12-04,91282CAB7,0.25,2025-07-31,1988000000.0,97.379
2024-12-04,912828Y79,2.875,2025-07-31,400000000.0,99.059
2024-12-04,91282CHN4,4.75,2025-07-31,200000000.0,100.248
2024-12-04,912828K74,2.0,2025-08-15,902000000.0,98.414
2024-12-04,91282CFE6,3.125,2025-08-15,68000000.0,99.18
2024-12-04,91282CAJ0,0.25,2025-08-31,737000000.0,97.043
2024-12-04,9128284Z0,2.75,2025-08-31,250000000.0,98.839
2024-12-04,91282CHV6,5.0,2025-08-31,1458000000.0,100.441
2024-12-04,91282CFP1,4.25,2025-10-15,0.0,
2024-12-04,91282CAT8,0.25,2025-10-31,0.0,
2024-12-04,9128285J5,3.0,2025-10-31,0.0,
2024-12-04,91282CJE2,5.0,2025-10-31,175000000.0,100.61
2024-12-04,912828M56,2.25,2025-11-15,15000000.0,98.109
2024-12-04,91282CFW6,4.5,2025-11-15,10000000.0,100.164
2024-12-04,91282CAZ4,0.375,2025-11-30,172000000.0,96.258
2024-12-04,9128285N6,2.875,2025-11-30,9000000.0,98.648
2024-12-04,91282CJL6,4.875,2025-11-30,10000000.0,100.555
2024-12-04,91282CGE5,3.875,2026-01-15,0.0,
2024-12-04,91282CBH3,0.375,2026-01-31,0.0,
2024-12-04,9128286A3,2.625,2026-01-31,0.0,
2024-12-04,91282CJV4,4.25,2026-01-31,0.0,
2024-12-04,912828P46,1.625,2026-02-15,0.0,
2024-12-04,91282CGL9,4.0,2026-02-15,0.0,
2024-12-04,91282CBQ3,0.5,2026-02-28,206000000.0,95.537
2024-12-04,9128286F2,2.5,2026-02-28,0.0,
2024-12-04,91282CKB6,4.625,2026-02-28,330000000.0,100.445
2024-12-04,91282CGR6,4.625,2026-03-15,0.0,
2024-12-04,91282CBT7,0.75,2026-03-31,100000000.0,95.584
2024-12-04,9128286L9,2.25,2026-03-31,0.0,
2024-12-04,91282CKH3,4.5,2026-03-31,0.0,
2024-12-04,912828R36,1.625,2026-05-15,116000000.0,96.419
2024-12-04,91282CHB0,3.625,2026-05-15,0.0,
2024-12-04,91282CCF6,0.75,2026-05-31,0.0,
2024-12-04,9128286X3,2.125,2026-05-31,0.0,
2024-12-04,91282CKS9,4.875,2026-05-31,0.0,
2024-12-04,91282CHM6,4.5,2026-07-15,0.0,
2024-12-04,91282CCP4,0.625,2026-07-31,0.0,
2024-12-04,912828Y95,1.875,2026-07-31,0.0,
2024-12-04,9128282A7,1.5,2026-08-15,0.0,
2024-12-04,91282CHU8,4.375,2026-08-15,0.0,
2024-12-04,91282CCW9,0.75,2026-08-31,0.0,
2024-12-04,912828YD6,1.375,2026-08-31,0.0,
2024-12-04,91282CJC6,4.625,2026-10-15,0.0,
2024-12-04,91282CDG3,1.125,2026-10-31,54000000.0,94.523
2024-12-04,912828YQ7,1.625,2026-10-31,0.0,
2024-12-04,912828U24,2.0,2026-11-15,0.0,
2024-12-04,91282CJK8,4.625,2026-11-15,0.0,
2024-12-04,91282CDK4,1.25,2026-11-30,300000000.0,94.555
2024-12-04,912828YU8,1.625,2026-11-30,0.0,
2024-12-05,912828YX2,1.75,2026-12-31,0.0,
2024-12-05,91282CJT9,4.0,2027-01-15,0.0,
2024-12-05,912828Z78,1.5,2027-01-31,0.0,
2024-12-05,912828V98,2.25,2027-02-15,0.0,
2024-12-05,91282CKA8,4.125,2027-02-15,70000000.0,99.922
2024-12-05,912828ZB9,1.125,2027-02-28,0.0,
2024-12-05,91282CEC1,1.875,2027-02-28,158000000.0,95.188
2024-12-05,91282CKE0,4.25,2027-03-15,517000000.0,100.227
2024-12-05,912828ZE3,0.625,2027-03-31,0.0,
2024-12-05,91282CEF4,2.5,2027-03-31,0.0,
2024-12-05,91282CKJ9,4.5,2027-04-15,0.0,
2024-12-05,912828ZN3,0.5,2027-04-30,212000000.0,91.761
2024-12-05,91282CEN7,2.75,2027-04-30,340000000.0,96.872
2024-12-05,912828X88,2.375,2027-05-15,200000000.0,95.951
2024-12-05,91282CKR1,4.5,2027-05-15,243000000.0,100.813
2024-12-05,912828ZS2,0.5,2027-05-31,5000000.0,91.492
2024-12-05,91282CET4,2.625,2027-05-31,0.0,
2024-12-05,912828ZV5,0.5,2027-06-30,0.0,
2024-12-05,91282CEW7,3.25,2027-06-30,0.0,
2024-12-05,91282CAD3,0.375,2027-07-31,262000000.0,90.656
2024-12-05,91282CFB2,2.75,2027-07-31,0.0,
2024-12-05,9128282R0,2.25,2027-08-15,11000000.0,95.273
2024-12-05,91282CAH4,0.5,2027-08-31,89000000.0,90.719
2024-12-05,91282CFH9,3.125,2027-08-31,100000000.0,97.426
2024-12-05,91282CAL5,0.375,2027-09-30,0.0,
2024-12-05,91282CFM8,4.125,2027-09-30,0.0,
2024-12-05,91282CAU5,0.5,2027-10-31,60000000.0,90.203
2024-12-05,91282CFU0,4.125,2027-10-31,0.0,
2024-12-05,9128283F5,2.25,2027-11-15,0.0,
2024-12-05,91282CAY7,0.625,2027-11-30,0.0,
2024-12-05,91282CFZ9,3.875,2027-11-30,0.0,
2024-12-09,91282CDY4,1.875,2032-02-15,120000000.0,86.076
2024-12-09,91282CEP2,2.875,2032-05-15,0.0,
2024-12-09,91282CFF3,2.75,2032-08-15,25000000.0,90.895
2024-12-09,91282CFV8,4.125,2032-11-15,0.0,
2024-12-09,91282CGM7,3.5,2033-02-15,0.0,
2024-12-09,91282CHC8,3.375,2033-05-15,50000000.0,94.457
2024-12-09,91282CHT1,3.875,2033-08-15,0.0,
2024-12-09,91282CJJ1,4.5,2033-11-15,0.0,
2024-12-09,91282CJZ5,4.0,2034-02-15,0.0,
2024-12-09,91282CKQ3,4.375,2034-05-15,0.0,
2024-12-10,91282CAB7,0.25,2025-07-31,703000000.0,97.457
2024-12-10,912828Y79,2.875,2025-07-31,0.0,
2024-12-10,91282CHN4,4.75,2025-07-31,300000000.0,100.259
2024-12-10,912828K74,2.0,2025-08-15,550000000.0,98.472
2024-12-10,91282CFE6,3.125,2025-08-15,276000000.0,99.208
2024-12-10,91282CAJ0,0.25,2025-08-31,0.0,
2024-12-10,9128284Z0,2.75,2025-08-31,0.0,
2024-12-10,91282CHV6,5.0,2025-08-31,0.0,
2024-12-10,91282CFP1,4.25,2025-10-15,0.0,
2024-12-10,91282CAT8,0.25,2025-10-31,0.0,
2024-12-10,9128285J5,3.0,2025-10-31,0.0,
2024-12-10,91282CJE2,5.0,2025-10-31,620000000.0,100.624
2024-12-10,912828M56,2.25,2025-11-15,50000000.0,98.156
2024-12-10,91282CFW6,4.5,2025-11-15,0.0,
2024-12-10,91282CAZ4,0.375,2025-11-30,1357000000.0,96.328
2024-12-10,9128285N6,2.875,2025-11-30,50000000.0,98.684
2024-12-10,91282CJL6,4.875,2025-11-30,0.0,
2024-12-10,91282CGE5,3.875,2026-01-15,0.0,
2024-12-10,91282CBH3,0.375,2026-01-31,34000000.0,95.723
2024-12-10,9128286A3,2.625,2026-01-31,1000000000.0,98.202
2024-12-10,91282CJV4,4.25,2026-01-31,0.0,
2024-12-10,912828P46,1.625,2026-02-15,1200000000.0,97.01
2024-12-10,91282CGL9,4.0,2026-02-15,0.0,
2024-12-10,91282CBQ3,0.5,2026-02-28,250000000.0,95.594
2024-12-10,9128286F2,2.5,2026-02-28,148000000.0,97.961
2024-12-10,91282CKB6,4.625,2026-02-28,0.0,
2024-12-10,91282CGR6,4.625,2026-03-15,3000000.0,100.469
2024-12-10,91282CBT7,0.75,2026-03-31,0.0,
2024-12-10,9128286L9,2.25,2026-03-31,0.0,
2024-12-10,91282CKH3,4.5,2026-03-31,0.0,
2024-12-10,912828R36,1.625,2026-05-15,0.0,
2024-12-10,91282CHB0,3.625,2026-05-15,0.0,
2024-12-10,91282CCF6,0.75,2026-05-31,1000000.0,95.113
2024-12-10,9128286X3,2.125,2026-05-31,78000000.0,97.055
2024-12-10,91282CKS9,4.875,2026-05-31,0.0,
2024-12-10,91282CHM6,4.5,2026-07-15,0.0,
2024-12-10,91282CCP4,0.625,2026-07-31,25000000.0,94.402
2024-12-10,912828Y95,1.875,2026-07-31,0.0,
2024-12-10,9128282A7,1.5,2026-08-15,0.0,
2024-12-10,91282CHU8,4.375,2026-08-15,0.0,
2024-12-10,91282CCW9,0.75,2026-08-31,395000000.0,94.356
2024-12-10,912828YD6,1.375,2026-08-31,0.0,
2024-12-10,91282CJC6,4.625,2026-10-15,0.0,
2024-12-10,91282CDG3,1.125,2026-10-31,0.0,
2024-12-10,912828YQ7,1.625,2026-10-31,0.0,
2024-12-10,912828U24,2.0,2026-11-15,0.0,
2024-12-10,91282CJK8,4.625,2026-11-15,0.0,
2024-12-10,91282CDK4,1.25,2026-11-30,460000000.0,94.543
2024-12-10,912828YU8,1.625,2026-11-30,0.0,
2024-12-17,91282CEZ0,0.625,2032-07-15,75000000.0,90.56
2024-12-17,91282CGK1,1.125,2033-01-15,135000000.0,93.183
2024-12-17,91282CHP9,1.375,2033-07-15,0.0,
2024-12-17,91282CJY8,1.75,2034-01-15,0.0,
2024-12-17,912810QF8,2.125,2040-02-15,45000000.0,98.789
2024-12-17,912810QP6,2.125,2041-02-15,0.0,
2024-12-17,912810QV3,0.75,2042-02-15,90000000.0,78.593
2024-12-17,912810RA8,0.625,2043-02-15,0.0,
2024-12-17,912810RF7,1.375,2044-02-15,10000000.0,85.531
2024-12-17,912810RL4,0.75,2045-02-15,0.0,
2024-12-17,912810RR1,1.0,2046-02-15,0.0,
2024-12-17,912810RW0,0.875,2047-02-15,20000000.0,74.742
2024-12-17,912810SB5,1.0,2048-02-15,10000000.0,76.117
2024-12-17,912810SG4,1.0,2049-02-15,47000000.0,75.44
2024-12-17,912810SM1,0.25,2050-02-15,8000000.0,60.75
2024-12-17,912810SV1,0.125,2051-02-15,15000000.0,57.493
2024-12-17,912810TE8,0.125,2052-02-15,0.0,
2024-12-17,912810TP3,1.5,2053-02-15,45000000.0,83.171
2024-12-19,91282CHN4,4.75,2025-07-31,39000000.0,100.277
2024-12-19,912828K74,2.0,2025-08-15,200000000.0,98.531
2024-12-19,91282CFE6,3.125,2025-08-15,0.0,
2024-12-19,91282CAJ0,0.25,2025-08-31,0.0,
2024-12-19,9128284Z0,2.75,2025-08-31,0.0,
2024-12-19,91282CHV6,5.0,2025-08-31,0.0,
2024-12-19,91282CFP1,4.25,2025-10-15,0.0,
2024-12-19,91282CAT8,0.25,2025-10-31,401000000.0,96.615
2024-12-19,9128285J5,3.0,2025-10-31,325000000.0,98.927
2024-12-19,91282CJE2,5.0,2025-10-31,0.0,
2024-12-19,912828M56,2.25,2025-11-15,9000000.0,98.189
2024-12-19,91282CFW6,4.5,2025-11-15,50000000.0,100.168
2024-12-19,91282CAZ4,0.375,2025-11-30,4000000.0,96.402
2024-12-19,9128285N6,2.875,2025-11-30,0.0,
2024-12-19,91282CJL6,4.875,2025-11-30,0.0,
2024-12-19,91282CGE5,3.875,2026-01-15,0.0,
2024-12-19,91282CBH3,0.375,2026-01-31,0.0,
2024-12-19,9128286A3,2.625,2026-01-31,0.0,
2024-12-19,91282CJV4,4.25,2026-01-31,0.0,
2024-12-19,912828P46,1.625,2026-02-15,0.0,
2024-12-19,91282CGL9,4.0,2026-02-15,0.0,
2024-12-19,91282CBQ3,0.5,2026-02-28,1340000000.0,95.614
2024-12-19,9128286F2,2.5,2026-02-28,0.0,
2024-12-19,91282CKB6,4.625,2026-02-28,0.0,
2024-12-19,91282CGR6,4.625,2026-03-15,0.0,
2024-12-19,91282CBT7,0.75,2026-03-31,235000000.0,95.612
2024-12-19,9128286L9,2.25,2026-03-31,50000000.0,97.473
2024-12-19,91282CKH3,4.5,2026-03-31,0.0,
2024-12-19,912828R36,1.625,2026-05-15,254000000.0,96.388
2024-12-19,91282CHB0,3.625,2026-05-15,0.0,
2024-12-19,91282CCF6,0.75,2026-05-31,0.0,
2024-12-19,9128286X3,2.125,2026-05-31,0.0,
2024-12-19,91282CKS9,4.875,2026-05-31,0.0,
2024-12-19,91282CHM6,4.5,2026-07-15,0.0,
2024-12-19,91282CCP4,0.625,2026-07-31,0.0,
2024-12-19,912828Y95,1.875,2026-07-31,0.0,
2024-12-19,9128282A7,1.5,2026-08-15,23000000.0,95.551
2024-12-19,91282CHU8,4.375,2026-08-15,0.0,
2024-12-19,91282CCW9,0.75,2026-08-31,739000000.0,94.232
2024-12-19,912828YD6,1.375,2026-08-31,0.0,
2024-12-19,91282CJC6,4.625,2026-10-15,0.0,
2024-12-19,91282CDG3,1.125,2026-10-31,0.0,
2024-12-19,912828YQ7,1.625,2026-10-31,0.0,
2024-12-19,912828U24,2.0,2026-11-15,0.0,
2024-12-19,91282CJK8,4.625,2026-11-15,0.0,
2024-12-19,91282CDK4,1.25,2026-11-30,0.0,
2024-12-19,912828YU8,1.625,2026-11-30,60000000.0,95.039
2025-01-07,912810RK6,2.5,2045-02-15,0.0,
2025-01-07,912810RM2,3.0,2045-05-15,0.0,
2025-01-07,912810RN0,2.875,2045-08-15,1000000000.0,72.648
2025-01-07,912810RQ3,2.5,2046-02-15,900000000.0,67.297
2025-01-07,912810RS9,2.5,2046-05-15,0.0,
2025-01-07,912810RT7,2.25,2046-08-15,0.0,
2025-01-07,912810RU4,2.875,2046-11-15,0.0,
2025-01-07,912810RV2,3.0,2047-02-15,0.0,
2025-01-07,912810RX8,3.0,2047-05-15,0.0,
2025-01-07,912810RY6,2.75,2047-08-15,0.0,
2025-01-07,912810RZ3,2.75,2047-11-15,0.0,
2025-01-07,912810SA7,3.0,2048-02-15,0.0,
2025-01-07,912810SC3,3.125,2048-05-15,0.0,
2025-01-07,912810SD1,3.0,2048-08-15,0.0,
2025-01-07,912810SE9,3.375,2048-11-15,0.0,
2025-01-07,912810SF6,3.0,2049-02-15,0.0,
2025-01-07,912810SH2,2.875,2049-05-15,0.0,
2025-01-07,912810SJ8,2.25,2049-08-15,0.0,
2025-01-07,912810SK5,2.375,2049-11-15,75000000.0,62.418
2025-01-07,912810SL3,2.0,2050-02-15,0.0,
2025-01-07,912810SN9,1.25,2050-05-15,0.0,
2025-01-07,912810SP4,1.375,2050-08-15,0.0,
2025-01-07,912810SS8,1.625,2050-11-15,25000000.0,51.055
2025-01-07,912810SU3,1.875,2051-02-15,0.0,
2025-01-07,912810SX7,2.375,2051-05-15,0.0,
2025-01-07,912810SZ2,2.0,2051-08-15,0.0,
2025-01-07,912810TB4,1.875,2051-11-15,0.0,
2025-01-07,912810TD0,2.25,2052-02-15,0.0,
2025-01-07,912810TG3,2.875,2052-05-15,0.0,
2025-01-07,912810TJ7,3.0,2052-08-15,0.0,
2025-01-07,912810TN8,3.625,2053-02-15,0.0,
2025-01-07,912810TR9,3.625,2053-05-15,0.0,
2025-01-07,912810TT5,4.125,2053-08-15,0.0,
2025-01-07,912810TV0,4.75,2053-11-15,0.0,
2025-01-07,912810TX6,4.25,2054-02-15,0.0,
2025-01-07,912810UA4,4.625,2054-05-15,0.0,
2025-01-09,912828N71,0.625,2026-01-15,0.0,
2025-01-09,912810FS2,2.0,2026-01-15,10000000.0,100.172
2025-01-09,91282CCA7,0.125,2026-04-15,0.0,
2025-01-09,912828S50,0.125,2026-07-15,0.0,
2025-01-09,91282CDC2,0.125,2026-10-15,0.0,
2025-01-09,912828V49,0.375,2027-01-15,0.0,
2025-01-09,912810PS1,2.375,2027-01-15,0.0,
2025-01-09,91282CEJ6,0.125,2027-04-15,0.0,
2025-01-09,9128282L3,0.375,2027-07-15,0.0,
2025-01-09,91282CFR7,1.625,2027-10-15,0.0,
2025-01-09,9128283R9,0.5,2028-01-15,0.0,
2025-01-09,912810PV4,1.75,2028-01-15,50000000.0,99.488
2025-01-09,91282CGW5,1.25,2028-04-15,0.0,
2025-01-09,912810FD5,3.625,2028-04-15,5000000.0,105.125
2025-01-09,912828Y38,0.75,2028-07-15,0.0,
2025-01-09,91282CJH5,2.375,2028-10-15,0.0,
2025-01-09,9128285W6,0.875,2029-01-15,0.0,
2025-01-09,912810PZ5,2.5,2029-01-15,0.0,
2025-01-09,91282CKL4,2.125,2029-04-15,0.0,
2025-01-09,912810FH6,3.875,2029-04-15,0.0,
2025-01-09,9128287D6,0.25,2029-07-15,50000000.0,92.762
2025-01-09,912828Z37,0.125,2030-01-15,10000000.0,90.922
2025-01-09,912828ZZ6,0.125,2030-07-15,75000000.0,90.24
2025-01-09,91282CBF7,0.125,2031-01-15,100000000.0,88.859
2025-01-09,91282CCM1,0.125,2031-07-15,200000000.0,88.095
2025-01-09,91282CDX6,0.125,2032-01-15,0.0,
2025-01-15,91282CGJ4,3.5,2030-01-31,70000000.0,95.688
2025-01-15,912828Z94,1.5,2030-02-15,227000000.0,86.663
2025-01-15,91282CGQ8,4.0,2030-02-28,70000000.0,97.891
2025-01-15,91282CGS4,3.625,2030-03-31,0.0,
2025-01-15,91282CGZ8,3.5,2030-04-30,100000000.0,95.453
2025-01-15,912828ZQ6,0.625,2030-05-15,0.0,
2025-01-15,91282CHF1,3.75,2030-05-31,43000000.0,96.555
2025-01-15,91282CHJ3,3.75,2030-06-30,450000000.0,96.5
2025-01-15,91282CHR5,4.0,2030-07-31,220000000.0,97.649
2025-01-15,91282CAE1,0.625,2030-08-15,0.0,
2025-01-15,91282CHW4,4.125,2030-08-31,0.0,
2025-01-15,91282CHZ7,4.625,2030-09-30,150000000.0,100.643
2025-01-15,91282CJG7,4.875,2030-10-31,450000000.0,101.905
2025-01-15,91282CAV3,0.875,2030-11-15,0.0,
2025-01-15,91282CJM4,4.375,2030-11-30,47000000.0,99.328
2025-01-15,91282CJQ5,3.75,2030-12-31,0.0,
2025-01-15,91282CJX0,4.0,2031-01-31,60000000.0,97.289
2025-01-15,91282CBL4,1.125,2031-02-15,0.0,
2025-01-15,91282CKC4,4.25,2031-02-28,0.0,
2025-01-15,91282CKF7,4.125,2031-03-31,0.0,
2025-01-15,91282CKN0,4.625,2031-04-30,0.0,
2025-01-15,91282CCB5,1.625,2031-05-15,53000000.0,84.164
2025-01-15,91282CKU4,4.625,2031-05-31,0.0,
2025-01-15,91282CKW0,4.25,2031-06-30,0.0,
2025-01-15,91282CCS8,1.25,2031-08-15,250000000.0,81.419
2025-01-22,91282CBJ9,0.75,2028-01-31,309000000.0,89.907
2025-01-22,91282CGH8,3.5,2028-01-31,0.0,
2025-01-22,9128283W8,2.75,2028-02-15,55000000.0,95.43
2025-01-22,91282CBP5,1.125,2028-02-29,0.0,
2025-01-22,91282CGP0,4.0,2028-02-29,0.0,
2025-01-22,91282CBS9,1.25,2028-03-31,0.0,
2025-01-22,91282CGT2,3.625,2028-03-31,0.0,
2025-01-22,91282CBZ3,1.25,2028-04-30,0.0,
2025-01-22,91282CHA2,3.5,2028-04-30,0.0,
2025-01-22,9128284N7,2.875,2028-05-15,885000000.0,95.431
2025-01-22,91282CCE9,1.25,2028-05-31,50000000.0,90.34
2025-01-22,91282CHE4,3.625,2028-05-31,0.0,
2025-01-22,91282CCH2,1.25,2028-06-30,80000000.0,90.112
2025-01-22,91282CHK0,4.0,2028-06-30,0.0,
2025-01-22,91282CCR0,1.0,2028-07-31,0.0,
2025-01-22,91282CHQ7,4.125,2028-07-31,0.0,
2025-01-22,9128284V9,2.875,2028-08-15,200000000.0,95.055
2025-01-22,91282CCV1,1.125,2028-08-31,367000000.0,89.189
2025-01-22,91282CHX2,4.375,2028-08-31,0.0,
2025-01-22,91282CCY5,1.25,2028-09-30,0.0,
2025-01-22,91282CJA0,4.625,2028-09-30,0.0,
2025-01-22,91282CDF5,1.375,2028-10-31,0.0,
2025-01-22,91282CJF9,4.875,2028-10-31,0.0,
2025-01-22,9128285M8,3.125,2028-11-15,0.0,
2025-01-22,91282CDL2,1.5,2028-11-30,0.0,
2025-01-22,91282CJN2,4.375,2028-11-30,0.0,
2025-01-22,91282CDP3,1.375,2028-12-31,0.0,
2025-01-22,91282CJR3,3.75,2028-12-31,0.0,
2025-01-22,91282CDW8,1.75,2029-01-31,0.0,
2025-01-22,91282CJW2,4.0,2029-01-31,0.0,
2025-01-22,9128286B1,2.625,2029-02-15,300000000.0,93.391
2025-01-22,91282CEB3,1.875,2029-02-28,157000000.0,90.547
2025-01-22,91282CKD2,4.25,2029-02-28,0.0,
2025-01-22,91282CEE7,2.375,2029-03-31,0.0,
2025-01-22,91282CKG5,4.125,2029-03-31,0.0,
2025-01-22,91282CEM9,2.875,2029-04-30,200000000.0,94.016
2025-01-22,91282CKP5,4.625,2029-04-30,0.0,
2025-01-22,9128286T2,2.375,2029-05-15,0.0,
2025-01-22,91282CES6,2.75,2029-05-31,400000000.0,93.422
2025-01-22,91282CEV9,3.25,2029-06-30,0.0,
2025-01-22,91282CKX8,4.25,2029-06-30,40000000.0,99.281
2025-01-22,91282CFC0,2.625,2029-07-31,320000000.0,92.671
2025-01-22,912828YB0,1.625,2029-08-15,0.0,
2025-01-22,91282CFJ5,3.125,2029-08-31,100000000.0,94.594
2025-01-22,91282CFL0,3.875,2029-09-30,0.0,
2025-01-22,91282CFT3,4.0,2029-10-31,75000000.0,98.121
2025-01-22,912828YS3,1.75,2029-11-15,0.0,
2025-01-22,91282CFY2,3.875,2029-11-30,312000000.0,97.542
2025-01-22,91282CGB1,3.875,2029-12-31,150000000.0,97.492
2025-01-28,91282CGK1,1.125,2033-01-15,34000000.0,93.188
2025-01-28,91282CHP9,1.375,2033-07-15,0.0,
2025-01-28,91282CJY8,1.75,2034-01-15,0.0,
2025-01-28,912810QF8,2.125,2040-02-15,10000000.0,98.25
2025-01-28,912810QP6,2.125,2041-02-15,0.0,
2025-01-28,912810QV3,0.75,2042-02-15,258000000.0,78.24
2025-01-28,912810RA8,0.625,2043-02-15,45000000.0,74.793
2025-01-28,912810RF7,1.375,2044-02-15,35000000.0,84.946
2025-01-28,912810RL4,0.75,2045-02-15,0.0,
2025-01-28,912810RR1,1.0,2046-02-15,0.0,
2025-01-28,912810RW0,0.875,2047-02-15,60000000.0,73.814
2025-01-28,912810SB5,1.0,2048-02-15,3000000.0,75.063
2025-01-28,912810SG4,1.0,2049-02-15,25000000.0,74.213
2025-01-28,912810SM1,0.25,2050-02-15,0.0,
2025-01-28,912810SV1,0.125,2051-02-15,5000000.0,56.188
2025-01-28,912810TE8,0.125,2052-02-15,0.0,
2025-01-28,912810TP3,1.5,2053-02-15,25000000.0,81.164
2025-02-06,912810SR0,1.125,2040-05-15,0.0,
2025-02-06,912810SQ2,1.125,2040-08-15,0.0,
2025-02-06,912810ST6,1.375,2040-11-15,1000000.0,63.75
2025-02-06,912810SW9,1.875,2041-02-15,0.0,
2025-02-06,912810QN1,4.75,2041-02-15,0.0,
2025-02-06,912810SY5,2.25,2041-05-15,1819000000.0,72.949
2025-02-06,912810TA6,1.75,2041-08-15,105000000.0,66.721
2025-02-06,912810TC2,2.0,2041-11-15,0.0,
2025-02-06,912810TF5,2.375,2042-02-15,75000000.0,73.188
2025-02-06,912810TH1,3.25,2042-05-15,0.0,
2025-02-06,912810QX9,2.75,2042-08-15,0.0,
2025-02-06,912810TK4,3.375,2042-08-15,0.0,
2025-02-06,912810QY7,2.75,2042-11-15,0.0,
2025-02-06,912810TM0,4.0,2042-11-15,0.0,
2025-02-06,912810QZ4,3.125,2043-02-15,0.0,
2025-02-06,912810TQ1,3.875,2043-02-15,0.0,
2025-02-06,912810RB6,2.875,2043-05-15,0.0,
2025-02-06,912810TS7,3.875,2043-05-15,0.0,
2025-02-06,912810RC4,3.625,2043-08-15,0.0,
2025-02-06,912810TU2,4.375,2043-08-15,0.0,
2025-02-06,912810RD2,3.75,2043-11-15,0.0,
2025-02-06,912810TW8,4.75,2043-11-15,0.0,
2025-02-06,912810RE0,3.625,2044-02-15,0.0,
2025-02-06,912810TZ1,4.5,2044-02-15,0.0,
2025-02-06,912810RG5,3.375,2044-05-15,0.0,
2025-02-06,912810UB2,4.625,2044-05-15,0.0,
2025-02-06,912810RH3,3.125,2044-08-15,0.0,
2025-02-06,912810RJ9,3.0,2044-11-15,0.0,
2025-02-12,91282CHN4,4.75,2025-07-31,0.0,
2025-02-12,91282CAJ0,0.25,2025-08-31,0.0,
2025-02-12,9128284Z0,2.75,2025-08-31,0.0,
2025-02-12,91282CHV6,5.0,2025-08-31,0.0,
2025-02-12,91282CFK2,3.5,2025-09-15,0.0,
2025-02-12,91282CAM3,0.25,2025-09-30,100000000.0,97.48
2025-02-12,9128285C0,3.0,2025-09-30,0.0,
2025-02-12,91282CJB8,5.0,2025-09-30,575000000.0,100.384
2025-02-12,91282CFP1,4.25,2025-10-15,0.0,
2025-02-12,91282CAT8,0.25,2025-10-31,435000000.0,97.16
2025-02-12,9128285J5,3.0,2025-10-31,209000000.0,99.063
2025-02-12,91282CJE2,5.0,2025-10-31,831000000.0,100.442
2025-02-12,912828M56,2.25,2025-11-15,0.0,
2025-02-12,91282CFW6,4.5,2025-11-15,0.0,
2025-02-12,91282CAZ4,0.375,2025-11-30,658000000.0,96.918
2025-02-12,9128285N6,2.875,2025-11-30,806000000.0,98.845
2025-02-12,91282CJL6,4.875,2025-11-30,0.0,
2025-02-12,91282CGA3,4.0,2025-12-15,0.0,
2025-02-12,91282CBC4,0.375,2025-12-31,0.0,
2025-02-12,9128285T3,2.625,2025-12-31,0.0,
2025-02-12,91282CJS1,4.25,2025-12-31,0.0,
2025-02-12,91282CGE5,3.875,2026-01-15,0.0,
2025-02-12,91282CBH3,0.375,2026-01-31,0.0,
2025-02-12,9128286A3,2.625,2026-01-31,0.0,
2025-02-12,91282CJV4,4.25,2026-01-31,0.0,
2025-02-12,91282CBQ3,0.5,2026-02-28,0.0,
2025-02-12,9128286F2,2.5,2026-02-28,0.0,
2025-02-12,91282CKB6,4.625,2026-02-28,0.0,
2025-02-12,91282CGR6,4.625,2026-03-15,0.0,
2025-02-12,91282CBT7,0.75,2026-03-31,0.0,
2025-02-12,9128286L9,2.25,2026-03-31,0.0,
2025-02-12,91282CKH3,4.5,2026-03-31,0.0,
2025-02-12,91282CGV7,3.75,2026-04-15,0.0,
2025-02-12,91282CBW0,0.75,2026-04-30,0.0,
2025-02-12,9128286S4,2.375,2026-04-30,0.0,
2025-02-12,91282CKK6,4.875,2026-04-30,0.0,
2025-02-12,912828R36,1.625,2026-05-15,56000000.0,96.707
2025-02-12,91282CHB0,3.625,2026-05-15,20000000.0,99.109
2025-02-12,91282CCF6,0.75,2026-05-31,0.0,
2025-02-12,9128286X3,2.125,2026-05-31,0.0,
2025-02-12,91282CKS9,4.875,2026-05-31,0.0,
2025-02-12,91282CHH7,4.125,2026-06-15,0.0,
2025-02-12,91282CCJ8,0.875,2026-06-30,0.0,
2025-02-12,9128287B0,1.875,2026-06-30,0.0,
2025-02-12,91282CKY6,4.625,2026-06-30,0.0,
2025-02-12,91282CHM6,4.5,2026-07-15,0.0,
2025-02-12,91282CCP4,0.625,2026-07-31,0.0,
2025-02-12,912828Y95,1.875,2026-07-31,0.0,
2025-02-12,91282CLB5,4.375,2026-07-31,310000000.0,100.016
2025-02-12,91282CCW9,0.75,2026-08-31,0.0,
2025-02-12,912828YD6,1.375,2026-08-31,0.0,
2025-02-12,91282CHY0,4.625,2026-09-15,0.0,
2025-02-12,91282CCZ2,0.875,2026-09-30,0.0,
2025-02-12,912828YG9,1.625,2026-09-30,0.0,
2025-02-12,91282CJC6,4.625,2026-10-15,0.0,
2025-02-12,91282CDG3,1.125,2026-10-31,0.0,
2025-02-12,912828YQ7,1.625,2026-10-31,0.0,
2025-02-12,912828U24,2.0,2026-11-15,0.0,
2025-02-12,91282CJK8,4.625,2026-11-15,0.0,
2025-02-12,91282CDK4,1.25,2026-11-30,0.0,
2025-02-12,912828YU8,1.625,2026-11-30,0.0,
2025-02-12,912828YX2,1.75,2026-12-31,0.0,
2025-02-12,91282CJT9,4.0,2027-01-15,0.0,
2025-02-12,912828Z78,1.5,2027-01-31,0.0,
2025-02-20,91282CCA7,0.125,2026-04-15,0.0,
2025-02-20,912828S50,0.125,2026-07-15,0.0,
2025-02-20,91282CDC2,0.125,2026-10-15,50000000.0,98.508
2025-02-20,912828V49,0.375,2027-01-15,87000000.0,98.223
2025-02-20,912810PS1,2.375,2027-01-15,0.0,
2025-02-20,91282CEJ6,0.125,2027-04-15,0.0,
2025-02-20,9128282L3,0.375,2027-07-15,0.0,
2025-02-20,91282CFR7,1.625,2027-10-15,0.0,
2025-02-20,9128283R9,0.5,2028-01-15,1000000.0,97.07
2025-02-20,912810PV4,1.75,2028-01-15,2000000.0,100.633
2025-02-20,91282CGW5,1.25,2028-04-15,0.0,
2025-02-20,912810FD5,3.625,2028-04-15,50000000.0,106.253
2025-02-20,912828Y38,0.75,2028-07-15,70000000.0,97.599
2025-02-20,91282CJH5,2.375,2028-10-15,0.0,
2025-02-20,9128285W6,0.875,2029-01-15,0.0,
2025-02-20,912810PZ5,2.5,2029-01-15,0.0,
2025-02-20,91282CKL4,2.125,2029-04-15,0.0,
2025-02-20,912810FH6,3.875,2029-04-15,0.0,
2025-02-20,9128287D6,0.25,2029-07-15,0.0,
2025-02-20,912828Z37,0.125,2030-01-15,25000000.0,92.539
2025-02-20,912828ZZ6,0.125,2030-07-15,0.0,
2025-02-20,91282CBF7,0.125,2031-01-15,215000000.0,90.613
2025-02-20,91282CCM1,0.125,2031-07-15,0.0,
2025-02-20,91282CDX6,0.125,2032-01-15,0.0,
2025-02-20,91282CEZ0,0.625,2032-07-15,0.0,
2025-02-26,912810RM2,3.0,2045-05-15,1000000.0,78.875
2025-02-26,912810RN0,2.875,2045-08-15,0.0,
2025-02-26,912810RQ3,2.5,2046-02-15,1000000.0,71.59
2025-02-26,912810RS9,2.5,2046-05-15,937000000.0,71.371
2025-02-26,912810RT7,2.25,2046-08-15,0.0,
2025-02-26,912810RU4,2.875,2046-11-15,1000000000.0,76.051
2025-02-26,912810RV2,3.0,2047-02-15,0.0,
2025-02-26,912810RX8,3.0,2047-05-15,0.0,
2025-02-26,912810RY6,2.75,2047-08-15,1000000.0,73.664
2025-02-26,912810RZ3,2.75,2047-11-15,0.0,
2025-02-26,912810SA7,3.0,2048-02-15,1000000.0,76.809
2025-02-26,912810SC3,3.125,2048-05-15,0.0,
2025-02-26,912810SD1,3.0,2048-08-15,0.0,
2025-02-26,912810SE9,3.375,2048-11-15,0.0,
2025-02-26,912810SF6,3.0,2049-02-15,1000000.0,76.262
2025-02-26,912810SH2,2.875,2049-05-15,0.0,
2025-02-26,912810SJ8,2.25,2049-08-15,1000000.0,65.102
2025-02-26,912810SK5,2.375,2049-11-15,0.0,
2025-02-26,912810SL3,2.0,2050-02-15,0.0,
2025-02-26,912810SN9,1.25,2050-05-15,0.0,
2025-02-26,912810SP4,1.375,2050-08-15,1000000.0,51.512
2025-02-26,912810SS8,1.625,2050-11-15,50000000.0,55.078
2025-02-26,912810SU3,1.875,2051-02-15,2000000.0,58.635
2025-02-26,912810SX7,2.375,2051-05-15,2000000.0,66.088
2025-02-26,912810SZ2,2.0,2051-08-15,0.0,
2025-02-26,912810TB4,1.875,2051-11-15,0.0,
2025-02-26,912810TD0,2.25,2052-02-15,0.0,
2025-02-26,912810TG3,2.875,2052-05-15,1000000.0,73.414
2025-02-26,912810TJ7,3.0,2052-08-15,1000000.0,75.309
2025-02-26,912810TN8,3.625,2053-02-15,0.0,
2025-02-26,912810TR9,3.625,2053-05-15,0.0,
2025-02-26,912810TT5,4.125,2053-08-15,0.0,
2025-02-26,912810TX6,4.25,2054-02-15,0.0,
2025-02-26,912810UA4,4.625,2054-05-15,0.0,
2025-02-26,912810UC0,4.25,2054-08-15,0.0,
2025-03-05,912810SR0,1.125,2040-05-15,0.0,
2025-03-05,912810SQ2,1.125,2040-08-15,0.0,
2025-03-05,912810ST6,1.375,2040-11-15,0.0,
2025-03-05,912810SW9,1.875,2041-02-15,0.0,
2025-03-05,912810SY5,2.25,2041-05-15,0.0,
2025-03-05,912810TA6,1.75,2041-08-15,2000000000.0,67.469
2025-03-05,912810TC2,2.0,2041-11-15,0.0,
2025-03-05,912810TF5,2.375,2042-02-15,0.0,
2025-03-05,912810TH1,3.25,2042-05-15,0.0,
2025-03-05,912810QX9,2.75,2042-08-15,0.0,
2025-03-05,912810TK4,3.375,2042-08-15,0.0,
2025-03-05,912810QY7,2.75,2042-11-15,0.0,
2025-03-05,912810TM0,4.0,2042-11-15,0.0,
2025-03-05,912810QZ4,3.125,2043-02-15,0.0,
2025-03-05,912810TQ1,3.875,2043-02-15,0.0,
2025-03-05,912810RB6,2.875,2043-05-15,0.0,
2025-03-05,912810TS7,3.875,2043-05-15,0.0,
2025-03-05,912810RC4,3.625,2043-08-15,0.0,
2025-03-05,912810TU2,4.375,2043-08-15,0.0,
2025-03-05,912810RD2,3.75,2043-11-15,0.0,
2025-03-05,912810TW8,4.75,2043-11-15,0.0,
2025-03-05,912810RE0,3.625,2044-02-15,0.0,
2025-03-05,912810TZ1,4.5,2044-02-15,0.0,
2025-03-05,912810RG5,3.375,2044-05-15,0.0,
2025-03-05,912810UB2,4.625,2044-05-15,0.0,
2025-03-05,912810RH3,3.125,2044-08-15,0.0,
2025-03-05,912810UD8,4.125,2044-08-15,0.0,
2025-03-05,912810RJ9,3.0,2044-11-15,0.0,
2025-03-05,912810RK6,2.5,2045-02-15,0.0,
2025-03-11,912828ZE3,0.625,2027-03-31,0.0,
2025-03-11,91282CKJ9,4.5,2027-04-15,0.0,
2025-03-11,912828ZN3,0.5,2027-04-30,609000000.0,93.115
2025-03-11,91282CEN7,2.75,2027-04-30,410000000.0,97.681
2025-03-11,912828X88,2.375,2027-05-15,220000000.0,96.855
2025-03-11,91282CKR1,4.5,2027-05-15,0.0,
2025-03-11,912828ZS2,0.5,2027-05-31,0.0,
2025-03-11,91282CET4,2.625,2027-05-31,0.0,
2025-03-11,91282CKV2,4.625,2027-06-15,0.0,
2025-03-11,912828ZV5,0.5,2027-06-30,156000000.0,92.609
2025-03-11,91282CEW7,3.25,2027-06-30,0.0,
2025-03-11,91282CKZ3,4.375,2027-07-15,395000000.0,101.078
2025-03-11,91282CAD3,0.375,2027-07-31,0.0,
2025-03-11,91282CFB2,2.75,2027-07-31,220000000.0,97.41
2025-03-11,9128282R0,2.25,2027-08-15,2000000.0,96.242
2025-03-11,91282CLG4,3.75,2027-08-15,0.0,
2025-03-11,91282CAH4,0.5,2027-08-31,13000000.0,92.086
2025-03-11,91282CFH9,3.125,2027-08-31,80000000.0,98.203
2025-03-11,91282CAL5,0.375,2027-09-30,0.0,
2025-03-11,91282CFM8,4.125,2027-09-30,0.0,
2025-03-11,91282CAU5,0.5,2027-10-31,250000000.0,91.57
2025-03-11,91282CFU0,4.125,2027-10-31,0.0,
2025-03-11,9128283F5,2.25,2027-11-15,383000000.0,95.848
2025-03-11,91282CAY7,0.625,2027-11-30,0.0,
2025-03-11,91282CFZ9,3.875,2027-11-30,764000000.0,99.938
2025-03-11,91282CBB6,0.625,2027-12-31,485000000.0,91.387
2025-03-11,91282CGC9,3.875,2027-12-31,0.0,
2025-03-11,91282CBJ9,0.75,2028-01-31,0.0,
2025-03-11,91282CGH8,3.5,2028-01-31,0.0,
2025-03-11,9128283W8,2.75,2028-02-15,0.0,
2025-03-11,91282CBP5,1.125,2028-02-29,13000000.0,92.262
2025-03-11,91282CGP0,4.0,2028-02-29,0.0,
2025-03-12,91282CJE2,5.0,2025-10-31,468000000.0,100.495
2025-03-12,91282CFW6,4.5,2025-11-15,0.0,
2025-03-12,91282CAZ4,0.375,2025-11-30,1302000000.0,97.332
2025-03-12,9128285N6,2.875,2025-11-30,850000000.0,99.071
2025-03-12,91282CJL6,4.875,2025-11-30,1752000000.0,100.477
2025-03-12,91282CGE5,3.875,2026-01-15,0.0,
2025-03-12,91282CBH3,0.375,2026-01-31,0.0,
2025-03-12,9128286A3,2.625,2026-01-31,0.0,
2025-03-12,91282CJV4,4.25,2026-01-31,0.0,
2025-03-12,912828P46,1.625,2026-02-15,0.0,
2025-03-12,91282CGL9,4.0,2026-02-15,100000000.0,99.879
2025-03-12,91282CBQ3,0.5,2026-02-28,351000000.0,96.603
2025-03-12,9128286F2,2.5,2026-02-28,0.0,
2025-03-12,91282CKB6,4.625,2026-02-28,108000000.0,100.461
2025-03-12,91282CBT7,0.75,2026-03-31,0.0,
2025-03-12,9128286L9,2.25,2026-03-31,0.0,
2025-03-12,91282CKH3,4.5,2026-03-31,500000000.0,100.414
2025-03-12,912828R36,1.625,2026-05-15,610000000.0,97.226
2025-03-12,91282CHB0,3.625,2026-05-15,653000000.0,99.488
2025-03-12,91282CCF6,0.75,2026-05-31,450000000.0,96.098
2025-03-12,9128286X3,2.125,2026-05-31,83000000.0,97.719
2025-03-12,91282CKS9,4.875,2026-05-31,0.0,
2025-03-12,91282CHM6,4.5,2026-07-15,185000000.0,100.59
2025-03-12,91282CCP4,0.625,2026-07-31,263000000.0,95.441
2025-03-12,912828Y95,1.875,2026-07-31,155000000.0,97.111
2025-03-12,91282CLB5,4.375,2026-07-31,0.0,
2025-03-12,9128282A7,1.5,2026-08-15,175000000.0,96.531
2025-03-12,91282CHU8,4.375,2026-08-15,0.0,
2025-03-12,91282CCW9,0.75,2026-08-31,145000000.0,95.375
2025-03-12,912828YD6,1.375,2026-08-31,0.0,
2025-03-12,91282CLH2,3.75,2026-08-31,0.0,
2025-03-12,91282CJC6,4.625,2026-10-15,0.0,
2025-03-12,91282CDG3,1.125,2026-10-31,0.0,
2025-03-12,912828YQ7,1.625,2026-10-31,0.0,
2025-03-12,912828U24,2.0,2026-11-15,0.0,
2025-03-12,91282CJK8,4.625,2026-11-15,0.0,
2025-03-12,91282CDK4,1.25,2026-11-30,200000000.0,95.477
2025-03-12,912828YU8,1.625,2026-11-30,0.0,
2025-03-12,91282CJT9,4.0,2027-01-15,0.0,
2025-03-12,912828Z78,1.5,2027-01-31,0.0,
2025-03-12,912828V98,2.25,2027-02-15,0.0,
2025-03-12,91282CKA8,4.125,2027-02-15,0.0,
2025-03-12,912828ZB9,1.125,2027-02-28,0.0,
2025-03-12,91282CEC1,1.875,2027-02-28,150000000.0,96.055
2025-03-18,91282CEP2,2.875,2032-05-15,141000000.0,91.961
2025-03-18,91282CFF3,2.75,2032-08-15,50000000.0,90.875
2025-03-18,91282CFV8,4.125,2032-11-15,0.0,
2025-03-18,91282CGM7,3.5,2033-02-15,0.0,
2025-03-18,91282CHC8,3.375,2033-05-15,0.0,
2025-03-18,91282CHT1,3.875,2033-08-15,0.0,
2025-03-18,91282CJJ1,4.5,2033-11-15,0.0,
2025-03-18,91282CJZ5,4.0,2034-02-15,644000000.0,98.109
2025-03-18,91282CKQ3,4.375,2034-05-15,0.0,
2025-03-18,91282CLF6,3.875,2034-08-15,150000000.0,96.969
2025-03-20,91282CJE2,5.0,2025-10-31,264000000.0,100.473
2025-03-20,91282CAZ4,0.375,2025-11-30,99000000.0,97.414
2025-03-20,9128285N6,2.875,2025-11-30,323000000.0,99.096
2025-03-20,91282CJL6,4.875,2025-11-30,3000000000.0,100.457
2025-03-20,91282CBH3,0.375,2026-01-31,171000000.0,96.825
2025-03-20,9128286A3,2.625,2026-01-31,0.0,
2025-03-20,91282CJV4,4.25,2026-01-31,4000000.0,100.078
2025-03-20,912828P46,1.625,2026-02-15,450000000.0,97.781
2025-03-20,91282CGL9,4.0,2026-02-15,250000000.0,99.877
2025-03-20,91282CBQ3,0.5,2026-02-28,507000000.0,96.68
2025-03-20,9128286F2,2.5,2026-02-28,0.0,
2025-03-20,91282CKB6,4.625,2026-02-28,0.0,
2025-03-20,91282CGR6,4.625,2026-03-15,0.0,
2025-03-20,91282CBT7,0.75,2026-03-31,0.0,
2025-03-20,9128286L9,2.25,2026-03-31,0.0,
2025-03-20,91282CKH3,4.5,2026-03-31,135000000.0,100.406
2025-03-20,912828R36,1.625,2026-05-15,93000000.0,97.277
2025-03-20,91282CHB0,3.625,2026-05-15,1574000000.0,99.504
2025-03-20,91282CCF6,0.75,2026-05-31,113000000.0,96.168
2025-03-20,9128286X3,2.125,2026-05-31,0.0,
2025-03-20,91282CKS9,4.875,2026-05-31,0.0,
2025-03-20,91282CHM6,4.5,2026-07-15,418000000.0,100.576
2025-03-20,91282CCP4,0.625,2026-07-31,180000000.0,95.516
2025-03-20,912828Y95,1.875,2026-07-31,0.0,
2025-03-20,91282CLB5,4.375,2026-07-31,325000000.0,100.438
2025-03-20,9128282A7,1.5,2026-08-15,130000000.0,96.547
2025-03-20,91282CHU8,4.375,2026-08-15,150000000.0,100.449
2025-03-20,91282CCW9,0.75,2026-08-31,165000000.0,95.443
2025-03-20,912828YD6,1.375,2026-08-31,0.0,
2025-03-20,91282CLH2,3.75,2026-08-31,0.0,
2025-03-20,91282CJC6,4.625,2026-10-15,0.0,
2025-03-20,91282CDG3,1.125,2026-10-31,0.0,
2025-03-20,912828YQ7,1.625,2026-10-31,0.0,
2025-03-20,912828U24,2.0,2026-11-15,99000000.0,96.809
2025-03-20,91282CJK8,4.625,2026-11-15,0.0,
2025-03-20,91282CDK4,1.25,2026-11-30,0.0,
2025-03-20,912828YU8,1.625,2026-11-30,0.0,
2025-03-20,91282CJT9,4.0,2027-01-15,0.0,
2025-03-20,912828Z78,1.5,2027-01-31,50000000.0,95.563
2025-03-20,912828V98,2.25,2027-02-15,0.0,
2025-03-20,91282CKA8,4.125,2027-02-15,0.0,
2025-03-20,912828ZB9,1.125,2027-02-28,0.0,
2025-03-20,91282CEC1,1.875,2027-02-28,0.0,
2025-03-26,91282CGK1,1.125,2033-01-15,10000000.0,94.758
2025-03-26,91282CHP9,1.375,2033-07-15,5000000.0,96.453
2025-03-26,91282CJY8,1.75,2034-01-15,0.0,
2025-03-26,91282CLE9,1.875,2034-07-15,37000000.0,99.748
2025-03-26,912810QF8,2.125,2040-02-15,20000000.0,99.695
2025-03-26,912810QP6,2.125,2041-02-15,0.0,
2025-03-26,912810QV3,0.75,2042-02-15,0.0,
2025-03-26,912810RA8,0.625,2043-02-15,0.0,
2025-03-26,912810RF7,1.375,2044-02-15,0.0,
2025-03-26,912810RL4,0.75,2045-02-15,0.0,
2025-03-26,912810RR1,1.0,2046-02-15,0.0,
2025-03-26,912810RW0,0.875,2047-02-15,0.0,
2025-03-26,912810SB5,1.0,2048-02-15,0.0,
2025-03-26,912810SG4,1.0,2049-02-15,10000000.0,74.758
2025-03-26,912810SM1,0.25,2050-02-15,50000000.0,59.867
2025-03-26,912810SV1,0.125,2051-02-15,235000000.0,56.372
2025-03-26,912810TE8,0.125,2052-02-15,0.0,
2025-03-26,912810TP3,1.5,2053-02-15,40000000.0,81.777
2025-03-26,912810TY4,2.125,2054-02-15,0.0,
2025-03-27,9128285J5,3.0,2025-10-31,502000000.0,99.297
2025-03-27,91282CAZ4,0.375,2025-11-30,2000000.0,97.471
2025-03-27,9128285N6,2.875,2025-11-30,543000000.0,99.121
2025-03-27,91282CJL6,4.875,2025-11-30,1280000000.0,100.436
2025-03-27,91282CBH3,0.375,2026-01-31,475000000.0,96.883
2025-03-27,91282CJV4,4.25,2026-01-31,0.0,
2025-03-27,912828P46,1.625,2026-02-15,1567000000.0,97.806
2025-03-27,91282CGL9,4.0,2026-02-15,1671000000.0,99.855
2025-03-27,91282CBQ3,0.5,2026-02-28,153000000.0,96.715
2025-03-27,9128286F2,2.5,2026-02-28,150000000.0,98.517
2025-03-27,91282CKB6,4.625,2026-02-28,100000000.0,100.414
2025-03-27,91282CGR6,4.625,2026-03-15,0.0,
2025-03-27,912828R36,1.625,2026-05-15,150000000.0,97.285
2025-03-27,91282CHB0,3.625,2026-05-15,224000000.0,99.477
2025-03-27,91282CCF6,0.75,2026-05-31,600000000.0,96.191
2025-03-27,9128286X3,2.125,2026-05-31,0.0,
2025-03-27,91282CKS9,4.875,2026-05-31,0.0,
2025-03-27,91282CHM6,4.5,2026-07-15,0.0,
2025-03-27,91282CCP4,0.625,2026-07-31,0.0,
2025-03-27,912828Y95,1.875,2026-07-31,0.0,
2025-03-27,91282CLB5,4.375,2026-07-31,300000000.0,100.398
2025-03-27,9128282A7,1.5,2026-08-15,0.0,
2025-03-27,91282CHU8,4.375,2026-08-15,0.0,
2025-03-27,91282CCW9,0.75,2026-08-31,0.0,
2025-03-27,912828YD6,1.375,2026-08-31,0.0,
2025-03-27,91282CLH2,3.75,2026-08-31,0.0,
2025-03-27,91282CJC6,4.625,2026-10-15,0.0,
2025-03-27,91282CDG3,1.125,2026-10-31,0.0,
2025-03-27,912828YQ7,1.625,2026-10-31,0.0,
2025-03-27,912828U24,2.0,2026-11-15,0.0,
2025-03-27,91282CJK8,4.625,2026-11-15,0.0,
2025-03-27,91282CDK4,1.25,2026-11-30,244000000.0,95.539
2025-03-27,912828YU8,1.625,2026-11-30,0.0,
2025-03-27,91282CJT9,4.0,2027-01-15,0.0,
2025-03-27,912828Z78,1.5,2027-01-31,0.0,
2025-03-27,912828V98,2.25,2027-02-15,0.0,
2025-03-27,91282CKA8,4.125,2027-02-15,0.0,
2025-03-27,912828ZB9,1.125,2027-02-28,0.0,
2025-03-27,91282CEC1,1.875,2027-02-28,539000000.0,96.074
2025-04-02,912810RM2,3.0,2045-05-15,25000000.0,78.586
2025-04-02,912810RN0,2.875,2045-08-15,0.0,
2025-04-02,912810RQ3,2.5,2046-02-15,0.0,
2025-04-02,912810RS9,2.5,2046-05-15,1355000000.0,71.031
2025-04-02,912810RT7,2.25,2046-08-15,0.0,
2025-04-02,912810RU4,2.875,2046-11-15,0.0,
2025-04-02,912810RV2,3.0,2047-02-15,0.0,
2025-04-02,912810RX8,3.0,2047-05-15,0.0,
2025-04-02,912810RY6,2.75,2047-08-15,0.0,
2025-04-02,912810RZ3,2.75,2047-11-15,0.0,
2025-04-02,912810SA7,3.0,2048-02-15,0.0,
2025-04-02,912810SC3,3.125,2048-05-15,0.0,
2025-04-02,912810SD1,3.0,2048-08-15,0.0,
2025-04-02,912810SE9,3.375,2048-11-15,0.0,
2025-04-02,912810SF6,3.0,2049-02-15,0.0,
2025-04-02,912810SH2,2.875,2049-05-15,0.0,
2025-04-02,912810SJ8,2.25,2049-08-15,0.0,
2025-04-02,912810SK5,2.375,2049-11-15,12000000.0,66.332
2025-04-02,912810SL3,2.0,2050-02-15,375000000.0,60.668
2025-04-02,912810SN9,1.25,2050-05-15,0.0,
2025-04-02,912810SP4,1.375,2050-08-15,0.0,
2025-04-02,912810SS8,1.625,2050-11-15,125000000.0,54.599
2025-04-02,912810SU3,1.875,2051-02-15,83000000.0,58.158
2025-04-02,912810SX7,2.375,2051-05-15,25000000.0,65.598
2025-04-02,912810SZ2,2.0,2051-08-15,0.0,
2025-04-02,912810TB4,1.875,2051-11-15,0.0,
2025-04-02,912810TD0,2.25,2052-02-15,0.0,
2025-04-02,912810TG3,2.875,2052-05-15,0.0,
2025-04-02,912810TJ7,3.0,2052-08-15,0.0,
2025-04-02,912810TN8,3.625,2053-02-15,0.0,
2025-04-02,912810TR9,3.625,2053-05-15,0.0,
2025-04-02,912810TT5,4.125,2053-08-15,0.0,
2025-04-02,912810TX6,4.25,2054-02-15,0.0,
2025-04-02,912810UA4,4.625,2054-05-15,0.0,
2025-04-02,912810UC0,4.25,2054-08-15,0.0,
2025-04-03,91282CJV4,4.25,2026-01-31,200000000.0,100.174
2025-04-03,912828P46,1.625,2026-02-15,100000000.0,97.969
2025-04-03,91282CGL9,4.0,2026-02-15,1710000000.0,99.971
2025-04-03,91282CBQ3,0.5,2026-02-28,1310000000.0,96.925
2025-04-03,9128286F2,2.5,2026-02-28,70000000.0,98.672
2025-04-03,91282CKB6,4.625,2026-02-28,650000000.0,100.536
2025-04-03,91282CGR6,4.625,2026-03-15,0.0,
2025-04-03,91282CBT7,0.75,2026-03-31,805000000.0,96.916
2025-04-03,9128286L9,2.25,2026-03-31,0.0,
2025-04-03,91282CKH3,4.5,2026-03-31,20000000.0,100.52
2025-04-03,912828R36,1.625,2026-05-15,311000000.0,97.533
2025-04-03,91282CHB0,3.625,2026-05-15,165000000.0,99.689
2025-04-03,91282CCF6,0.75,2026-05-31,461000000.0,96.46
2025-04-03,9128286X3,2.125,2026-05-31,0.0,
2025-04-03,91282CKS9,4.875,2026-05-31,0.0,
2025-04-03,91282CHM6,4.5,2026-07-15,596000000.0,100.78
2025-04-03,91282CCP4,0.625,2026-07-31,0.0,
2025-04-03,912828Y95,1.875,2026-07-31,60000000.0,97.48
2025-04-03,91282CLB5,4.375,2026-07-31,846000000.0,100.67
2025-04-03,9128282A7,1.5,2026-08-15,99000000.0,96.922
2025-04-03,91282CHU8,4.375,2026-08-15,0.0,
2025-04-03,91282CCW9,0.75,2026-08-31,0.0,
2025-04-03,912828YD6,1.375,2026-08-31,0.0,
2025-04-03,91282CLH2,3.75,2026-08-31,0.0,
2025-04-03,91282CJC6,4.625,2026-10-15,400000000.0,101.213
2025-04-03,91282CDG3,1.125,2026-10-31,400000000.0,95.957
2025-04-03,912828YQ7,1.625,2026-10-31,0.0,
2025-04-03,912828U24,2.0,2026-11-15,175000000.0,97.234
2025-04-03,91282CJK8,4.625,2026-11-15,119000000.0,101.273
2025-04-03,91282CDK4,1.25,2026-11-30,0.0,
2025-04-03,912828YU8,1.625,2026-11-30,0.0,
2025-04-03,91282CJT9,4.0,2027-01-15,3000000.0,100.406
2025-04-03,912828Z78,1.5,2027-01-31,0.0,
2025-04-03,912828V98,2.25,2027-02-15,0.0,
2025-04-03,91282CKA8,4.125,2027-02-15,0.0,
2025-04-03,912828ZB9,1.125,2027-02-28,0.0,
2025-04-03,91282CEC1,1.875,2027-02-28,0.0,
2025-04-03,912828ZE3,0.625,2027-03-31,0.0,
2025-04-08,91282CCA7,0.125,2026-04-15,0.0,
2025-04-08,912828S50,0.125,2026-07-15,0.0,
2025-04-08,91282CDC2,0.125,2026-10-15,0.0,
2025-04-08,912828V49,0.375,2027-01-15,0.0,
2025-04-08,912810PS1,2.375,2027-01-15,0.0,
2025-04-08,91282CEJ6,0.125,2027-04-15,0.0,
2025-04-08,9128282L3,0.375,2027-07-15,0.0,
2025-04-08,91282CFR7,1.625,2027-10-15,0.0,
2025-04-08,9128283R9,0.5,2028-01-15,0.0,
2025-04-08,912810PV4,1.75,2028-01-15,0.0,
2025-04-08,91282CGW5,1.25,2028-04-15,0.0,
2025-04-08,912810FD5,3.625,2028-04-15,0.0,
2025-04-08,912828Y38,0.75,2028-07-15,0.0,
2025-04-08,91282CJH5,2.375,2028-10-15,0.0,
2025-04-08,9128285W6,0.875,2029-01-15,0.0,
2025-04-08,912810PZ5,2.5,2029-01-15,0.0,
2025-04-08,91282CKL4,2.125,2029-04-15,130000000.0,102.434
2025-04-08,912810FH6,3.875,2029-04-15,10000000.0,109.375
2025-04-08,9128287D6,0.25,2029-07-15,0.0,
2025-04-08,912828Z37,0.125,2030-01-15,0.0,
2025-04-08,912828ZZ6,0.125,2030-07-15,0.0,
2025-04-08,91282CBF7,0.125,2031-01-15,25000000.0,91.457
2025-04-08,91282CCM1,0.125,2031-07-15,115000000.0,90.845
2025-04-08,91282CDX6,0.125,2032-01-15,35000000.0,89.409
2025-04-08,91282CEZ0,0.625,2032-07-15,185000000.0,92.152
2025-04-10,912828K74,2.0,2025-08-15,498000000.0,99.224
2025-04-10,91282CHV6,5.0,2025-08-31,177000000.0,100.26
2025-04-10,9128285J5,3.0,2025-10-31,0.0,
2025-04-10,91282CJE2,5.0,2025-10-31,928000000.0,100.465
2025-04-10,9128285N6,2.875,2025-11-30,510000000.0,99.236
2025-04-10,91282CGE5,3.875,2026-01-15,0.0,
2025-04-10,91282CBH3,0.375,2026-01-31,543000000.0,97.117
2025-04-10,9128286A3,2.625,2026-01-31,0.0,
2025-04-10,91282CJV4,4.25,2026-01-31,250000000.0,100.16
2025-04-10,91282CGL9,4.0,2026-02-15,321000000.0,99.968
2025-04-10,91282CBQ3,0.5,2026-02-28,228000000.0,96.969
2025-04-10,91282CKB6,4.625,2026-02-28,800000000.0,100.504
2025-04-10,91282CGR6,4.625,2026-03-15,557000000.0,100.572
2025-04-10,91282CBT7,0.75,2026-03-31,630000000.0,96.957
2025-04-10,9128286L9,2.25,2026-03-31,0.0,
2025-04-10,91282CKH3,4.5,2026-03-31,75000000.0,100.48
2025-04-10,912828R36,1.625,2026-05-15,16000000.0,97.523
2025-04-10,91282CHB0,3.625,2026-05-15,356000000.0,99.643
2025-04-10,91282CCF6,0.75,2026-05-31,0.0,
2025-04-10,9128286X3,2.125,2026-05-31,9000000.0,97.949
2025-04-10,91282CKS9,4.875,2026-05-31,160000000.0,100.995
2025-04-10,91282CHM6,4.5,2026-07-15,0.0,
2025-04-10,91282CCP4,0.625,2026-07-31,150000000.0,95.797
2025-04-10,912828Y95,1.875,2026-07-31,221000000.0,97.359
2025-04-10,91282CLB5,4.375,2026-07-31,1015000000.0,100.501
2025-04-10,9128282A7,1.5,2026-08-15,14000000.0,96.805
2025-04-10,91282CHU8,4.375,2026-08-15,279000000.0,100.521
2025-04-10,91282CCW9,0.75,2026-08-31,320000000.0,95.722
2025-04-10,912828YD6,1.375,2026-08-31,0.0,
2025-04-10,91282CLH2,3.75,2026-08-31,0.0,
2025-04-10,91282CDG3,1.125,2026-10-31,0.0,
2025-04-10,912828YQ7,1.625,2026-10-31,363000000.0,96.563
2025-04-10,912828U24,2.0,2026-11-15,0.0,
2025-04-10,91282CJK8,4.625,2026-11-15,0.0,
2025-04-10,91282CDK4,1.25,2026-11-30,0.0,
2025-04-10,912828YU8,1.625,2026-11-30,80000000.0,96.41
2025-04-10,91282CJT9,4.0,2027-01-15,0.0,
2025-04-10,912828Z78,1.5,2027-01-31,0.0,
2025-04-10,912828V98,2.25,2027-02-15,0.0,
2025-04-10,91282CKA8,4.125,2027-02-15,0.0,
2025-04-10,912828ZB9,1.125,2027-02-28,0.0,
2025-04-10,91282CEC1,1.875,2027-02-28,0.0,
2025-04-10,912828ZE3,0.625,2027-03-31,0.0,
2025-04-15,91282CGZ8,3.5,2030-04-30,0.0,
2025-04-15,912828ZQ6,0.625,2030-05-15,0.0,
2025-04-15,91282CHF1,3.75,2030-05-31,0.0,
2025-04-15,91282CHJ3,3.75,2030-06-30,0.0,
2025-04-15,91282CHR5,4.0,2030-07-31,0.0,
2025-04-15,91282CAE1,0.625,2030-08-15,0.0,
2025-04-15,91282CHW4,4.125,2030-08-31,0.0,
2025-04-15,91282CHZ7,4.625,2030-09-30,0.0,
2025-04-15,91282CJG7,4.875,2030-10-31,0.0,
2025-04-15,91282CAV3,0.875,2030-11-15,0.0,
2025-04-15,91282CJM4,4.375,2030-11-30,0.0,
2025-04-15,91282CJQ5,3.75,2030-12-31,0.0,
2025-04-15,91282CJX0,4.0,2031-01-31,85000000.0,99.781
2025-04-15,91282CBL4,1.125,2031-02-15,0.0,
2025-04-15,91282CKC4,4.25,2031-02-28,0.0,
2025-04-15,91282CKF7,4.125,2031-03-31,0.0,
2025-04-15,91282CKN0,4.625,2031-04-30,0.0,
2025-04-15,91282CCB5,1.625,2031-05-15,125000000.0,86.93
2025-04-15,91282CKU4,4.625,2031-05-31,0.0,
2025-04-15,91282CKW0,4.25,2031-06-30,0.0,
2025-04-15,91282CLD1,4.125,2031-07-31,0.0,
2025-04-15,91282CCS8,1.25,2031-08-15,0.0,
2025-04-15,91282CLJ8,3.75,2031-08-31,0.0,
2025-04-15,91282CLM1,3.625,2031-09-30,0.0,
2025-04-15,91282CDJ7,1.375,2031-11-15,0.0,
2025-04-15,91282CDY4,1.875,2032-02-15,233000000.0,86.664
2025-04-16,912828K74,2.0,2025-08-15,350000000.0,99.25
2025-04-16,91282CHV6,5.0,2025-08-31,75000000.0,100.242
2025-04-16,9128285J5,3.0,2025-10-31,390000000.0,99.391
2025-04-16,91282CJE2,5.0,2025-10-31,137000000.0,100.44
2025-04-16,9128286A3,2.625,2026-01-31,0.0,
2025-04-16,91282CJV4,4.25,2026-01-31,475000000.0,100.136
2025-04-16,912828P46,1.625,2026-02-15,135000000.0,98.03
2025-04-16,91282CGL9,4.0,2026-02-15,280000000.0,99.951
2025-04-16,91282CBQ3,0.5,2026-02-28,200000000.0,97.0
2025-04-16,91282CKB6,4.625,2026-02-28,350000000.0,100.483
2025-04-16,91282CGR6,4.625,2026-03-15,260000000.0,100.534
2025-04-16,91282CBT7,0.75,2026-03-31,305000000.0,96.988
2025-04-16,91282CKH3,4.5,2026-03-31,748000000.0,100.466
2025-04-16,91282CHB0,3.625,2026-05-15,680000000.0,99.644
2025-04-16,91282CCF6,0.75,2026-05-31,840000000.0,96.508
2025-04-16,9128286X3,2.125,2026-05-31,0.0,
2025-04-16,91282CKS9,4.875,2026-05-31,200000000.0,100.977
2025-04-16,91282CHM6,4.5,2026-07-15,57000000.0,100.676
2025-04-16,91282CCP4,0.625,2026-07-31,0.0,
2025-04-16,912828Y95,1.875,2026-07-31,21000000.0,97.469
2025-04-16,91282CLB5,4.375,2026-07-31,275000000.0,100.562
2025-04-16,9128282A7,1.5,2026-08-15,0.0,
2025-04-16,91282CHU8,4.375,2026-08-15,0.0,
2025-04-16,91282CCW9,0.75,2026-08-31,9000000.0,95.828
2025-04-16,912828YD6,1.375,2026-08-31,91000000.0,96.658
2025-04-16,91282CLH2,3.75,2026-08-31,200000000.0,99.777
2025-04-16,91282CJC6,4.625,2026-10-15,250000000.0,101.062
2025-04-16,91282CDG3,1.125,2026-10-31,0.0,
2025-04-16,912828YQ7,1.625,2026-10-31,0.0,
2025-04-16,912828U24,2.0,2026-11-15,515000000.0,97.173
2025-04-16,91282CJK8,4.625,2026-11-15,0.0,
2025-04-16,91282CDK4,1.25,2026-11-30,10000000.0,95.949
2025-04-16,912828YU8,1.625,2026-11-30,282000000.0,96.527
2025-04-16,91282CJT9,4.0,2027-01-15,0.0,
2025-04-16,912828Z78,1.5,2027-01-31,145000000.0,96.004
2025-04-16,912828V98,2.25,2027-02-15,0.0,
2025-04-16,91282CKA8,4.125,2027-02-15,550000000.0,100.506
2025-04-16,912828ZB9,1.125,2027-02-28,0.0,
2025-04-16,91282CEC1,1.875,2027-02-28,396000000.0,96.54
2025-04-16,912828ZE3,0.625,2027-03-31,274000000.0,94.094
2025-04-22,91282CBZ3,1.25,2028-04-30,0.0,
2025-04-22,91282CHA2,3.5,2028-04-30,0.0,
2025-04-22,9128284N7,2.875,2028-05-15,788000000.0,97.262
2025-04-22,91282CCE9,1.25,2028-05-31,14000000.0,92.492
2025-04-22,91282CHE4,3.625,2028-05-31,1500000000.0,99.395
2025-04-22,91282CCH2,1.25,2028-06-30,0.0,
2025-04-22,91282CHK0,4.0,2028-06-30,0.0,
2025-04-22,91282CCR0,1.0,2028-07-31,75000000.0,91.328
2025-04-22,91282CHQ7,4.125,2028-07-31,0.0,
2025-04-22,9128284V9,2.875,2028-08-15,975000000.0,96.984
2025-04-22,91282CCV1,1.125,2028-08-31,22000000.0,91.477
2025-04-22,91282CHX2,4.375,2028-08-31,35000000.0,101.609
2025-04-22,91282CCY5,1.25,2028-09-30,0.0,
2025-04-22,91282CJA0,4.625,2028-09-30,0.0,
2025-04-22,91282CDF5,1.375,2028-10-31,99000000.0,91.858
2025-04-22,91282CJF9,4.875,2028-10-31,0.0,
2025-04-22,9128285M8,3.125,2028-11-15,0.0,
2025-04-22,91282CDL2,1.5,2028-11-30,0.0,
2025-04-22,91282CJN2,4.375,2028-11-30,0.0,
2025-04-22,91282CDP3,1.375,2028-12-31,0.0,
2025-04-22,91282CJR3,3.75,2028-12-31,0.0,
2025-04-22,91282CDW8,1.75,2029-01-31,0.0,
2025-04-22,91282CJW2,4.0,2029-01-31,0.0,
2025-04-22,9128286B1,2.625,2029-02-15,0.0,
2025-04-22,91282CEB3,1.875,2029-02-28,0.0,
2025-04-22,91282CKD2,4.25,2029-02-28,252000000.0,101.254
2025-04-22,91282CEE7,2.375,2029-03-31,0.0,
2025-04-22,91282CKG5,4.125,2029-03-31,0.0,
2025-04-22,91282CEM9,2.875,2029-04-30,0.0,
2025-04-22,91282CKP5,4.625,2029-04-30,0.0,
2025-04-22,9128286T2,2.375,2029-05-15,14000000.0,94.289
2025-04-22,91282CES6,2.75,2029-05-31,0.0,
2025-04-22,91282CKT7,4.5,2029-05-31,0.0,
2025-04-22,91282CEV9,3.25,2029-06-30,0.0,
2025-04-22,91282CKX8,4.25,2029-06-30,0.0,
2025-04-22,91282CFC0,2.625,2029-07-31,0.0,
2025-04-22,91282CLC3,4.0,2029-07-31,0.0,
2025-04-22,912828YB0,1.625,2029-08-15,0.0,
2025-04-22,91282CFJ5,3.125,2029-08-31,29000000.0,96.77
2025-04-22,91282CLN9,3.5,2029-09-30,0.0,
2025-04-22,91282CFL0,3.875,2029-09-30,0.0,
2025-04-22,91282CFT3,4.0,2029-10-31,0.0,
2025-04-22,912828YS3,1.75,2029-11-15,0.0,
2025-04-22,91282CFY2,3.875,2029-11-30,197000000.0,99.637
2025-04-22,91282CGB1,3.875,2029-12-31,0.0,
2025-04-22,91282CGJ4,3.5,2030-01-31,0.0,
2025-04-22,912828Z94,1.5,2030-02-15,0.0,
2025-04-22,91282CGQ8,4.0,2030-02-28,0.0,
2025-04-22,91282CGS4,3.625,2030-03-31,0.0,
2025-04-23,912828K74,2.0,2025-08-15,500000000.0,99.293
2025-04-23,91282CHV6,5.0,2025-08-31,100000000.0,100.225
2025-04-23,91282CJE2,5.0,2025-10-31,301000000.0,100.41
2025-04-23,91282CJV4,4.25,2026-01-31,100000000.0,100.09
2025-04-23,91282CGL9,4.0,2026-02-15,0.0,
2025-04-23,91282CBQ3,0.5,2026-02-28,100000000.0,97.023
2025-04-23,91282CKB6,4.625,2026-02-28,300000000.0,100.426
2025-04-23,91282CGR6,4.625,2026-03-15,277000000.0,100.482
2025-04-23,91282CBT7,0.75,2026-03-31,0.0,
2025-04-23,9128286L9,2.25,2026-03-31,0.0,
2025-04-23,91282CKH3,4.5,2026-03-31,100000000.0,100.41
2025-04-23,91282CHB0,3.625,2026-05-15,200000000.0,99.598
2025-04-23,91282CCF6,0.75,2026-05-31,0.0,
2025-04-23,9128286X3,2.125,2026-05-31,0.0,
2025-04-23,91282CKS9,4.875,2026-05-31,400000000.0,100.914
2025-04-23,91282CHM6,4.5,2026-07-15,0.0,
2025-04-23,91282CCP4,0.625,2026-07-31,200000000.0,95.875
2025-04-23,912828Y95,1.875,2026-07-31,30000000.0,97.414
2025-04-23,91282CLB5,4.375,2026-07-31,150000000.0,100.469
2025-04-23,9128282A7,1.5,2026-08-15,145000000.0,96.85
2025-04-23,91282CHU8,4.375,2026-08-15,0.0,
2025-04-23,91282CCW9,0.75,2026-08-31,0.0,
2025-04-23,912828YD6,1.375,2026-08-31,0.0,
2025-04-23,91282CLH2,3.75,2026-08-31,0.0,
2025-04-23,91282CJC6,4.625,2026-10-15,0.0,
2025-04-23,91282CDG3,1.125,2026-10-31,0.0,
2025-04-23,912828YQ7,1.625,2026-10-31,0.0,
2025-04-23,912828U24,2.0,2026-11-15,0.0,
2025-04-23,91282CJK8,4.625,2026-11-15,0.0,
2025-04-23,91282CDK4,1.25,2026-11-30,0.0,
2025-04-23,912828YU8,1.625,2026-11-30,0.0,
2025-04-23,91282CJT9,4.0,2027-01-15,0.0,
2025-04-23,912828Z78,1.5,2027-01-31,4000000.0,95.914
2025-04-23,912828V98,2.25,2027-02-15,0.0,
2025-04-23,91282CKA8,4.125,2027-02-15,0.0,
2025-04-23,912828ZB9,1.125,2027-02-28,0.0,
2025-04-23,91282CEC1,1.875,2027-02-28,32000000.0,96.422
2025-04-23,912828ZE3,0.625,2027-03-31,0.0,
2025-05-01,91282CGK1,1.125,2033-01-15,25000000.0,94.883
2025-05-01,91282CHP9,1.375,2033-07-15,60000000.0,96.477
2025-05-01,91282CJY8,1.75,2034-01-15,0.0,
2025-05-01,91282CLE9,1.875,2034-07-15,0.0,
2025-05-01,912810QF8,2.125,2040-02-15,2000000.0,99.125
2025-05-01,912810QP6,2.125,2041-02-15,0.0,
2025-05-01,912810QV3,0.75,2042-02-15,0.0,
2025-05-01,912810RA8,0.625,2043-02-15,0.0,
2025-05-01,912810RF7,1.375,2044-02-15,0.0,
2025-05-01,912810RL4,0.75,2045-02-15,10000000.0,73.313
2025-05-01,912810RR1,1.0,2046-02-15,0.0,
2025-05-01,912810RW0,0.875,2047-02-15,7000000.0,72.656
2025-05-01,912810SB5,1.0,2048-02-15,0.0,
2025-05-01,912810SG4,1.0,2049-02-15,0.0,
2025-05-01,912810SM1,0.25,2050-02-15,10000000.0,58.172
2025-05-01,912810SV1,0.125,2051-02-15,10000000.0,54.75
2025-05-01,912810TE8,0.125,2052-02-15,0.0,
2025-05-01,912810TP3,1.5,2053-02-15,55000000.0,79.629
2025-05-01,912810TY4,2.125,2054-02-15,0.0,
2025-05-06,912810SR0,1.125,2040-05-15,0.0,
2025-05-06,912810SQ2,1.125,2040-08-15,0.0,
2025-05-06,912810ST6,1.375,2040-11-15,0.0,
2025-05-06,912810SW9,1.875,2041-02-15,0.0,
2025-05-06,912810SY5,2.25,2041-05-15,1700000000.0,71.863
2025-05-06,912810TA6,1.75,2041-08-15,150000000.0,65.66
2025-05-06,912810TC2,2.0,2041-11-15,0.0,
2025-05-06,912810TF5,2.375,2042-02-15,100000000.0,72.004
2025-05-06,912810TH1,3.25,2042-05-15,0.0,
2025-05-06,912810QX9,2.75,2042-08-15,50000000.0,75.797
2025-05-06,912810TK4,3.375,2042-08-15,0.0,
2025-05-06,912810QY7,2.75,2042-11-15,0.0,
2025-05-06,912810TM0,4.0,2042-11-15,0.0,
2025-05-06,912810QZ4,3.125,2043-02-15,0.0,
2025-05-06,912810TQ1,3.875,2043-02-15,0.0,
2025-05-06,912810RB6,2.875,2043-05-15,0.0,
2025-05-06,912810TS7,3.875,2043-05-15,0.0,
2025-05-06,912810RC4,3.625,2043-08-15,0.0,
2025-05-06,912810TU2,4.375,2043-08-15,0.0,
2025-05-06,912810RD2,3.75,2043-11-15,0.0,
2025-05-06,912810TW8,4.75,2043-11-15,0.0,
2025-05-06,912810RE0,3.625,2044-02-15,0.0,
2025-05-06,912810TZ1,4.5,2044-02-15,0.0,
2025-05-06,912810RG5,3.375,2044-05-15,0.0,
2025-05-06,912810UB2,4.625,2044-05-15,0.0,
2025-05-06,912810RH3,3.125,2044-08-15,0.0,
2025-05-06,912810UD8,4.125,2044-08-15,0.0,
2025-05-06,912810RJ9,3.0,2044-11-15,0.0,
2025-05-06,912810RK6,2.5,2045-02-15,0.0,
2025-05-15,91282CHV6,5.0,2025-08-31,0.0,
2025-05-15,91282CJB8,5.0,2025-09-30,0.0,
2025-05-15,91282CJE2,5.0,2025-10-31,0.0,
2025-05-15,91282CJV4,4.25,2026-01-31,0.0,
2025-05-15,91282CGL9,4.0,2026-02-15,0.0,
2025-05-15,91282CBQ3,0.5,2026-02-28,0.0,
2025-05-15,91282CKB6,4.625,2026-02-28,0.0,
2025-05-15,91282CGR6,4.625,2026-03-15,0.0,
2025-05-15,91282CBT7,0.75,2026-03-31,200000000.0,97.098
2025-05-15,9128286L9,2.25,2026-03-31,0.0,
2025-05-15,91282CKH3,4.5,2026-03-31,1500000000.0,100.277
2025-05-15,91282CGV7,3.75,2026-04-15,0.0,
2025-05-15,91282CBW0,0.75,2026-04-30,500000000.0,96.844
2025-05-15,9128286S4,2.375,2026-04-30,0.0,
2025-05-15,91282CKK6,4.875,2026-04-30,0.0,
2025-05-15,912828R36,1.625,2026-05-15,0.0,
2025-05-15,91282CHB0,3.625,2026-05-15,0.0,
2025-05-15,91282CCF6,0.75,2026-05-31,0.0,
2025-05-15,9128286X3,2.125,2026-05-31,0.0,
2025-05-15,91282CKS9,4.875,2026-05-31,0.0,
2025-05-15,91282CHH7,4.125,2026-06-15,0.0,
2025-05-15,91282CCJ8,0.875,2026-06-30,0.0,
2025-05-15,9128287B0,1.875,2026-06-30,0.0,
2025-05-15,91282CKY6,4.625,2026-06-30,0.0,
2025-05-15,91282CHM6,4.5,2026-07-15,0.0,
2025-05-15,91282CCP4,0.625,2026-07-31,0.0,
2025-05-15,912828Y95,1.875,2026-07-31,0.0,
2025-05-15,91282CLB5,4.375,2026-07-31,0.0,
2025-05-15,9128282A7,1.5,2026-08-15,0.0,
2025-05-15,91282CHU8,4.375,2026-08-15,155000000.0,100.324
2025-05-15,91282CCW9,0.75,2026-08-31,0.0,
2025-05-15,912828YD6,1.375,2026-08-31,0.0,
2025-05-15,91282CLH2,3.75,2026-08-31,0.0,
2025-05-15,91282CHY0,4.625,2026-09-15,0.0,
2025-05-15,91282CCZ2,0.875,2026-09-30,0.0,
2025-05-15,912828YG9,1.625,2026-09-30,0.0,
2025-05-15,91282CLP4,3.5,2026-09-30,0.0,
2025-05-15,91282CJC6,4.625,2026-10-15,0.0,
2025-05-15,91282CDG3,1.125,2026-10-31,0.0,
2025-05-15,912828YQ7,1.625,2026-10-31,0.0,
2025-05-15,91282CLS8,4.125,2026-10-31,0.0,
2025-05-15,912828U24,2.0,2026-11-15,0.0,
2025-05-15,91282CJK8,4.625,2026-11-15,0.0,
2025-05-15,91282CDK4,1.25,2026-11-30,0.0,
2025-05-15,912828YU8,1.625,2026-11-30,0.0,
2025-05-15,91282CJP7,4.375,2026-12-15,0.0,
2025-05-15,91282CDQ1,1.25,2026-12-31,1245000000.0,95.66
2025-05-15,912828YX2,1.75,2026-12-31,0.0,
2025-05-15,91282CJT9,4.0,2027-01-15,0.0,
2025-05-15,912828Z78,1.5,2027-01-31,0.0,
2025-05-15,912828V98,2.25,2027-02-15,0.0,
2025-05-15,91282CKA8,4.125,2027-02-15,0.0,
2025-05-15,912828ZB9,1.125,2027-02-28,0.0,
2025-05-15,91282CEC1,1.875,2027-02-28,400000000.0,96.352
2025-05-15,912828ZE3,0.625,2027-03-31,0.0,
2025-05-15,91282CKJ9,4.5,2027-04-15,0.0,
2025-05-15,912828ZN3,0.5,2027-04-30,0.0,
2025-05-15,91282CEN7,2.75,2027-04-30,0.0,
2025-05-15,912828X88,2.375,2027-05-15,0.0,
2025-05-15,91282CKR1,4.5,2027-05-15,0.0,
2025-05-21,912828S50,0.125,2026-07-15,0.0,
2025-05-21,91282CDC2,0.125,2026-10-15,0.0,
2025-05-21,912828V49,0.375,2027-01-15,1000000.0,98.605
2025-05-21,912810PS1,2.375,2027-01-15,25000000.0,101.875
2025-05-21,91282CEJ6,0.125,2027-04-15,0.0,
2025-05-21,9128282L3,0.375,2027-07-15,0.0,
2025-05-21,91282CFR7,1.625,2027-10-15,0.0,
2025-05-21,9128283R9,0.5,2028-01-15,0.0,
2025-05-21,912810PV4,1.75,2028-01-15,0.0,
2025-05-21,91282CGW5,1.25,2028-04-15,0.0,
2025-05-21,912810FD5,3.625,2028-04-15,0.0,
2025-05-21,912828Y38,0.75,2028-07-15,0.0,
2025-05-21,91282CJH5,2.375,2028-10-15,0.0,
2025-05-21,9128285W6,0.875,2029-01-15,0.0,
2025-05-21,912810PZ5,2.5,2029-01-15,7000000.0,103.484
2025-05-21,91282CKL4,2.125,2029-04-15,105000000.0,102.009
2025-05-21,912810FH6,3.875,2029-04-15,10000000.0,108.672
2025-05-21,9128287D6,0.25,2029-07-15,0.0,
2025-05-21,91282CLV1,1.625,2029-10-15,105000000.0,100.285
2025-05-21,912828Z37,0.125,2030-01-15,0.0,
2025-05-21,912828ZZ6,0.125,2030-07-15,0.0,
2025-05-21,91282CBF7,0.125,2031-01-15,0.0,
2025-05-21,91282CCM1,0.125,2031-07-15,27000000.0,90.377
2025-05-21,91282CDX6,0.125,2032-01-15,20000000.0,88.773
2025-05-21,91282CEZ0,0.625,2032-07-15,200000000.0,91.363
2025-05-29,912810RN0,2.875,2045-08-15,0.0,
2025-05-29,912810RQ3,2.5,2046-02-15,0.0,
2025-05-29,912810RS9,2.5,2046-05-15,0.0,
2025-05-29,912810RT7,2.25,2046-08-15,0.0,
2025-05-29,912810RU4,2.875,2046-11-15,0.0,
2025-05-29,912810RV2,3.0,2047-02-15,1998000000.0,73.344
2025-05-29,912810RX8,3.0,2047-05-15,0.0,
2025-05-29,912810RY6,2.75,2047-08-15,0.0,
2025-05-29,912810RZ3,2.75,2047-11-15,0.0,
2025-05-29,912810SA7,3.0,2048-02-15,0.0,
2025-05-29,912810SC3,3.125,2048-05-15,0.0,
2025-05-29,912810SD1,3.0,2048-08-15,0.0,
2025-05-29,912810SE9,3.375,2048-11-15,0.0,
2025-05-29,912810SF6,3.0,2049-02-15,0.0,
2025-05-29,912810SH2,2.875,2049-05-15,1000000.0,70.047
2025-05-29,912810SJ8,2.25,2049-08-15,0.0,
2025-05-29,912810SK5,2.375,2049-11-15,0.0,
2025-05-29,912810SL3,2.0,2050-02-15,0.0,
2025-05-29,912810SN9,1.25,2050-05-15,0.0,
2025-05-29,912810SP4,1.375,2050-08-15,0.0,
2025-05-29,912810SS8,1.625,2050-11-15,0.0,
2025-05-29,912810SU3,1.875,2051-02-15,0.0,
2025-05-29,912810SX7,2.375,2051-05-15,1000000.0,61.832
2025-05-29,912810SZ2,2.0,2051-08-15,0.0,
2025-05-29,912810TB4,1.875,2051-11-15,0.0,
2025-05-29,912810TD0,2.25,2052-02-15,0.0,
2025-05-29,912810TG3,2.875,2052-05-15,0.0,
2025-05-29,912810TJ7,3.0,2052-08-15,0.0,
2025-05-29,912810TN8,3.625,2053-02-15,0.0,
2025-05-29,912810TR9,3.625,2053-05-15,0.0,
2025-05-29,912810TT5,4.125,2053-08-15,0.0,
2025-05-29,912810TX6,4.25,2054-02-15,0.0,
2025-05-29,912810UA4,4.625,2054-05-15,0.0,
2025-05-29,912810UC0,4.25,2054-08-15,0.0,
2025-05-29,912810UE6,4.5,2054-11-15,0.0,
2025-06-03,91282CJE2,5.0,2025-10-31,184000000.0,100.267
2025-06-03,91282CGR6,4.625,2026-03-15,1020000000.0,100.305
2025-06-03,9128286L9,2.25,2026-03-31,100000000.0,98.449
2025-06-03,91282CKH3,4.5,2026-03-31,759000000.0,100.232
2025-06-03,912828R36,1.625,2026-05-15,560000000.0,97.655
2025-06-03,91282CHB0,3.625,2026-05-15,70000000.0,99.496
2025-06-03,91282CCF6,0.75,2026-05-31,2110000000.0,96.7
2025-06-03,9128286X3,2.125,2026-05-31,100000000.0,98.031
2025-06-03,91282CKS9,4.875,2026-05-31,865000000.0,100.663
2025-06-03,91282CHM6,4.5,2026-07-15,0.0,
2025-06-03,91282CCP4,0.625,2026-07-31,659000000.0,96.069
2025-06-03,912828Y95,1.875,2026-07-31,400000000.0,97.48
2025-06-03,91282CLB5,4.375,2026-07-31,421000000.0,100.264
2025-06-03,9128282A7,1.5,2026-08-15,0.0,
2025-06-03,91282CHU8,4.375,2026-08-15,0.0,
2025-06-03,91282CCW9,0.75,2026-08-31,673000000.0,95.967
2025-06-03,912828YD6,1.375,2026-08-31,0.0,
2025-06-03,91282CLH2,3.75,2026-08-31,75000000.0,99.555
2025-06-03,91282CJC6,4.625,2026-10-15,0.0,
2025-06-03,91282CDG3,1.125,2026-10-31,0.0,
2025-06-03,912828YQ7,1.625,2026-10-31,0.0,
2025-06-03,91282CLS8,4.125,2026-10-31,0.0,
2025-06-03,912828U24,2.0,2026-11-15,62000000.0,97.105
2025-06-03,91282CJK8,4.625,2026-11-15,0.0,
2025-06-03,91282CDK4,1.25,2026-11-30,0.0,
2025-06-03,912828YU8,1.625,2026-11-30,0.0,
2025-06-03,91282CLY5,4.25,2026-11-30,0.0,
2025-06-03,91282CJT9,4.0,2027-01-15,800000000.0,99.938
2025-06-03,912828Z78,1.5,2027-01-31,0.0,
2025-06-03,912828V98,2.25,2027-02-15,0.0,
2025-06-03,91282CKA8,4.125,2027-02-15,256000000.0,100.16
2025-06-03,912828ZB9,1.125,2027-02-28,0.0,
2025-06-03,91282CEC1,1.875,2027-02-28,387000000.0,96.445
2025-06-03,91282CKE0,4.25,2027-03-15,36000000.0,100.422
2025-06-03,912828ZE3,0.625,2027-03-31,0.0,
2025-06-03,91282CEF4,2.5,2027-03-31,50000000.0,97.402
2025-06-03,912828X88,2.375,2027-05-15,0.0,
2025-06-03,91282CKR1,4.5,2027-05-15,238000000.0,100.957
2025-06-03,912828ZS2,0.5,2027-05-31,0.0,
2025-06-03,91282CET4,2.625,2027-05-31,175000000.0,97.445
2025-06-04,912810SR0,1.125,2040-05-15,0.0,
2025-06-04,912810SQ2,1.125,2040-08-15,0.0,
2025-06-04,912810ST6,1.375,2040-11-15,0.0,
2025-06-04,912810SW9,1.875,2041-02-15,0.0,
2025-06-04,912810SY5,2.25,2041-05-15,0.0,
2025-06-04,912810TA6,1.75,2041-08-15,2000000000.0,65.344
2025-06-04,912810TC2,2.0,2041-11-15,0.0,
2025-06-04,912810TF5,2.375,2042-02-15,0.0,
2025-06-04,912810TH1,3.25,2042-05-15,0.0,
2025-06-04,912810QX9,2.75,2042-08-15,0.0,
2025-06-04,912810TK4,3.375,2042-08-15,0.0,
2025-06-04,912810QY7,2.75,2042-11-15,0.0,
2025-06-04,912810TM0,4.0,2042-11-15,0.0,
2025-06-04,912810QZ4,3.125,2043-02-15,0.0,
2025-06-04,912810TQ1,3.875,2043-02-15,0.0,
2025-06-04,912810RB6,2.875,2043-05-15,0.0,
2025-06-04,912810TS7,3.875,2043-05-15,0.0,
2025-06-04,912810RC4,3.625,2043-08-15,0.0,
2025-06-04,912810TU2,4.375,2043-08-15,0.0,
2025-06-04,912810RD2,3.75,2043-11-15,0.0,
2025-06-04,912810TW8,4.75,2043-11-15,0.0,
2025-06-04,912810RE0,3.625,2044-02-15,0.0,
2025-06-04,912810TZ1,4.5,2044-02-15,0.0,
2025-06-04,912810RG5,3.375,2044-05-15,0.0,
2025-06-04,912810UB2,4.625,2044-05-15,0.0,
2025-06-04,912810RH3,3.125,2044-08-15,0.0,
2025-06-04,912810UD8,4.125,2044-08-15,0.0,
2025-06-04,912810RJ9,3.0,2044-11-15,0.0,
2025-06-04,912810UF3,4.625,2044-11-15,0.0,
2025-06-04,912810RK6,2.5,2045-02-15,0.0,
2025-06-04,912810RM2,3.0,2045-05-15,0.0,
2025-06-10,91282CGR6,4.625,2026-03-15,0.0,
2025-06-10,91282CBT7,0.75,2026-03-31,2587000000.0,97.3
2025-06-10,9128286L9,2.25,2026-03-31,70000000.0,98.473
2025-06-10,91282CKH3,4.5,2026-03-31,100000000.0,100.223
2025-06-10,912828R36,1.625,2026-05-15,144000000.0,97.695
2025-06-10,91282CHB0,3.625,2026-05-15,75000000.0,99.496
2025-06-10,91282CCF6,0.75,2026-05-31,2570000000.0,96.767
2025-06-10,9128286X3,2.125,2026-05-31,0.0,
2025-06-10,91282CKS9,4.875,2026-05-31,44000000.0,100.645
2025-06-10,91282CHM6,4.5,2026-07-15,0.0,
2025-06-10,91282CCP4,0.625,2026-07-31,880000000.0,96.128
2025-06-10,912828Y95,1.875,2026-07-31,130000000.0,97.5
2025-06-10,91282CLB5,4.375,2026-07-31,1360000000.0,100.248
2025-06-10,9128282A7,1.5,2026-08-15,0.0,
2025-06-10,91282CHU8,4.375,2026-08-15,0.0,
2025-06-10,91282CCW9,0.75,2026-08-31,359000000.0,96.007
2025-06-10,912828YD6,1.375,2026-08-31,348000000.0,96.749
2025-06-10,91282CLH2,3.75,2026-08-31,494000000.0,99.527
2025-06-10,91282CJC6,4.625,2026-10-15,0.0,
2025-06-10,91282CDG3,1.125,2026-10-31,0.0,
2025-06-10,912828YQ7,1.625,2026-10-31,0.0,
2025-06-10,91282CLS8,4.125,2026-10-31,0.0,
2025-06-10,912828U24,2.0,2026-11-15,123000000.0,97.113
2025-06-10,91282CJK8,4.625,2026-11-15,0.0,
2025-06-10,91282CDK4,1.25,2026-11-30,0.0,
2025-06-10,912828YU8,1.625,2026-11-30,0.0,
2025-06-10,91282CLY5,4.25,2026-11-30,355000000.0,100.227
2025-06-10,91282CJT9,4.0,2027-01-15,0.0,
2025-06-10,912828Z78,1.5,2027-01-31,0.0,
2025-06-10,912828V98,2.25,2027-02-15,0.0,
2025-06-10,91282CKA8,4.125,2027-02-15,0.0,
2025-06-10,912828ZB9,1.125,2027-02-28,0.0,
2025-06-10,91282CEC1,1.875,2027-02-28,203000000.0,96.43
2025-06-10,91282CKE0,4.25,2027-03-15,0.0,
2025-06-10,912828ZE3,0.625,2027-03-31,140000000.0,94.148
2025-06-10,91282CEF4,2.5,2027-03-31,0.0,
2025-06-10,912828X88,2.375,2027-05-15,0.0,
2025-06-10,91282CKR1,4.5,2027-05-15,18000000.0,100.875
2025-06-10,912828ZS2,0.5,2027-05-31,0.0,
2025-06-10,91282CET4,2.625,2027-05-31,0.0,
2025-06-12,912828ZV5,0.5,2027-06-30,0.0,
2025-06-12,91282CKZ3,4.375,2027-07-15,0.0,
2025-06-12,91282CAD3,0.375,2027-07-31,0.0,
2025-06-12,91282CFB2,2.75,2027-07-31,0.0,
2025-06-12,9128282R0,2.25,2027-08-15,80000000.0,96.59
2025-06-12,91282CLG4,3.75,2027-08-15,200000000.0,99.688
2025-06-12,91282CAH4,0.5,2027-08-31,50000000.0,92.852
2025-06-12,91282CFH9,3.125,2027-08-31,0.0,
2025-06-12,91282CLL3,3.375,2027-09-15,0.0,
2025-06-12,91282CAL5,0.375,2027-09-30,228000000.0,92.348
2025-06-12,91282CFM8,4.125,2027-09-30,0.0,
2025-06-12,91282CLQ2,3.875,2027-10-15,0.0,
2025-06-12,91282CAU5,0.5,2027-10-31,210000000.0,92.355
2025-06-12,91282CFU0,4.125,2027-10-31,0.0,
2025-06-12,9128283F5,2.25,2027-11-15,81000000.0,96.242
2025-06-12,91282CLX7,4.125,2027-11-15,50000000.0,100.531
2025-06-12,91282CAY7,0.625,2027-11-30,50000000.0,92.404
2025-06-12,91282CFZ9,3.875,2027-11-30,0.0,
2025-06-12,91282CBB6,0.625,2027-12-31,75000000.0,92.156
2025-06-12,91282CGC9,3.875,2027-12-31,0.0,
2025-06-12,91282CBJ9,0.75,2028-01-31,0.0,
2025-06-12,91282CGH8,3.5,2028-01-31,0.0,
2025-06-12,9128283W8,2.75,2028-02-15,120000000.0,97.128
2025-06-12,91282CBP5,1.125,2028-02-29,0.0,
2025-06-12,91282CGP0,4.0,2028-02-29,0.0,
2025-06-12,91282CBS9,1.25,2028-03-31,0.0,
2025-06-12,91282CGT2,3.625,2028-03-31,0.0,
2025-06-12,91282CBZ3,1.25,2028-04-30,300000000.0,92.882
2025-06-12,91282CHA2,3.5,2028-04-30,0.0,
2025-06-12,9128284N7,2.875,2028-05-15,0.0,
2025-06-12,91282CCE9,1.25,2028-05-31,0.0,
2025-06-12,91282CHE4,3.625,2028-05-31,102000000.0,99.273
2025-06-17,91282CFF3,2.75,2032-08-15,794000000.0,91.135
2025-06-17,91282CFV8,4.125,2032-11-15,0.0,
2025-06-17,91282CGM7,3.5,2033-02-15,100000000.0,95.266
2025-06-17,91282CHC8,3.375,2033-05-15,0.0,
2025-06-17,91282CHT1,3.875,2033-08-15,50000000.0,97.266
2025-06-17,91282CJJ1,4.5,2033-11-15,0.0,
2025-06-17,91282CJZ5,4.0,2034-02-15,0.0,
2025-06-17,91282CKQ3,4.375,2034-05-15,122000000.0,100.344
2025-06-17,91282CLF6,3.875,2034-08-15,0.0,
2025-06-17,91282CLW9,4.25,2034-11-15,0.0,
2025-06-25,91282CGK1,1.125,2033-01-15,0.0,
2025-06-25,91282CHP9,1.375,2033-07-15,0.0,
2025-06-25,91282CJY8,1.75,2034-01-15,0.0,
2025-06-25,91282CLE9,1.875,2034-07-15,0.0,
2025-06-25,912810QF8,2.125,2040-02-15,0.0,
2025-06-25,912810QP6,2.125,2041-02-15,3000000.0,97.246
2025-06-25,912810QV3,0.75,2042-02-15,10000000.0,77.18
2025-06-25,912810RA8,0.625,2043-02-15,0.0,
2025-06-25,912810RF7,1.375,2044-02-15,20000000.0,83.469
2025-06-25,912810RL4,0.75,2045-02-15,10000000.0,72.488
2025-06-25,912810RR1,1.0,2046-02-15,0.0,
2025-06-25,912810RW0,0.875,2047-02-15,0.0,
2025-06-25,912810SB5,1.0,2048-02-15,0.0,
2025-06-25,912810SG4,1.0,2049-02-15,97000000.0,71.947
2025-06-25,912810SM1,0.25,2050-02-15,10000000.0,57.496
2025-06-25,912810SV1,0.125,2051-02-15,20000000.0,53.957
2025-06-25,912810TE8,0.125,2052-02-15,0.0,
2025-06-25,912810TP3,1.5,2053-02-15,330000000.0,78.521
2025-06-25,912810TY4,2.125,2054-02-15,0.0,
2025-07-02,912810RN0,2.875,2045-08-15,0.0,
2025-07-02,912810RP5,3.0,2045-11-15,0.0,
2025-07-02,912810RQ3,2.5,2046-02-15,220000000.0,68.859
2025-07-02,912810RS9,2.5,2046-05-15,50000000.0,68.625
2025-07-02,912810RT7,2.25,2046-08-15,0.0,
2025-07-02,912810RU4,2.875,2046-11-15,250000000.0,73.172
2025-07-02,912810RV2,3.0,2047-02-15,125000000.0,74.633
2025-07-02,912810RX8,3.0,2047-05-15,1000000000.0,74.442
2025-07-02,912810RY6,2.75,2047-08-15,0.0,
2025-07-02,912810RZ3,2.75,2047-11-15,0.0,
2025-07-02,912810SA7,3.0,2048-02-15,0.0,
2025-07-02,912810SC3,3.125,2048-05-15,0.0,
2025-07-02,912810SD1,3.0,2048-08-15,0.0,
2025-07-02,912810SE9,3.375,2048-11-15,0.0,
2025-07-02,912810SF6,3.0,2049-02-15,25000000.0,73.219
2025-07-02,912810SH2,2.875,2049-05-15,0.0,
2025-07-02,912810SJ8,2.25,2049-08-15,0.0,
2025-07-02,912810SK5,2.375,2049-11-15,260000000.0,63.922
2025-07-02,912810SL3,2.0,2050-02-15,0.0,
2025-07-02,912810SN9,1.25,2050-05-15,0.0,
2025-07-02,912810SP4,1.375,2050-08-15,0.0,
2025-07-02,912810SS8,1.625,2050-11-15,25000000.0,52.32
2025-07-02,912810SU3,1.875,2051-02-15,35000000.0,55.785
2025-07-02,912810SX7,2.375,2051-05-15,10000000.0,62.961
2025-07-02,912810SZ2,2.0,2051-08-15,0.0,
2025-07-02,912810TB4,1.875,2051-11-15,0.0,
2025-07-02,912810TD0,2.25,2052-02-15,0.0,
2025-07-02,912810TG3,2.875,2052-05-15,0.0,
2025-07-02,912810TJ7,3.0,2052-08-15,0.0,
2025-07-02,912810TN8,3.625,2053-02-15,0.0,
2025-07-02,912810TR9,3.625,2053-05-15,0.0,
2025-07-02,912810TT5,4.125,2053-08-15,0.0,
2025-07-02,912810TX6,4.25,2054-02-15,0.0,
2025-07-02,912810UA4,4.625,2054-05-15,0.0,
2025-07-02,912810UC0,4.25,2054-08-15,0.0,
2025-07-02,912810UE6,4.5,2054-11-15,0.0,
2025-07-10,91282CHR5,4.0,2030-07-31,220000000.0,100.211
2025-07-10,91282CAE1,0.625,2030-08-15,93000000.0,84.754
2025-07-10,91282CHW4,4.125,2030-08-31,0.0,
2025-07-10,91282CHZ7,4.625,2030-09-30,15000000.0,103.07
2025-07-10,91282CJG7,4.875,2030-10-31,0.0,
2025-07-10,91282CAV3,0.875,2030-11-15,0.0,
2025-07-10,91282CJM4,4.375,2030-11-30,0.0,
2025-07-10,91282CJQ5,3.75,2030-12-31,250000000.0,98.828
2025-07-10,91282CJX0,4.0,2031-01-31,100000000.0,100.014
2025-07-10,91282CBL4,1.125,2031-02-15,0.0,
2025-07-10,91282CKC4,4.25,2031-02-28,0.0,
2025-07-10,91282CKF7,4.125,2031-03-31,0.0,
2025-07-10,91282CKN0,4.625,2031-04-30,0.0,
2025-07-10,91282CCB5,1.625,2031-05-15,0.0,
2025-07-10,91282CKU4,4.625,2031-05-31,57000000.0,103.086
2025-07-10,91282CKW0,4.25,2031-06-30,0.0,
2025-07-10,91282CLD1,4.125,2031-07-31,10000000.0,100.398
2025-07-10,91282CCS8,1.25,2031-08-15,100000000.0,84.939
2025-07-10,91282CLJ8,3.75,2031-08-31,0.0,
2025-07-10,91282CLM1,3.625,2031-09-30,0.0,
2025-07-10,91282CLU3,4.125,2031-10-31,47000000.0,100.266
2025-07-10,91282CDJ7,1.375,2031-11-15,18000000.0,84.938
2025-07-10,91282CLZ2,4.125,2031-11-30,0.0,
2025-07-10,91282CMC2,4.5,2031-12-31,0.0,
2025-07-10,91282CDY4,1.875,2032-02-15,0.0,
2025-07-10,91282CEP2,2.875,2032-05-15,340000000.0,92.567
2025-07-16,91282CDC2,0.125,2026-10-15,0.0,
2025-07-16,912828V49,0.375,2027-01-15,25000000.0,98.906
2025-07-16,912810PS1,2.375,2027-01-15,0.0,
2025-07-16,91282CEJ6,0.125,2027-04-15,0.0,
2025-07-16,9128282L3,0.375,2027-07-15,0.0,
2025-07-16,91282CFR7,1.625,2027-10-15,0.0,
2025-07-16,9128283R9,0.5,2028-01-15,100000000.0,98.352
2025-07-16,912810PV4,1.75,2028-01-15,0.0,
2025-07-16,91282CGW5,1.25,2028-04-15,0.0,
2025-07-16,912810FD5,3.625,2028-04-15,0.0,
2025-07-16,912828Y38,0.75,2028-07-15,0.0,
2025-07-16,91282CJH5,2.375,2028-10-15,0.0,
2025-07-16,9128285W6,0.875,2029-01-15,0.0,
2025-07-16,912810PZ5,2.5,2029-01-15,0.0,
2025-07-16,91282CKL4,2.125,2029-04-15,25000000.0,102.844
2025-07-16,912810FH6,3.875,2029-04-15,0.0,
2025-07-16,9128287D6,0.25,2029-07-15,0.0,
2025-07-16,91282CLV1,1.625,2029-10-15,75000000.0,101.365
2025-07-16,912828Z37,0.125,2030-01-15,0.0,
2025-07-16,912828ZZ6,0.125,2030-07-15,0.0,
2025-07-16,91282CBF7,0.125,2031-01-15,0.0,
2025-07-16,91282CCM1,0.125,2031-07-15,50000000.0,92.0
2025-07-16,91282CDX6,0.125,2032-01-15,225000000.0,90.514
2025-07-16,91282CEZ0,0.625,2032-07-15,0.0,
2025-07-16,91282CGK1,1.125,2033-01-15,0.0,
2025-07-23,91282CCR0,1.0,2028-07-31,0.0,
2025-07-23,91282CHQ7,4.125,2028-07-31,0.0,
2025-07-23,9128284V9,2.875,2028-08-15,59000000.0,97.253
2025-07-23,91282CCV1,1.125,2028-08-31,93000000.0,92.152
2025-07-23,91282CHX2,4.375,2028-08-31,60000000.0,101.57
2025-07-23,91282CCY5,1.25,2028-09-30,0.0,
2025-07-23,91282CJA0,4.625,2028-09-30,0.0,
2025-07-23,91282CDF5,1.375,2028-10-31,0.0,
2025-07-23,91282CJF9,4.875,2028-10-31,0.0,
2025-07-23,9128285M8,3.125,2028-11-15,17000000.0,97.785
2025-07-23,91282CDL2,1.5,2028-11-30,229000000.0,92.699
2025-07-23,91282CJN2,4.375,2028-11-30,41000000.0,101.664
2025-07-23,91282CDP3,1.375,2028-12-31,0.0,
2025-07-23,91282CJR3,3.75,2028-12-31,0.0,
2025-07-23,91282CDW8,1.75,2029-01-31,0.0,
2025-07-23,91282CJW2,4.0,2029-01-31,200000000.0,100.484
2025-07-23,9128286B1,2.625,2029-02-15,0.0,
2025-07-23,91282CEB3,1.875,2029-02-28,1000000000.0,93.417
2025-07-23,91282CKD2,4.25,2029-02-28,52000000.0,101.328
2025-07-23,91282CEE7,2.375,2029-03-31,0.0,
2025-07-23,91282CKG5,4.125,2029-03-31,0.0,
2025-07-23,91282CEM9,2.875,2029-04-30,295000000.0,96.575
2025-07-23,91282CKP5,4.625,2029-04-30,0.0,
2025-07-23,9128286T2,2.375,2029-05-15,190000000.0,94.781
2025-07-23,91282CES6,2.75,2029-05-31,600000000.0,96.037
2025-07-23,91282CKT7,4.5,2029-05-31,0.0,
2025-07-23,91282CEV9,3.25,2029-06-30,0.0,
2025-07-23,91282CKX8,4.25,2029-06-30,0.0,
2025-07-23,91282CFC0,2.625,2029-07-31,129000000.0,95.381
2025-07-23,91282CLC3,4.0,2029-07-31,0.0,
2025-07-23,912828YB0,1.625,2029-08-15,0.0,
2025-07-23,91282CFJ5,3.125,2029-08-31,360000000.0,97.155
2025-07-23,91282CLK5,3.625,2029-08-31,0.0,
2025-07-23,91282CLN9,3.5,2029-09-30,0.0,
2025-07-23,91282CFL0,3.875,2029-09-30,0.0,
2025-07-23,91282CFT3,4.0,2029-10-31,0.0,
2025-07-23,91282CLR0,4.125,2029-10-31,0.0,
2025-07-23,912828YS3,1.75,2029-11-15,0.0,
2025-07-23,91282CFY2,3.875,2029-11-30,0.0,
2025-07-23,91282CGB1,3.875,2029-12-31,0.0,
2025-07-23,91282CMD0,4.375,2029-12-31,0.0,
2025-07-23,91282CGJ4,3.5,2030-01-31,0.0,
2025-07-23,912828Z94,1.5,2030-02-15,0.0,
2025-07-23,91282CGQ8,4.0,2030-02-28,0.0,
2025-07-23,91282CGS4,3.625,2030-03-31,0.0,
2025-07-23,91282CGZ8,3.5,2030-04-30,0.0,
2025-07-23,912828ZQ6,0.625,2030-05-15,0.0,
2025-07-23,91282CHF1,3.75,2030-05-31,675000000.0,99.19
2025-07-23,91282CHJ3,3.75,2030-06-30,0.0,
2025-07-31,912810SR0,1.125,2040-05-15,0.0,
2025-07-31,912810SQ2,1.125,2040-08-15,0.0,
2025-07-31,912810ST6,1.375,2040-11-15,0.0,
2025-07-31,912810SW9,1.875,2041-02-15,0.0,
2025-07-31,912810SY5,2.25,2041-05-15,100000000.0,72.152
2025-07-31,912810TA6,1.75,2041-08-15,0.0,
2025-07-31,912810TC2,2.0,2041-11-15,0.0,
2025-07-31,912810TF5,2.375,2042-02-15,0.0,
2025-07-31,912810TH1,3.25,2042-05-15,1900000000.0,82.016
2025-07-31,912810QX9,2.75,2042-08-15,0.0,
2025-07-31,912810TK4,3.375,2042-08-15,0.0,
2025-07-31,912810QY7,2.75,2042-11-15,0.0,
2025-07-31,912810TM0,4.0,2042-11-15,0.0,
2025-07-31,912810QZ4,3.125,2043-02-15,0.0,
2025-07-31,912810TQ1,3.875,2043-02-15,0.0,
2025-07-31,912810RB6,2.875,2043-05-15,0.0,
2025-07-31,912810TS7,3.875,2043-05-15,0.0,
2025-07-31,912810RC4,3.625,2043-08-15,0.0,
2025-07-31,912810TU2,4.375,2043-08-15,0.0,
2025-07-31,912810RD2,3.75,2043-11-15,0.0,
2025-07-31,912810RE0,3.625,2044-02-15,0.0,
2025-07-31,912810TZ1,4.5,2044-02-15,0.0,
2025-07-31,912810RG5,3.375,2044-05-15,0.0,
2025-07-31,912810UB2,4.625,2044-05-15,0.0,
2025-07-31,912810RH3,3.125,2044-08-15,0.0,
2025-07-31,912810UD8,4.125,2044-08-15,0.0,
2025-07-31,912810RJ9,3.0,2044-11-15,0.0,
2025-07-31,912810RK6,2.5,2045-02-15,0.0,
2025-07-31,912810RM2,3.0,2045-05-15,0.0,
2025-08-06,91282CHP9,1.375,2033-07-15,0.0,
2025-08-06,91282CJY8,1.75,2034-01-15,0.0,
2025-08-06,91282CLE9,1.875,2034-07-15,0.0,
2025-08-06,91282CML2,2.125,2035-01-15,0.0,
2025-08-06,912810QF8,2.125,2040-02-15,0.0,
2025-08-06,912810QP6,2.125,2041-02-15,0.0,
2025-08-06,912810QV3,0.75,2042-02-15,0.0,
2025-08-06,912810RA8,0.625,2043-02-15,0.0,
2025-08-06,912810RF7,1.375,2044-02-15,0.0,
2025-08-06,912810RL4,0.75,2045-02-15,0.0,
2025-08-06,912810RR1,1.0,2046-02-15,40000000.0,75.727
2025-08-06,912810RW0,0.875,2047-02-15,0.0,
2025-08-06,912810SB5,1.0,2048-02-15,53000000.0,73.398
2025-08-06,912810SG4,1.0,2049-02-15,20000000.0,72.35
2025-08-06,912810SM1,0.25,2050-02-15,55000000.0,57.823
2025-08-06,912810SV1,0.125,2051-02-15,115000000.0,54.289
2025-08-06,912810TE8,0.125,2052-02-15,0.0,
2025-08-06,912810TP3,1.5,2053-02-15,217000000.0,78.761
2025-08-06,912810TY4,2.125,2054-02-15,0.0,
2025-08-13,91282CDC2,0.125,2026-10-15,0.0,
2025-08-13,912828V49,0.375,2027-01-15,0.0,
2025-08-13,912810PS1,2.375,2027-01-15,0.0,
2025-08-13,91282CEJ6,0.125,2027-04-15,0.0,
2025-08-13,9128282L3,0.375,2027-07-15,0.0,
2025-08-13,91282CFR7,1.625,2027-10-15,0.0,
2025-08-13,9128283R9,0.5,2028-01-15,0.0,
2025-08-13,912810PV4,1.75,2028-01-15,0.0,
2025-08-13,91282CGW5,1.25,2028-04-15,0.0,
2025-08-13,912810FD5,3.625,2028-04-15,0.0,
2025-08-13,912828Y38,0.75,2028-07-15,0.0,
2025-08-13,91282CJH5,2.375,2028-10-15,10000000.0,104.211
2025-08-13,9128285W6,0.875,2029-01-15,0.0,
2025-08-13,912810PZ5,2.5,2029-01-15,0.0,
2025-08-13,91282CKL4,2.125,2029-04-15,75000000.0,103.264
2025-08-13,912810FH6,3.875,2029-04-15,0.0,
2025-08-13,9128287D6,0.25,2029-07-15,0.0,
2025-08-13,91282CLV1,1.625,2029-10-15,25000000.0,101.949
2025-08-13,912828Z37,0.125,2030-01-15,0.0,
2025-08-13,912828ZZ6,0.125,2030-07-15,0.0,
2025-08-13,91282CBF7,0.125,2031-01-15,0.0,
2025-08-13,91282CCM1,0.125,2031-07-15,100000000.0,93.063
2025-08-13,91282CDX6,0.125,2032-01-15,493000000.0,91.668
2025-08-13,91282CEZ0,0.625,2032-07-15,0.0,
2025-08-13,91282CGK1,1.125,2033-01-15,20000000.0,96.479
2025-08-13,91282CHP9,1.375,2033-07-15,25000000.0,97.992
2025-08-13,91282CJY8,1.75,2034-01-15,0.0,
2025-08-13,91282CLE9,1.875,2034-07-15,0.0,
2025-08-13,91282CML2,2.125,2035-01-15,2000000.0,102.391
2025-08-19,91282CJS1,4.25,2025-12-31,1732000000.0,100.027
2025-08-19,91282CJV4,4.25,2026-01-31,0.0,
2025-08-19,9128286S4,2.375,2026-04-30,25000000.0,98.887
2025-08-19,91282CKK6,4.875,2026-04-30,0.0,
2025-08-19,91282CCF6,0.75,2026-05-31,0.0,
2025-08-19,9128286X3,2.125,2026-05-31,250000000.0,98.574
2025-08-19,91282CKS9,4.875,2026-05-31,0.0,
2025-08-19,91282CHH7,4.125,2026-06-15,0.0,
2025-08-19,91282CCJ8,0.875,2026-06-30,0.0,
2025-08-19,9128287B0,1.875,2026-06-30,0.0,
2025-08-19,91282CKY6,4.625,2026-06-30,10000000.0,100.539
2025-08-19,91282CHM6,4.5,2026-07-15,100000000.0,100.48
2025-08-19,91282CCP4,0.625,2026-07-31,0.0,
2025-08-19,912828Y95,1.875,2026-07-31,120000000.0,98.094
2025-08-19,91282CLB5,4.375,2026-07-31,0.0,
2025-08-19,9128282A7,1.5,2026-08-15,0.0,
2025-08-19,91282CHU8,4.375,2026-08-15,0.0,
2025-08-19,91282CCW9,0.75,2026-08-31,235000000.0,96.82
2025-08-19,912828YD6,1.375,2026-08-31,125000000.0,97.438
2025-08-19,91282CLH2,3.75,2026-08-31,0.0,
2025-08-19,91282CHY0,4.625,2026-09-15,918000000.0,100.73
2025-08-19,91282CCZ2,0.875,2026-09-30,100000000.0,96.723
2025-08-19,912828YG9,1.625,2026-09-30,0.0,
2025-08-19,91282CLP4,3.5,2026-09-30,0.0,
2025-08-19,91282CJC6,4.625,2026-10-15,0.0,
2025-08-19,91282CDG3,1.125,2026-10-31,0.0,
2025-08-19,912828YQ7,1.625,2026-10-31,0.0,
2025-08-19,91282CLS8,4.125,2026-10-31,0.0,
2025-08-19,912828U24,2.0,2026-11-15,0.0,
2025-08-19,91282CJK8,4.625,2026-11-15,0.0,
2025-08-19,91282CDK4,1.25,2026-11-30,0.0,
2025-08-19,912828YU8,1.625,2026-11-30,0.0,
2025-08-19,91282CLY5,4.25,2026-11-30,185000000.0,100.459
2025-08-19,91282CJP7,4.375,2026-12-15,0.0,
2025-08-19,91282CDQ1,1.25,2026-12-31,0.0,
2025-08-19,912828YX2,1.75,2026-12-31,0.0,
2025-08-19,91282CME8,4.25,2026-12-31,0.0,
2025-08-19,91282CJT9,4.0,2027-01-15,0.0,
2025-08-19,912828Z78,1.5,2027-01-31,0.0,
2025-08-19,91282CMH1,4.125,2027-01-31,0.0,
2025-08-19,912828V98,2.25,2027-02-15,0.0,
2025-08-19,91282CKA8,4.125,2027-02-15,0.0,
2025-08-19,912828ZB9,1.125,2027-02-28,0.0,
2025-08-19,91282CEC1,1.875,2027-02-28,200000000.0,97.152
2025-08-19,91282CKE0,4.25,2027-03-15,0.0,
2025-08-19,912828ZE3,0.625,2027-03-31,0.0,
2025-08-19,91282CEF4,2.5,2027-03-31,0.0,
2025-08-19,91282CKJ9,4.5,2027-04-15,0.0,
2025-08-19,912828ZN3,0.5,2027-04-30,0.0,
2025-08-19,91282CEN7,2.75,2027-04-30,0.0,
2025-08-19,912828X88,2.375,2027-05-15,0.0,
2025-08-19,91282CKR1,4.5,2027-05-15,0.0,
2025-08-19,912828ZS2,0.5,2027-05-31,0.0,
2025-08-19,91282CET4,2.625,2027-05-31,0.0,
2025-08-19,912828ZV5,0.5,2027-06-30,0.0,
2025-08-19,91282CKZ3,4.375,2027-07-15,0.0,
2025-08-19,91282CAD3,0.375,2027-07-31,0.0,
2025-08-19,91282CFB2,2.75,2027-07-31,0.0,
2025-08-19,9128282R0,2.25,2027-08-15,0.0,
2025-08-19,91282CLG4,3.75,2027-08-15,0.0,
2025-08-21,912810RP5,3.0,2045-11-15,0.0,
2025-08-21,912810RQ3,2.5,2046-02-15,0.0,
2025-08-21,912810RS9,2.5,2046-05-15,0.0,
2025-08-21,912810RT7,2.25,2046-08-15,0.0,
2025-08-21,912810RU4,2.875,2046-11-15,0.0,
2025-08-21,912810RV2,3.0,2047-02-15,1900000000.0,73.969
2025-08-21,912810RX8,3.0,2047-05-15,50000000.0,73.797
2025-08-21,912810RY6,2.75,2047-08-15,0.0,
2025-08-21,912810RZ3,2.75,2047-11-15,0.0,
2025-08-21,912810SA7,3.0,2048-02-15,0.0,
2025-08-21,912810SC3,3.125,2048-05-15,0.0,
2025-08-21,912810SD1,3.0,2048-08-15,0.0,
2025-08-21,912810SE9,3.375,2048-11-15,0.0,
2025-08-21,912810SF6,3.0,2049-02-15,0.0,
2025-08-21,912810SH2,2.875,2049-05-15,0.0,
2025-08-21,912810SJ8,2.25,2049-08-15,0.0,
2025-08-21,912810SK5,2.375,2049-11-15,0.0,
2025-08-21,912810SL3,2.0,2050-02-15,0.0,
2025-08-21,912810SN9,1.25,2050-05-15,0.0,
2025-08-21,912810SP4,1.375,2050-08-15,0.0,
2025-08-21,912810SS8,1.625,2050-11-15,0.0,
2025-08-21,912810SU3,1.875,2051-02-15,50000000.0,55.039
2025-08-21,912810SX7,2.375,2051-05-15,0.0,
2025-08-21,912810SZ2,2.0,2051-08-15,0.0,
2025-08-21,912810TB4,1.875,2051-11-15,0.0,
2025-08-21,912810TD0,2.25,2052-02-15,0.0,
2025-08-21,912810TG3,2.875,2052-05-15,0.0,
2025-08-21,912810TJ7,3.0,2052-08-15,0.0,
2025-08-21,912810TN8,3.625,2053-02-15,0.0,
2025-08-21,912810TR9,3.625,2053-05-15,0.0,
2025-08-21,912810TT5,4.125,2053-08-15,0.0,
2025-08-21,912810TX6,4.25,2054-02-15,0.0,
2025-08-21,912810UA4,4.625,2054-05-15,0.0,
2025-08-21,912810UC0,4.25,2054-08-15,0.0,
2025-08-21,912810UE6,4.5,2054-11-15,0.0,
2025-08-21,912810UG1,4.625,2055-02-15,0.0,
2025-08-26,91282CHW4,4.125,2030-08-31,0.0,
2025-08-26,91282CHZ7,4.625,2030-09-30,0.0,
2025-08-26,91282CJG7,4.875,2030-10-31,275000000.0,105.133
2025-08-26,91282CAV3,0.875,2030-11-15,0.0,
2025-08-26,91282CJM4,4.375,2030-11-30,0.0,
2025-08-26,91282CJQ5,3.75,2030-12-31,0.0,
2025-08-26,91282CJX0,4.0,2031-01-31,301000000.0,100.974
2025-08-26,91282CBL4,1.125,2031-02-15,0.0,
2025-08-26,91282CKC4,4.25,2031-02-28,655000000.0,102.201
2025-08-26,91282CKF7,4.125,2031-03-31,0.0,
2025-08-26,91282CKN0,4.625,2031-04-30,0.0,
2025-08-26,91282CCB5,1.625,2031-05-15,93000000.0,88.754
2025-08-26,91282CKU4,4.625,2031-05-31,0.0,
2025-08-26,91282CKW0,4.25,2031-06-30,0.0,
2025-08-26,91282CLD1,4.125,2031-07-31,0.0,
2025-08-26,91282CCS8,1.25,2031-08-15,0.0,
2025-08-26,91282CLJ8,3.75,2031-08-31,0.0,
2025-08-26,91282CLM1,3.625,2031-09-30,0.0,
2025-08-26,91282CLU3,4.125,2031-10-31,0.0,
2025-08-26,91282CDJ7,1.375,2031-11-15,0.0,
2025-08-26,91282CLZ2,4.125,2031-11-30,0.0,
2025-08-26,91282CMC2,4.5,2031-12-31,75000000.0,103.297
2025-08-26,91282CMK4,4.375,2032-01-31,0.0,
2025-08-26,91282CDY4,1.875,2032-02-15,0.0,
2025-08-26,91282CEP2,2.875,2032-05-15,0.0,
2025-08-26,91282CFF3,2.75,2032-08-15,0.0,
2025-09-03,912810SR0,1.125,2040-05-15,0.0,
2025-09-03,912810SQ2,1.125,2040-08-15,0.0,
2025-09-03,912810ST6,1.375,2040-11-15,0.0,
2025-09-03,912810SW9,1.875,2041-02-15,999000000.0,68.793
2025-09-03,912810SY5,2.25,2041-05-15,1001000000.0,72.516
2025-09-03,912810TA6,1.75,2041-08-15,0.0,
2025-09-03,912810TC2,2.0,2041-11-15,0.0,
2025-09-03,912810TF5,2.375,2042-02-15,0.0,
2025-09-03,912810TH1,3.25,2042-05-15,0.0,
2025-09-03,912810QX9,2.75,2042-08-15,0.0,
2025-09-03,912810TK4,3.375,2042-08-15,0.0,
2025-09-03,912810QY7,2.75,2042-11-15,0.0,
2025-09-03,912810TM0,4.0,2042-11-15,0.0,
2025-09-03,912810QZ4,3.125,2043-02-15,0.0,
2025-09-03,912810TQ1,3.875,2043-02-15,0.0,
2025-09-03,912810RB6,2.875,2043-05-15,0.0,
2025-09-03,912810TS7,3.875,2043-05-15,0.0,
2025-09-03,912810RC4,3.625,2043-08-15,0.0,
2025-09-03,912810RD2,3.75,2043-11-15,0.0,
2025-09-03,912810RE0,3.625,2044-02-15,0.0,
2025-09-03,912810TZ1,4.5,2044-02-15,0.0,
2025-09-03,912810RG5,3.375,2044-05-15,0.0,
2025-09-03,912810UB2,4.625,2044-05-15,0.0,
2025-09-03,912810RH3,3.125,2044-08-15,0.0,
2025-09-03,912810UD8,4.125,2044-08-15,0.0,
2025-09-03,912810RJ9,3.0,2044-11-15,0.0,
2025-09-03,912810UF3,4.625,2044-11-15,0.0,
2025-09-03,912810RK6,2.5,2045-02-15,0.0,
2025-09-03,912810UJ5,4.75,2045-02-15,0.0,
2025-09-03,912810RM2,3.0,2045-05-15,0.0,
2025-09-03,912810RN0,2.875,2045-08-15,0.0,
2025-09-10,912810RP5,3.0,2045-11-15,285000000.0,78.031
2025-09-10,912810RQ3,2.5,2046-02-15,0.0,
2025-09-10,912810RS9,2.5,2046-05-15,0.0,
2025-09-10,912810RT7,2.25,2046-08-15,0.0,
2025-09-10,912810RU4,2.875,2046-11-15,1627000000.0,75.484
2025-09-10,912810RV2,3.0,2047-02-15,1000000.0,76.973
2025-09-10,912810RX8,3.0,2047-05-15,1000000.0,76.793
2025-09-10,912810RY6,2.75,2047-08-15,0.0,
2025-09-10,912810RZ3,2.75,2047-11-15,0.0,
2025-09-10,912810SA7,3.0,2048-02-15,0.0,
2025-09-10,912810SC3,3.125,2048-05-15,0.0,
2025-09-10,912810SD1,3.0,2048-08-15,0.0,
2025-09-10,912810SE9,3.375,2048-11-15,0.0,
2025-09-10,912810SF6,3.0,2049-02-15,0.0,
2025-09-10,912810SH2,2.875,2049-05-15,0.0,
2025-09-10,912810SJ8,2.25,2049-08-15,0.0,
2025-09-10,912810SK5,2.375,2049-11-15,0.0,
2025-09-10,912810SL3,2.0,2050-02-15,25000000.0,60.328
2025-09-10,912810SN9,1.25,2050-05-15,0.0,
2025-09-10,912810SP4,1.375,2050-08-15,0.0,
2025-09-10,912810SS8,1.625,2050-11-15,0.0,
2025-09-10,912810SU3,1.875,2051-02-15,0.0,
2025-09-10,912810SX7,2.375,2051-05-15,61000000.0,64.916
2025-09-10,912810SZ2,2.0,2051-08-15,0.0,
2025-09-10,912810TB4,1.875,2051-11-15,0.0,
2025-09-10,912810TD0,2.25,2052-02-15,0.0,
2025-09-10,912810TG3,2.875,2052-05-15,0.0,
2025-09-10,912810TJ7,3.0,2052-08-15,0.0,
2025-09-10,912810TN8,3.625,2053-02-15,0.0,
2025-09-10,912810TR9,3.625,2053-05-15,0.0,
2025-09-10,912810TT5,4.125,2053-08-15,0.0,
2025-09-10,912810TX6,4.25,2054-02-15,0.0,
2025-09-10,912810UA4,4.625,2054-05-15,0.0,
2025-09-10,912810UC0,4.25,2054-08-15,0.0,
2025-09-10,912810UE6,4.5,2054-11-15,0.0,
2025-09-10,912810UG1,4.625,2055-02-15,0.0,
2025-09-18,912810SR0,1.125,2040-05-15,0.0,
2025-09-18,912810SQ2,1.125,2040-08-15,0.0,
2025-09-18,912810ST6,1.375,2040-11-15,0.0,
2025-09-18,912810SW9,1.875,2041-02-15,2000000000.0,70.406
2025-09-18,912810SY5,2.25,2041-05-15,0.0,
2025-09-18,912810TA6,1.75,2041-08-15,0.0,
2025-09-18,912810TC2,2.0,2041-11-15,0.0,
2025-09-18,912810TF5,2.375,2042-02-15,0.0,
2025-09-18,912810TH1,3.25,2042-05-15,0.0,
2025-09-18,912810QX9,2.75,2042-08-15,0.0,
2025-09-18,912810TK4,3.375,2042-08-15,0.0,
2025-09-18,912810QY7,2.75,2042-11-15,0.0,
2025-09-18,912810TM0,4.0,2042-11-15,0.0,
2025-09-18,912810QZ4,3.125,2043-02-15,0.0,
2025-09-18,912810TQ1,3.875,2043-02-15,0.0,
2025-09-18,912810RB6,2.875,2043-05-15,0.0,
2025-09-18,912810TS7,3.875,2043-05-15,0.0,
2025-09-18,912810RC4,3.625,2043-08-15,0.0,
2025-09-18,912810TU2,4.375,2043-08-15,0.0,
2025-09-18,912810RD2,3.75,2043-11-15,0.0,
2025-09-18,912810TW8,4.75,2043-11-15,0.0,
2025-09-18,912810RE0,3.625,2044-02-15,0.0,
2025-09-18,912810TZ1,4.5,2044-02-15,0.0,
2025-09-18,912810RG5,3.375,2044-05-15,0.0,
2025-09-18,912810RH3,3.125,2044-08-15,0.0,
2025-09-18,912810UD8,4.125,2044-08-15,0.0,
2025-09-18,912810RJ9,3.0,2044-11-15,0.0,
2025-09-18,912810UF3,4.625,2044-11-15,0.0,
2025-09-18,912810RK6,2.5,2045-02-15,0.0,
2025-09-18,912810UJ5,4.75,2045-02-15,0.0,
2025-09-18,912810RM2,3.0,2045-05-15,0.0,
2025-09-18,912810RN0,2.875,2045-08-15,0.0,
2025-09-24,91282CDC2,0.125,2026-10-15,0.0,
2025-09-24,912828V49,0.375,2027-01-15,100000000.0,99.281
2025-09-24,912810PS1,2.375,2027-01-15,0.0,
2025-09-24,91282CEJ6,0.125,2027-04-15,0.0,
2025-09-24,9128282L3,0.375,2027-07-15,50000000.0,99.375
2025-09-24,91282CFR7,1.625,2027-10-15,0.0,
2025-09-24,9128283R9,0.5,2028-01-15,0.0,
2025-09-24,912810PV4,1.75,2028-01-15,0.0,
2025-09-24,91282CGW5,1.25,2028-04-15,0.0,
2025-09-24,912810FD5,3.625,2028-04-15,0.0,
2025-09-24,912828Y38,0.75,2028-07-15,0.0,
2025-09-24,91282CJH5,2.375,2028-10-15,0.0,
2025-09-24,9128285W6,0.875,2029-01-15,0.0,
2025-09-24,912810PZ5,2.5,2029-01-15,0.0,
2025-09-24,91282CKL4,2.125,2029-04-15,400000000.0,103.461
2025-09-24,912810FH6,3.875,2029-04-15,0.0,
2025-09-24,9128287D6,0.25,2029-07-15,0.0,
2025-09-24,91282CLV1,1.625,2029-10-15,0.0,
2025-09-24,912828Z37,0.125,2030-01-15,0.0,
2025-09-24,912828ZZ6,0.125,2030-07-15,0.0,
2025-09-24,91282CBF7,0.125,2031-01-15,0.0,
2025-09-24,91282CCM1,0.125,2031-07-15,0.0,
2025-09-24,91282CDX6,0.125,2032-01-15,0.0,
2025-09-24,91282CEZ0,0.625,2032-07-15,200000000.0,94.897
2025-09-24,91282CGK1,1.125,2033-01-15,0.0,
2025-09-24,91282CHP9,1.375,2033-07-15,0.0,
2025-09-24,91282CJY8,1.75,2034-01-15,0.0,
2025-09-24,91282CLE9,1.875,2034-07-15,0.0,
2025-09-24,91282CML2,2.125,2035-01-15,0.0,
2025-10-01,91282CDF5,1.375,2028-10-31,250000000.0,93.638
2025-10-01,91282CJF9,4.875,2028-10-31,140000000.0,103.758
2025-10-01,9128285M8,3.125,2028-11-15,0.0,
2025-10-01,91282CDL2,1.5,2028-11-30,413000000.0,93.827
2025-10-01,91282CJN2,4.375,2028-11-30,0.0,
2025-10-01,91282CDP3,1.375,2028-12-31,0.0,
2025-10-01,91282CJR3,3.75,2028-12-31,0.0,
2025-10-01,91282CDW8,1.75,2029-01-31,0.0,
2025-10-01,91282CJW2,4.0,2029-01-31,0.0,
2025-10-01,9128286B1,2.625,2029-02-15,0.0,
2025-10-01,91282CEB3,1.875,2029-02-28,0.0,
2025-10-01,91282CKD2,4.25,2029-02-28,0.0,
2025-10-01,91282CEE7,2.375,2029-03-31,0.0,
2025-10-01,91282CKG5,4.125,2029-03-31,0.0,
2025-10-01,91282CEM9,2.875,2029-04-30,0.0,
2025-10-01,91282CKP5,4.625,2029-04-30,0.0,
2025-10-01,9128286T2,2.375,2029-05-15,0.0,
2025-10-01,91282CES6,2.75,2029-05-31,129000000.0,97.066
2025-10-01,91282CKT7,4.5,2029-05-31,0.0,
2025-10-01,91282CEV9,3.25,2029-06-30,0.0,
2025-10-01,91282CKX8,4.25,2029-06-30,247000000.0,102.203
2025-10-01,91282CFC0,2.625,2029-07-31,60000000.0,96.457
2025-10-01,91282CLC3,4.0,2029-07-31,100000000.0,101.336
2025-10-01,912828YB0,1.625,2029-08-15,0.0,
2025-10-01,91282CFJ5,3.125,2029-08-31,100000000.0,98.172
2025-10-01,91282CLK5,3.625,2029-08-31,0.0,
2025-10-01,91282CLN9,3.5,2029-09-30,120000000.0,99.517
2025-10-01,91282CFL0,3.875,2029-09-30,78000000.0,100.898
2025-10-01,91282CFT3,4.0,2029-10-31,0.0,
2025-10-01,91282CLR0,4.125,2029-10-31,50000000.0,101.828
2025-10-01,912828YS3,1.75,2029-11-15,0.0,
2025-10-01,91282CFY2,3.875,2029-11-30,0.0,
2025-10-01,91282CMA6,4.125,2029-11-30,0.0,
2025-10-01,91282CGB1,3.875,2029-12-31,0.0,
2025-10-01,91282CMD0,4.375,2029-12-31,0.0,
2025-10-01,91282CGJ4,3.5,2030-01-31,819000000.0,99.383
2025-10-01,91282CMG3,4.25,2030-01-31,0.0,
2025-10-01,912828Z94,1.5,2030-02-15,0.0,
2025-10-01,91282CGS4,3.625,2030-03-31,153000000.0,99.836
2025-10-01,91282CMU2,4.0,2030-03-31,44000000.0,101.383
2025-10-01,91282CGZ8,3.5,2030-04-30,0.0,
2025-10-01,912828ZQ6,0.625,2030-05-15,0.0,
2025-10-01,91282CHF1,3.75,2030-05-31,0.0,
2025-10-01,91282CHJ3,3.75,2030-06-30,165000000.0,100.298
2025-10-01,91282CHR5,4.0,2030-07-31,30000000.0,101.359
2025-10-01,91282CAE1,0.625,2030-08-15,0.0,
2025-10-01,91282CHW4,4.125,2030-08-31,0.0,
2025-10-01,91282CHZ7,4.625,2030-09-30,0.0,
2025-10-02,912810RQ3,2.5,2046-02-15,0.0,
2025-10-02,912810RS9,2.5,2046-05-15,0.0,
2025-10-02,912810RT7,2.25,2046-08-15,0.0,
2025-10-02,912810RV2,3.0,2047-02-15,1000000.0,76.816
2025-10-02,912810RX8,3.0,2047-05-15,1899000000.0,76.609
2025-10-02,912810RY6,2.75,2047-08-15,0.0,
2025-10-02,912810RZ3,2.75,2047-11-15,0.0,
2025-10-02,912810SA7,3.0,2048-02-15,0.0,
2025-10-02,912810SC3,3.125,2048-05-15,0.0,
2025-10-02,912810SD1,3.0,2048-08-15,0.0,
2025-10-02,912810SE9,3.375,2048-11-15,0.0,
2025-10-02,912810SF6,3.0,2049-02-15,0.0,
2025-10-02,912810SH2,2.875,2049-05-15,0.0,
2025-10-02,912810SJ8,2.25,2049-08-15,0.0,
2025-10-02,912810SK5,2.375,2049-11-15,0.0,
2025-10-02,912810SL3,2.0,2050-02-15,100000000.0,60.219
2025-10-02,912810SN9,1.25,2050-05-15,0.0,
2025-10-02,912810SP4,1.375,2050-08-15,0.0,
2025-10-02,912810SS8,1.625,2050-11-15,0.0,
2025-10-02,912810SU3,1.875,2051-02-15,0.0,
2025-10-02,912810SX7,2.375,2051-05-15,0.0,
2025-10-02,912810SZ2,2.0,2051-08-15,0.0,
2025-10-02,912810TB4,1.875,2051-11-15,0.0,
2025-10-02,912810TD0,2.25,2052-02-15,0.0,
2025-10-02,912810TG3,2.875,2052-05-15,0.0,
2025-10-02,912810TJ7,3.0,2052-08-15,0.0,
2025-10-02,912810TN8,3.625,2053-02-15,0.0,
2025-10-02,912810TR9,3.625,2053-05-15,0.0,
2025-10-02,912810TT5,4.125,2053-08-15,0.0,
2025-10-02,912810TX6,4.25,2054-02-15,0.0,
2025-10-02,912810UA4,4.625,2054-05-15,0.0,
2025-10-02,912810UC0,4.25,2054-08-15,0.0,
2025-10-02,912810UE6,4.5,2054-11-15,0.0,
2025-10-02,912810UG1,4.625,2055-02-15,0.0,
2025-10-07,912810SR0,1.125,2040-05-15,0.0,
2025-10-07,912810SQ2,1.125,2040-08-15,0.0,
2025-10-07,912810ST6,1.375,2040-11-15,0.0,
2025-10-07,912810SW9,1.875,2041-02-15,1995000000.0,70.344
2025-10-07,912810SY5,2.25,2041-05-15,0.0,
2025-10-07,912810TA6,1.75,2041-08-15,0.0,
2025-10-07,912810TC2,2.0,2041-11-15,0.0,
2025-10-07,912810TF5,2.375,2042-02-15,0.0,
2025-10-07,912810TH1,3.25,2042-05-15,5000000.0,84.063
2025-10-07,912810QX9,2.75,2042-08-15,0.0,
2025-10-07,912810TK4,3.375,2042-08-15,0.0,
2025-10-07,912810QY7,2.75,2042-11-15,0.0,
2025-10-07,912810TM0,4.0,2042-11-15,0.0,
2025-10-07,912810QZ4,3.125,2043-02-15,0.0,
2025-10-07,912810TQ1,3.875,2043-02-15,0.0,
2025-10-07,912810RB6,2.875,2043-05-15,0.0,
2025-10-07,912810TS7,3.875,2043-05-15,0.0,
2025-10-07,912810RC4,3.625,2043-08-15,0.0,
2025-10-07,912810TU2,4.375,2043-08-15,0.0,
2025-10-07,912810RD2,3.75,2043-11-15,0.0,
2025-10-07,912810RE0,3.625,2044-02-15,0.0,
2025-10-07,912810TZ1,4.5,2044-02-15,0.0,
2025-10-07,912810RG5,3.375,2044-05-15,0.0,
2025-10-07,912810UB2,4.625,2044-05-15,0.0,
2025-10-07,912810RH3,3.125,2044-08-15,0.0,
2025-10-07,912810UD8,4.125,2044-08-15,0.0,
2025-10-07,912810RJ9,3.0,2044-11-15,0.0,
2025-10-07,912810UF3,4.625,2044-11-15,0.0,
2025-10-07,912810RK6,2.5,2045-02-15,0.0,
2025-10-07,912810UJ5,4.75,2045-02-15,0.0,
2025-10-07,912810RM2,3.0,2045-05-15,0.0,
2025-10-07,912810RN0,2.875,2045-08-15,0.0,
2025-10-16,91282CFV8,4.125,2032-11-15,0.0,
2025-10-16,91282CGM7,3.5,2033-02-15,0.0,
2025-10-16,91282CHC8,3.375,2033-05-15,127000000.0,97.266
2025-10-16,91282CHT1,3.875,2033-08-15,0.0,
2025-10-16,91282CJJ1,4.5,2033-11-15,65000000.0,104.609
2025-10-16,91282CJZ5,4.0,2034-02-15,0.0,
2025-10-16,91282CKQ3,4.375,2034-05-15,0.0,
2025-10-16,91282CLF6,3.875,2034-08-15,0.0,
2025-10-16,91282CLW9,4.25,2034-11-15,0.0,
2025-10-16,91282CMM0,4.625,2035-02-15,0.0,
2025-10-22,91282CAU5,0.5,2027-10-31,195000000.0,94.307
2025-10-22,91282CFU0,4.125,2027-10-31,0.0,
2025-10-22,9128283F5,2.25,2027-11-15,0.0,
2025-10-22,91282CLX7,4.125,2027-11-15,0.0,
2025-10-22,91282CAY7,0.625,2027-11-30,0.0,
2025-10-22,91282CFZ9,3.875,2027-11-30,0.0,
2025-10-22,91282CMB4,4.0,2027-12-15,0.0,
2025-10-22,91282CBB6,0.625,2027-12-31,71000000.0,94.133
2025-10-22,91282CGC9,3.875,2027-12-31,0.0,
2025-10-22,91282CMF5,4.25,2028-01-15,0.0,
2025-10-22,91282CBJ9,0.75,2028-01-31,100000000.0,94.184
2025-10-22,91282CGH8,3.5,2028-01-31,0.0,
2025-10-22,9128283W8,2.75,2028-02-15,0.0,
2025-10-22,91282CMN8,4.25,2028-02-15,0.0,
2025-10-22,91282CBP5,1.125,2028-02-29,0.0,
2025-10-22,91282CGP0,4.0,2028-02-29,150000000.0,101.277
2025-10-22,91282CMS7,3.875,2028-03-15,0.0,
2025-10-22,91282CBS9,1.25,2028-03-31,139000000.0,94.945
2025-10-22,91282CGT2,3.625,2028-03-31,0.0,
2025-10-22,91282CMW8,3.75,2028-04-15,0.0,
2025-10-22,91282CBZ3,1.25,2028-04-30,0.0,
2025-10-22,91282CHA2,3.5,2028-04-30,0.0,
2025-10-22,9128284N7,2.875,2028-05-15,0.0,
2025-10-22,91282CCE9,1.25,2028-05-31,250000000.0,94.592
2025-10-22,91282CHE4,3.625,2028-05-31,0.0,
2025-10-22,91282CCH2,1.25,2028-06-30,0.0,
2025-10-22,91282CHK0,4.0,2028-06-30,0.0,
2025-10-22,91282CCR0,1.0,2028-07-31,997000000.0,93.606
2025-10-22,91282CHQ7,4.125,2028-07-31,0.0,
2025-10-22,9128284V9,2.875,2028-08-15,0.0,
2025-10-22,91282CCV1,1.125,2028-08-31,0.0,
2025-10-22,91282CHX2,4.375,2028-08-31,0.0,
2025-10-22,91282CCY5,1.25,2028-09-30,0.0,
2025-10-22,91282CJA0,4.625,2028-09-30,0.0,
