record_date,security_type,security_term,auction_date,issue_date,primary_dealer_accepted,soma_accepted,total_accepted,direct_bidder_accepted,direct_bidder_tendered,indirect_bidder_accepted,indirect_bidder_tendered,fima_noncomp_accepted,treas_retail_accepted,bid_to_cover_ratio
2024-01-02,Note,7-Year,2023-12-28,2024-01-02,6723212500,0,40000020000,7700236800,12608000000,25320597500,29532275000,0,48662200,2.500000
2024-01-02,Bill,4-Week,2023-12-28,2024-01-02,43867895000,414519800,80414688600,2700000000,11550000000,28865727000,28865727000,10000000,3774269800,2.350000
2024-01-02,Bill,8-Week,2023-12-28,2024-01-02,26596150000,414519700,80414588100,1337175000,11425000000,50668305000,50852985000,0,925899700,2.590000
2024-01-02,Note,5-Year,2023-12-27,2024-01-02,8121000000,0,58000021100,8880942000,18089000000,40820055000,50127438600,0,93111100,2.500000
2024-01-02,Note,2-Year,2023-12-26,2024-01-02,10487000000,0,57000058100,10981029100,19329000000,34811740000,53598740000,150000000,279761700,2.680000
2024-01-02,Bond,19-Year 11-Month,2023-12-20,2024-01-02,1663508000,0,13000033000,2673000000,4295000000,8571685900,10749802000,0,40154100,2.550000
2024-01-02,Bill,17-Week,2023-12-27,2024-01-02,22133020000,290163700,56290817300,2111885000,8575000000,31238960500,50373050000,0,350467600,3.150000
2024-01-04,Bill,13-Week,2024-01-02,2024-01-04,29026750000,4593941600,79594046500,2685000000,12010000000,40970132400,46175472400,15000000,1218385500,2.710000
2024-01-04,Bill,42-Day,2024-01-02,2024-01-04,26232840000,0,70000620000,2039000000,10490000000,41446729000,43958869000,0,0,2.720000
2024-01-04,Bill,26-Week,2024-01-02,2024-01-04,19428075000,4165173600,72165757900,5074867500,13735000000,41535099600,60931487000,0,973893500,3.060000
2024-01-09,Bill,4-Week,2024-01-04,2024-01-09,29200255000,417577300,80420005400,3432350000,11400000000,41976097000,68919372500,100000000,4190626900,2.960000
2024-01-09,Bill,8-Week,2024-01-04,2024-01-09,28320696000,417577300,80419811400,2551000000,11450000000,47510605000,62478849000,100000000,975190500,2.800000
2024-01-09,Bill,17-Week,2024-01-03,2024-01-09,23815256000,292304100,56292885600,1769780000,8670000000,29834774000,50667582000,0,383687900,3.090000
2024-01-11,Bill,26-Week,2024-01-08,2024-01-11,24369742500,3722732900,71722844200,3502300000,11977300000,37863709400,62163681000,100000000,1034725700,3.060000
2024-01-11,Bill,42-Day,2024-01-09,2024-01-11,26385672500,0,70001284400,3276650000,10521500000,40022683900,54208000000,0,0,2.930000
2024-01-11,Bill,13-Week,2024-01-08,2024-01-11,30679225000,4105955500,79106727400,4470262500,11787100000,37079883500,59492836000,100000000,1310557700,2.950000
2024-01-16,Bill,4-Week,2024-01-11,2024-01-16,35196000000,408011000,80408362500,3943000000,12000000000,35576778800,53056894000,100000000,4177667800,2.780000
2024-01-16,Bill,8-Week,2024-01-11,2024-01-16,31457075000,408010900,80408178700,3166500000,12500000000,43763240000,70993935000,0,1061786600,2.980000
2024-01-16,Bond,29-Year 10-Month,2024-01-11,2024-01-16,3044118000,0,21000006300,3712937200,6777200000,14209125000,16007125000,0,10049100,2.370000
2024-01-16,Bill,17-Week,2024-01-10,2024-01-16,22342699500,285607600,56285784300,1594877500,8745000000,31492014500,55045000000,0,381219200,3.190000
2024-01-16,Note,9-Year 10-Month,2024-01-10,2024-01-16,5593157500,0,37000011200,6918000000,11793000000,24408058000,28315058000,0,30814700,2.560000
2024-01-16,Note,3-Year,2024-01-09,2024-01-16,9212502500,0,52000056800,8692800200,17807000000,33707542200,43316060000,120000000,113045900,2.670000
2024-01-18,Bill,42-Day,2024-01-16,2024-01-18,23614800000,0,70000345000,3650000000,10815000000,42472000000,54995300000,0,0,2.890000
2024-01-18,Bill,13-Week,2024-01-16,2024-01-18,27328355000,4269949000,79270671600,3120000000,11720000000,41614231400,63606394000,100000000,1440246200,2.990000
2024-01-18,Bill,26-Week,2024-01-16,2024-01-18,17084008500,3871420400,71872473300,3581885000,11925000000,45062368000,72264964000,0,1104978700,3.170000
2024-01-23,Bill,4-Week,2024-01-18,2024-01-23,35768775000,444670900,85445537500,2360450000,12010000000,41216000700,56062742200,150000000,4368821600,2.810000
2024-01-23,Bill,8-Week,2024-01-18,2024-01-23,36380480000,444670900,85445060000,2662840000,12335000000,44338842400,82972868000,0,1062227100,3.060000
2024-01-23,Bill,17-Week,2024-01-17,2024-01-23,22590290000,303422500,58303747800,2838800000,9650000000,32007410000,59158700000,0,347027700,3.220000
2024-01-25,Bill,42-Day,2024-01-23,2024-01-25,32034295000,0,75001103800,2662900000,10920000000,39988853800,58120850000,0,0,2.850000
2024-01-25,Bill,52-Week,2024-01-23,2024-01-25,10021320000,2616443900,48616630400,585000000,6788000000,33728935000,44434335000,0,726987900,3.050000
2024-01-25,Bill,13-Week,2024-01-22,2024-01-25,32416954000,4379699700,81381265500,3994700000,12475000000,37992381900,66199368500,100000000,1165329000,3.030000
2024-01-25,Bill,26-Week,2024-01-22,2024-01-25,15668007400,3981545200,73982180800,4575460000,13224000000,47446560700,60001415000,200000000,848461300,2.920000
2024-01-30,Bill,17-Week,2024-01-24,2024-01-30,24383520000,282060800,60282969700,3613780000,9850000000,31462151200,38493900000,0,371395700,2.760000
2024-01-30,Bill,4-Week,2024-01-25,2024-01-30,30253005000,423091200,90425225200,2619295000,13515000000,51854869300,69532733000,0,4293539900,2.860000
2024-01-30,Bill,8-Week,2024-01-25,2024-01-30,43656515000,423091200,90424075200,4000050000,14840000000,40636086800,67733573000,0,1134040200,2.850000
2024-01-31,Note,7-Year,2024-01-25,2024-01-31,5692350000,0,41000041100,6944100000,13380100000,28203372000,34838585000,0,33834100,2.570000
2024-01-31,Note,2-Year,2024-01-24,2024-01-31,4594172500,0,28000612800,35000000,2585000000,23335362500,40606065000,0,9121800,3.610000
2024-01-31,Note,5-Year,2024-01-24,2024-01-31,12394062500,0,61000063600,11368500000,18519000000,37070090000,42316090000,0,55043100,2.310000
2024-01-31,Note,2-Year,2024-01-23,2024-01-31,8817250000,0,60000062600,11815074400,20199000000,38828045000,52780045000,0,207947200,2.570000
2024-01-31,Bond,19-Year 10-Month,2024-01-17,2024-01-31,2242000300,0,13000010700,2653000000,4563000000,8041321000,9927821000,0,25775900,2.530000
2024-01-31,Note,10-Year,2024-01-18,2024-01-31,572675500,0,18000021100,3132080000,6064000000,14212023000,18004058000,0,13586600,2.620000
2024-02-01,Bill,13-Week,2024-01-29,2024-02-01,29805837500,8152848400,87153303500,3906250000,12100000000,42870171500,60534984000,0,1229618400,2.840000
2024-02-01,Bill,42-Day,2024-01-30,2024-02-01,39826535000,0,80001432900,3373890000,11675000000,36506194900,53636050000,0,0,2.700000
2024-02-01,Bill,26-Week,2024-01-29,2024-02-01,14963290000,7224042800,77224738500,2930900000,11390000000,49883534000,71705000000,100000000,994935800,3.140000
2024-02-06,Bill,4-Week,2024-02-01,2024-02-06,32141877000,467985100,95468290700,4098655000,13920000000,53440206600,71602496000,0,4246118000,2.780000
2024-02-06,Bill,17-Week,2024-01-31,2024-02-06,28153130000,295569500,60295661300,4050000000,10075000000,27186323500,30829843500,0,434709400,2.690000
2024-02-06,Bill,8-Week,2024-02-01,2024-02-06,40147570000,443354200,90443454700,3190000000,13515000000,45003432000,67926612000,0,1093870500,2.750000
2024-02-08,Bill,42-Day,2024-02-06,2024-02-08,32804600000,0,80001228100,3718700000,12975000000,43170703100,62046125000,0,0,2.870000
2024-02-08,Bill,13-Week,2024-02-05,2024-02-08,28960425000,6328251400,85328333200,4965577500,13000000000,42343466600,65533431600,0,1331460600,2.910000
2024-02-08,Bill,26-Week,2024-02-05,2024-02-08,23576650000,5607311200,75607752100,3968815000,11640000000,40209809000,54481239000,80000000,997818200,2.910000
2024-02-13,Bill,17-Week,2024-02-07,2024-02-13,24817730000,286381800,60287042200,1855210000,9055000000,32725524500,45975205000,0,408825300,2.970000
2024-02-13,Bill,4-Week,2024-02-08,2024-02-13,30432060000,453438000,95455243600,2427750000,13820000000,56617617300,84708164000,10000000,4391277900,2.970000
2024-02-13,Bill,8-Week,2024-02-08,2024-02-13,36155680000,429572700,90430537700,2815000000,13315000000,49252862200,60488465000,0,1148437700,2.750000
2024-02-15,Bill,42-Day,2024-02-13,2024-02-15,29848380000,0,80002082800,3679800000,11725000000,46206382800,51789750000,0,0,2.730000
2024-02-15,Bill,13-Week,2024-02-12,2024-02-15,24975920000,7221105600,86221821800,4145100000,12825000000,47476402200,63050343000,0,1255696900,2.920000
2024-02-15,Bill,26-Week,2024-02-12,2024-02-15,20431437500,6398447900,76398644200,3337000000,12237000000,43909537000,46999387000,0,1053261600,2.770000
2024-02-15,Bond,30-Year,2024-02-08,2024-02-15,3695172500,1848934600,26848948800,3616300000,7391300000,17638321500,20156389000,0,23163200,2.400000
2024-02-15,Note,10-Year,2024-02-07,2024-02-15,5429656000,3106210100,45106262000,6712161500,13103000000,29677040000,35201920000,0,91020400,2.560000
2024-02-15,Note,3-Year,2024-02-06,2024-02-15,8428000000,3993698700,57993720900,9836976000,18723000000,35379670000,45629920000,75000000,90984200,2.580000
2024-02-20,Bill,8-Week,2024-02-15,2024-02-20,33697890000,444796300,90446287300,4077550000,13612000000,50515743400,61232051000,0,1116213200,2.660000
2024-02-20,Bill,4-Week,2024-02-15,2024-02-20,32931904000,469507200,95470417700,3625350000,13870000000,52887883000,70544443900,0,4475245100,2.750000
2024-02-20,Bill,17-Week,2024-02-14,2024-02-20,21101335000,296530800,60298192700,2219468500,10476700000,36137105200,52876200000,0,350667500,3.070000
2024-02-22,Bill,42-Day,2024-02-20,2024-02-22,31479740000,0,80002374500,2083100000,11300000000,46162018500,54232000000,0,0,2.780000
2024-02-22,Bill,13-Week,2024-02-20,2024-02-22,27268444000,5842647300,84844325300,2816810000,11825000000,46613615000,57491625000,0,1155957900,2.840000
2024-02-22,Bill,26-Week,2024-02-20,2024-02-22,21244825000,5177029200,75177481300,3890000000,13640000000,42377714600,56075100300,0,1052498500,2.960000
2024-02-22,Bill,52-Week,2024-02-20,2024-02-22,10776400000,3402047700,49403008500,2194100000,8035000000,31628095000,33659095000,0,606935400,2.760000
2024-02-23,Note,1-Year 11-Month,2024-02-21,2024-02-23,9561490000,0,28000449500,60000000,2610000000,18355574800,23906200000,0,4343700,2.990000
2024-02-27,Bill,8-Week,2024-02-22,2024-02-27,37555500000,442747300,90444628100,2696525000,13265000000,48002477000,58947110000,100000000,1134574900,2.780000
2024-02-27,Bill,4-Week,2024-02-22,2024-02-27,26647560000,467344500,95468432800,2796500000,13220000000,59960706000,75775043000,50000000,4507874000,2.800000
2024-02-27,Bill,17-Week,2024-02-21,2024-02-27,20634739000,295164900,60296088300,2750000000,11075000000,35916408000,47006900000,100000000,383281800,2.970000
2024-02-29,Bill,42-Day,2024-02-27,2024-02-29,34322114000,0,80000438400,2450000000,11450000000,42873802400,48547400000,0,0,2.610000
2024-02-29,Note,7-Year,2024-02-27,2024-02-29,6527210000,1817070100,43817110700,6206400000,13306400000,29112088900,34634485000,0,35874700,2.580000
2024-02-29,Bill,13-Week,2024-02-26,2024-02-29,28396506000,5497209000,84497713900,2797625000,12225000000,45497910800,64414072200,100000000,1026039800,2.930000
2024-02-29,Bill,26-Week,2024-02-26,2024-02-29,19005284000,4870944500,74873397600,1290000000,10390000000,47472320200,56066911300,0,1036595800,2.920000
2024-02-29,Note,2-Year,2024-02-26,2024-02-29,9188000000,2725605200,65725715600,12538119100,21220000000,40633767000,53429820000,0,245923600,2.490000
2024-02-29,Note,5-Year,2024-02-26,2024-02-29,10729452500,2768868800,66768916600,12541000000,21031000000,40532555000,47501555000,0,79263300,2.410000
2024-02-29,Bond,30-Year,2024-02-22,2024-02-29,802928000,389372100,9389376900,1574000000,2824000000,6562546600,7307995000,0,17908200,2.430000
2024-02-29,Bond,20-Year,2024-02-21,2024-02-29,3360588800,692217100,16692254200,3123282500,5268000000,9362406800,10772645000,0,77096000,2.390000
2024-03-05,Bill,4-Week,2024-02-29,2024-03-05,33304320000,95906400,95096576100,2285500000,13785500000,53853646100,71894745000,0,4456295100,2.800000
2024-03-05,Bill,8-Week,2024-02-29,2024-03-05,37144020000,90858700,90090860300,2864030000,13640000000,48240872000,59109442000,100000000,1093302700,2.710000
2024-03-05,Bill,17-Week,2024-02-28,2024-03-05,26218355000,60572400,60060634300,2293730000,10955000000,30897557600,36431186000,0,414603600,2.860000
2024-03-07,Bill,42-Day,2024-03-05,2024-03-07,35968212000,0,80000045200,2492000000,11492000000,41226805200,58825900000,0,0,2.880000
2024-03-07,Bill,13-Week,2024-03-04,2024-03-07,33073285000,311025900,79311242700,4559295000,12800000000,39032322800,44733602800,15000000,1124185600,2.650000
2024-03-07,Bill,26-Week,2024-03-04,2024-03-07,27165462500,275592500,70275894100,5565000000,13365000000,35085863000,35126630000,0,1059424200,2.590000
2024-03-12,Bill,4-Week,2024-03-07,2024-03-12,36910560000,93387600,95094517100,3920000000,13770000000,48571675300,66278267800,0,4523456700,2.760000
2024-03-12,Bill,17-Week,2024-03-06,2024-03-12,25209500000,58981500,60060669400,2483500000,9075000000,31572845000,38593525000,0,511564800,2.840000
2024-03-12,Bill,8-Week,2024-03-07,2024-03-12,34244960000,88472400,90091153900,3295000000,12845000000,50765798600,76101854200,0,1126769000,2.900000
2024-03-14,Bill,13-Week,2024-03-11,2024-03-14,38092000000,330594100,79331123700,4841115000,13850000000,33765739000,34738971000,0,1187488900,2.530000
2024-03-14,Bill,42-Day,2024-03-12,2024-03-14,37219520000,0,80001086200,5182000000,11532000000,37298195200,60987600000,0,0,2.800000
2024-03-14,Bill,26-Week,2024-03-11,2024-03-14,22105925000,292931400,70293933600,4075000000,12475000000,41594693600,54663385000,0,1017502200,2.950000
2024-03-15,Note,3-Year,2024-03-11,2024-03-15,8032000000,0,56000018600,8677596300,19842000000,39075615000,48992615000,0,87078100,2.600000
2024-03-15,Bond,29-Year 11-Month,2024-03-13,2024-03-15,3061000000,0,22000030500,3685400000,7251400000,15223796800,18421120000,0,17204700,2.470000
2024-03-15,Note,9-Year 11-Month,2024-03-12,2024-03-15,6641885200,0,39000004400,7258000000,12663000000,25024385000,29040385000,0,32448200,2.510000
2024-03-19,Bill,8-Week,2024-03-14,2024-03-19,34319440000,91889100,90091935800,4508005500,13795000000,49445280500,73486585000,10000000,1111071200,2.870000
2024-03-19,Bill,4-Week,2024-03-14,2024-03-19,31851640000,96994200,95097858000,4000000000,14000000000,53517045200,68410255200,0,4532103000,2.790000
2024-03-19,Bill,17-Week,2024-03-13,2024-03-19,25648182000,61259400,60061959000,3320000000,9690000000,30367859400,44777219000,100000000,393653000,3.000000
2024-03-21,Bill,42-Day,2024-03-19,2024-03-21,32167750000,0,75001645000,4248000000,11175000000,38284690000,63966975000,0,0,2.900000
2024-03-21,Bill,52-Week,2024-03-19,2024-03-21,20336240000,104312000,46104716900,1298000000,6875000000,22854871500,35619863500,3200000,640844500,2.880000
2024-03-21,Bill,13-Week,2024-03-18,2024-03-21,31341954000,172341700,76173287400,7502695000,14502300000,34746401000,50921126000,50000000,1264262800,2.810000
2024-03-21,Bill,26-Week,2024-03-18,2024-03-21,26871830000,158735800,70159663500,2447800000,10300000000,38532901400,50565531000,100000000,925726600,2.760000
2024-03-26,Bill,4-Week,2024-03-21,2024-03-26,22848810000,96492500,85097200800,3500000000,12250000000,53112006000,75494121000,30000000,4464534400,3.000000
2024-03-26,Bill,8-Week,2024-03-21,2024-03-26,35098850000,96492400,85097288000,3075000000,12325000000,45032998000,68694123000,100000000,1164371500,2.930000
2024-03-26,Bill,17-Week,2024-03-20,2024-03-26,29457420000,68112200,60068120000,3225000000,9375000000,26633085000,34210860000,100000000,417412700,2.730000
2024-03-28,Note,9-Year 10-Month,2024-03-21,2024-03-28,1910030000,0,16000005700,2559000000,5221000000,11484202300,12706602300,0,10672400,2.350000
2024-03-28,Bill,42-Day,2024-03-26,2024-03-28,32795965000,0,70000995200,3354105000,10625000000,33529393200,56760425000,0,0,3.010000
2024-03-28,Bill,13-Week,2024-03-25,2024-03-28,24160880000,493623200,73494330300,5275067000,13725067000,41113258500,55892461500,25000000,1287193100,2.880000
2024-03-28,Bill,26-Week,2024-03-25,2024-03-28,20430135000,473337200,70473344200,2567700000,10600000000,44857395400,50274193000,0,1059031400,2.720000
2024-04-01,Note,1-Year 10-Month,2024-03-27,2024-04-01,11493095000,0,28000033200,100000000,2750000000,16383846600,31358688000,0,3558200,3.220000
2024-04-01,Note,7-Year,2024-03-27,2024-04-01,5514197000,0,43000000600,7465300000,15290300000,29899535000,37529745000,0,38974000,2.610000
2024-04-01,Note,5-Year,2024-03-26,2024-04-01,8508056000,0,67000049700,11236606100,21665000000,47080593000,55066345000,0,71227700,2.410000
2024-04-01,Note,2-Year,2024-03-25,2024-04-01,8721963600,0,66000028700,13627000000,22577000000,42926831000,58194335000,100000000,289234100,2.620000
2024-04-01,Bond,19-Year 11-Month,2024-03-19,2024-04-01,1207300000,0,13000024800,2216658000,4749000000,9493102000,13386145000,0,45220800,2.790000
2024-04-02,Bill,4-Week,2024-03-28,2024-04-02,24658600000,281104900,75281979600,4236750000,11000000000,40617054000,45634954000,0,4395448600,2.740000
2024-04-02,Bill,17-Week,2024-03-27,2024-04-02,28987626000,224883900,60225469800,2813820000,9500000000,27592075800,34144376000,0,416585700,2.770000
2024-04-02,Bill,8-Week,2024-03-28,2024-04-02,25610170000,299845200,80301841600,3075000000,12075000000,49589972200,67519845000,0,1147351700,2.890000
2024-04-04,Bill,42-Day,2024-04-02,2024-04-04,32080990000,0,65000206500,3380975000,9825000000,29211240500,54472622000,0,0,3.120000
2024-04-04,Bill,13-Week,2024-04-01,2024-04-04,24417440000,4659649100,74660446800,3350000000,10900000000,40109160300,47921021500,15000000,1118999000,2.830000
2024-04-04,Bill,26-Week,2024-04-01,2024-04-04,18500260000,4659649100,74660731500,3741310000,12000000000,45661489500,53763755300,100000000,1022672300,2.850000
2024-04-09,Bill,4-Week,2024-04-04,2024-04-09,20485150000,268761400,70269159000,5600000000,12600000000,38191175000,56329404000,30000000,4524418200,3.130000
2024-04-09,Bill,8-Week,2024-04-04,2024-04-09,32108095000,287958600,75288840600,3950000000,11200000000,37165337700,54116111600,0,1220731500,2.870000
2024-04-09,Bill,17-Week,2024-04-03,2024-04-09,27304280000,230366800,60231997000,3496000000,9000000000,28569577200,42670982000,0,409536900,2.910000
2024-04-11,Bill,42-Day,2024-04-09,2024-04-11,28568425000,0,65000002900,3405440000,10900000000,32705982900,50316000000,0,0,2.930000
2024-04-11,Bill,13-Week,2024-04-08,2024-04-11,30902025000,4093756400,74094495300,3497965000,13250000000,33201674300,39842853000,100000000,1259472900,2.790000
2024-04-11,Bill,26-Week,2024-04-08,2024-04-11,18402480000,4093756300,74094400300,5006920000,15450000000,44258425600,60492214000,0,1087491800,3.000000
2024-04-15,Bond,29-Year 10-Month,2024-04-11,2024-04-15,3810907900,362819900,22362826900,4016900000,7106900000,14149684500,16309950000,0,7578600,2.370000
2024-04-15,Note,9-Year 10-Month,2024-04-10,2024-04-15,9322650000,643180900,39643278400,5540000000,11290000000,24054318000,26802668000,0,32663500,2.340000
2024-04-15,Note,3-Year,2024-04-09,2024-04-15,11148727500,956525500,58956538700,11793000000,19793000000,34792805000,42532805000,5000000,84735200,2.500000
2024-04-16,Bill,17-Week,2024-04-10,2024-04-16,24989180000,234278200,60235121000,4392970000,11850000000,30015292000,54525617000,0,412356000,3.120000
2024-04-16,Bill,4-Week,2024-04-11,2024-04-16,17594350000,273324600,70273494000,3905550000,12750000000,42666328000,54609718000,0,4692103800,2.950000
2024-04-16,Bill,8-Week,2024-04-11,2024-04-16,23975500000,292847800,75293779800,4468400000,12075000000,44822991500,78090405500,0,1169655600,3.140000
2024-04-18,Bill,26-Week,2024-04-15,2024-04-18,19476587500,4729771600,74730173900,6917837500,14625000000,41328227500,46507665000,0,1019557500,2.790000
2024-04-18,Bill,42-Day,2024-04-16,2024-04-18,24663630000,0,65000885000,4016620000,10525000000,35972302000,47461485000,0,0,2.790000
2024-04-18,Bill,52-Week,2024-04-16,2024-04-18,14089280000,3108135500,49108430600,1042800000,7515000000,29146930000,36199930000,0,735341100,2.880000
2024-04-18,Bill,13-Week,2024-04-15,2024-04-18,24603797500,4729771600,74731019900,4901345000,11950000000,37796987500,59159280000,100000000,1398964600,2.950000
2024-04-23,Bill,4-Week,2024-04-18,2024-04-23,18393140000,274425300,70274501100,3850000000,12350000000,41715054600,55732337100,0,4817817100,2.900000
2024-04-23,Bill,8-Week,2024-04-18,2024-04-23,26013595000,294027000,75294750100,4075000000,12075000000,43179904000,65148040000,50000000,1086657900,2.900000
2024-04-23,Bill,17-Week,2024-04-17,2024-04-23,30872860000,235221600,60235736100,5300000000,11400000000,22854008400,33795000000,150000000,587149400,2.810000
2024-04-25,Bill,42-Day,2024-04-23,2024-04-25,27315015000,0,65002276000,3685000000,10935000000,33675344000,44989550000,0,0,2.830000
2024-04-25,Bill,13-Week,2024-04-22,2024-04-25,24741300000,4296900100,74296934400,4457700000,13000000000,38152130800,46243230800,0,1245685600,2.780000
2024-04-25,Bill,26-Week,2024-04-22,2024-04-25,18127637500,4296900000,74297231100,6521650000,14926000000,42981422000,51699042000,190000000,967461600,2.800000
2024-04-30,Note,2-Year,2024-04-23,2024-04-30,10252620000,328860900,69328870200,12709500000,22906000000,45005791000,64983791000,0,392203200,2.660000
2024-04-30,Bill,4-Week,2024-04-25,2024-04-30,14984290000,226092300,70226212400,3850000000,11700000000,45334752000,69574415000,30000000,4665199600,3.140000
2024-04-30,Note,2-Year,2024-04-24,2024-04-30,10855872500,142983000,30143797900,300000000,3050000000,18771368400,31879050000,0,32814000,3.330000
2024-04-30,Bill,8-Week,2024-04-25,2024-04-30,20981457500,242241700,75243701400,3586000000,12136000000,48678726500,74376400000,0,1170962700,3.020000
2024-04-30,Note,7-Year,2024-04-25,2024-04-30,6102095000,209708300,44209715500,9212500000,15688500000,28579008000,34255008000,0,35764200,2.480000
2024-04-30,Bill,17-Week,2024-04-24,2024-04-30,24175417000,193793300,60194324400,3875000000,11775000000,31209333300,35964677000,0,494346300,2.800000
2024-04-30,Note,5-Year,2024-04-24,2024-04-30,10476530000,333627000,70333647700,13426000000,22876000000,45870989500,54134670000,3000000,66324200,2.390000
2024-04-30,Note,5-Year,2024-04-18,2024-04-30,900020500,109620200,23109630400,4058000000,7708000000,17877440000,23508340000,0,45223700,2.580000
2024-04-30,Bond,19-Year 10-Month,2024-04-17,2024-04-30,1173948000,61959200,13061977000,2094344100,5042000000,9653246500,13615460000,0,38932200,2.820000
2024-05-02,Bill,13-Week,2024-04-29,2024-05-02,29729687500,7787314400,77788160800,5405000000,12950000000,32294252500,39267415000,100000000,1213152200,2.670000
2024-05-02,Bill,42-Day,2024-04-30,2024-05-02,23953320000,0,65000135600,4120600000,11025000000,36604053600,60015250000,0,0,3.060000
2024-05-02,Bill,26-Week,2024-04-29,2024-05-02,19016680000,7787314400,77787692100,6413230000,15420000000,42519013100,58983719000,0,874430400,2.980000
2024-05-07,Bill,4-Week,2024-05-02,2024-05-07,22060835000,221793500,70221925500,3600000000,11800000000,38492583000,51755600000,0,4728928000,2.910000
2024-05-07,Bill,8-Week,2024-05-02,2024-05-07,23729347500,237635800,75239233800,3746955000,12275000000,45668295200,66004792500,0,1175298400,2.990000
2024-05-07,Bill,17-Week,2024-05-01,2024-05-07,23947320000,190108600,60191057100,3050000000,10600000000,32293112000,47447454000,0,479687400,3.020000
2024-05-09,Bill,42-Day,2024-05-07,2024-05-09,28244100000,0,75001093000,4250000000,13000000000,42178864000,62318706000,0,0,2.910000
2024-05-09,Bill,13-Week,2024-05-06,2024-05-09,26296245000,5986873300,75988559300,5158615000,13050000000,35959137400,40326956800,0,1342183600,2.720000
2024-05-09,Bill,26-Week,2024-05-06,2024-05-09,16020490000,5986873200,75987213800,5790000000,14540000000,45757671200,54136684000,0,1041577000,2.910000
2024-05-14,Bill,4-Week,2024-05-09,2024-05-14,20629480000,236662300,80237952100,3649400000,12750000000,49592360100,63404437700,0,4907838200,2.930000
2024-05-14,Bill,8-Week,2024-05-09,2024-05-14,25482560000,236662300,80237100400,6058400000,15200000000,46819362800,69486350000,0,1096208900,2.980000
2024-05-14,Bill,17-Week,2024-05-08,2024-05-14,27170375000,177496700,60177837100,3174500000,10950000000,28859816500,45032869000,0,541264600,3.040000
2024-05-15,Bond,30-Year,2024-05-09,2024-05-15,3834450000,3142249100,28142249900,4939600000,8677600000,16196495000,19989346100,0,9529800,2.410000
2024-05-15,Note,10-Year,2024-05-08,2024-05-15,6581536000,5278978600,47278984800,7842000000,13677000000,27411848000,30697180000,0,71099200,2.490000
2024-05-15,Note,3-Year,2024-05-07,2024-05-15,8580670000,7290018100,65290209800,11311061800,19893000000,37804224000,48466134000,5000000,118749400,2.630000
2024-05-16,Bill,26-Week,2024-05-13,2024-05-16,21327725000,6958433600,76958812900,4933090000,14335000000,41395020000,58003388000,75000000,927725800,3.020000
2024-05-16,Bill,13-Week,2024-05-13,2024-05-16,24017102500,6958433600,76959343300,4150000000,12000000000,39374366500,40854606500,0,1238015500,2.770000
2024-05-16,Bill,42-Day,2024-05-14,2024-05-16,33342055000,0,75000738200,5538200000,12450000000,35812546200,50727750000,0,0,2.810000
2024-05-16,Bill,52-Week,2024-05-14,2024-05-16,12806704000,4572684900,50572731300,1368032000,7690000000,30295134000,36487300000,0,653052100,3.000000
2024-05-21,Bill,17-Week,2024-05-15,2024-05-21,27810125000,183910900,60184546300,3982125000,11025000000,27422462500,40242525000,0,493387900,2.980000
2024-05-21,Bill,4-Week,2024-05-16,2024-05-21,26300620000,245214700,80246147000,3094550000,13100000000,44671194100,53171809100,30000000,4773514200,2.730000
2024-05-21,Bill,8-Week,2024-05-16,2024-05-21,28905970000,245214600,80246494100,6500000000,16300000000,42643400000,53569900000,100000000,1260443900,2.740000
2024-05-23,Bill,43-Day,2024-05-21,2024-05-23,24995487500,0,75000285000,3953175000,13075000000,45640777500,72383900000,100000000,0,3.040000
2024-05-23,Bill,13-Week,2024-05-20,2024-05-23,24583200000,5580461600,75581220000,4100000000,12650000000,38837613000,45682061000,0,1184275100,2.890000
2024-05-23,Bill,26-Week,2024-05-20,2024-05-23,21763670000,5580461500,75581244800,3410000000,12510000000,42721446000,57183131500,0,945790600,2.920000
2024-05-28,Bill,4-Week,2024-05-23,2024-05-28,22369708000,293817600,80294109900,2600000000,12100000000,49192653400,55664549000,0,4684559000,2.770000
2024-05-28,Bill,8-Week,2024-05-23,2024-05-28,33889200000,293817600,80294315100,5142000000,14250000000,39285370000,46835850000,0,1125183100,2.630000
2024-05-28,Bill,17-Week,2024-05-22,2024-05-28,29958730000,220363100,60221252600,5163500000,13050000000,24115205000,29045700000,0,493091500,2.890000
2024-05-30,Bill,13-Week,2024-05-28,2024-05-30,27085960000,5305538100,75306715000,5253600000,13000000000,35511220600,49075787000,0,1098674600,2.870000
2024-05-30,Bill,42-Day,2024-05-28,2024-05-30,21382950000,0,65000201000,4075000000,11525000000,39348186000,61249750000,0,0,3.070000
2024-05-30,Bill,26-Week,2024-05-28,2024-05-30,20030700000,5305538100,75306526400,5800720000,13750000000,42123394200,61783215000,0,831551100,3.060000
2024-05-31,Note,9-Year 8-Month,2024-05-23,2024-05-31,2240098000,949882800,16949883700,2574000000,5049000000,11137112000,12494380000,0,10425900,2.330000
2024-05-31,Note,7-Year,2024-05-29,2024-05-31,7458975000,2612177800,46612240400,7077000000,13527000000,29346752000,34260840000,0,50751600,2.430000
2024-05-31,Note,2-Year,2024-05-28,2024-05-31,11317900000,4096369900,73096387700,17426000000,26651000000,39542145000,50446145000,3000000,314884800,2.410000
2024-05-31,Note,5-Year,2024-05-28,2024-05-31,13630580000,4155737600,74155764000,10783000000,20233000000,45411962200,50413255000,0,72701200,2.300000
2024-05-31,Note,1-Year 11-Month,2024-05-29,2024-05-31,9967500000,1662295100,29662559600,250000000,3275000000,17762750000,27880500000,0,4590500,3.400000
2024-05-31,Bond,20-Year,2024-05-22,2024-05-31,1601790000,949882800,16949904400,3052000000,5632000000,11262332000,13278610000,0,40042900,2.510000
2024-06-04,Bill,4-Week,2024-05-30,2024-06-04,22356910000,281862600,70282000200,4000000000,11750000000,37832336000,45485782000,0,4737768600,2.830000
2024-06-04,Bill,8-Week,2024-05-30,2024-06-04,20819760000,281862600,70283616000,2820725000,11250000000,44556752500,59416877000,0,1223813100,2.940000
2024-06-04,Bill,17-Week,2024-05-29,2024-06-04,28033635000,241596400,60241596700,3130305000,10600000000,28111946600,35047810000,0,510857700,2.800000
2024-06-06,Bill,13-Week,2024-06-03,2024-06-06,26926575000,781186500,70781268800,4913180000,12450000000,35727534300,40409075300,0,1157527400,2.740000
2024-06-06,Bill,26-Week,2024-06-03,2024-06-06,21559575000,781186400,70782731200,6157610000,15200000000,40174391000,53742968000,0,896268800,2.950000
2024-06-06,Bill,42-Day,2024-06-04,2024-06-06,22035670000,0,60001115900,3137145000,11375000000,34527772900,48807850000,0,0,3.080000
2024-06-11,Bill,4-Week,2024-06-06,2024-06-11,23554982500,285562200,70285592700,2494170000,11350000000,37709552600,44546459600,50000000,4978001800,2.810000
2024-06-11,Bill,8-Week,2024-06-06,2024-06-11,24973020000,285562200,70285958200,2000000000,11950000000,41049988700,71731069000,130000000,1178352600,3.230000
2024-06-11,Bill,17-Week,2024-06-05,2024-06-11,25759275000,244767500,60244834500,2969500000,10550000000,30428949500,36999975000,100000000,495149000,2.790000
2024-06-13,Bill,42-Day,2024-06-11,2024-06-13,25653535000,0,60000374800,4383030000,11125000000,29703706800,41336500000,0,0,3.120000
2024-06-13,Bill,52-Week,2024-06-11,2024-06-13,21587125000,983720700,46984483400,1390000000,7190500000,21477038000,33826153000,1700000,684908100,2.870000
2024-06-13,Bill,13-Week,2024-06-10,2024-06-13,32634360000,1496966400,71498191900,5187040000,12300000000,29690225000,41951545000,0,1295271300,2.750000
2024-06-13,Bill,26-Week,2024-06-10,2024-06-13,22062155000,1496966400,71497365600,6170000000,14120000000,39637175000,63444630000,3300000,905771300,3.090000
2024-06-17,Note,9-Year 11-Month,2024-06-11,2024-06-17,4509473000,1261474200,40261600500,5375000000,11748900000,29034072500,38182025000,0,32933800,2.670000
2024-06-17,Bond,29-Year 11-Month,2024-06-13,2024-06-17,3009118500,711600800,22711606600,3910900000,7491900000,15047133300,18622307200,0,16152000,2.490000
2024-06-17,Note,3-Year,2024-06-10,2024-06-17,11506705000,1876038700,59876059100,9166000000,17291000000,36973827000,45601030000,150000000,83282700,2.430000
2024-06-18,Bill,4-Week,2024-06-13,2024-06-18,19043315000,292520400,70292849300,1777830000,7450000000,43128037000,54016305100,0,4931100600,2.950000
2024-06-18,Bill,8-Week,2024-06-13,2024-06-18,23700980000,292520400,70293111100,1750000000,7400000000,42880960000,59896400000,0,1049020000,2.980000
2024-06-18,Bill,17-Week,2024-06-12,2024-06-18,25614600000,250731700,60251685100,3292910000,10175000000,30425823100,44456556000,0,441570600,2.940000
2024-06-20,Bill,42-Day,2024-06-17,2024-06-20,20847452000,0,60001081000,3175000000,10425000000,35764946000,53550666000,100000000,0,3.180000
2024-06-20,Bill,26-Week,2024-06-17,2024-06-20,21769587500,339725400,70340218900,4258225000,13500000000,41597767500,46995865000,100000000,1114328300,2.820000
2024-06-20,Bill,13-Week,2024-06-17,2024-06-20,28202000000,339725500,70340160500,3082512500,12000000000,35988147000,53621237000,150000000,1343747800,2.930000
2024-06-25,Bill,4-Week,2024-06-20,2024-06-25,17376600000,290928500,70291041300,2500000000,12700000000,44456559500,54700419500,0,4628304900,2.930000
2024-06-25,Bill,8-Week,2024-06-20,2024-06-25,25964900000,290928500,70291209400,2750000000,12400000000,39757738000,42840598000,0,1120454900,2.650000
2024-06-25,Bill,17-Week,2024-06-20,2024-06-25,25711870000,249367200,60250069300,1650000000,6300000000,31742656200,41009546000,0,460508000,2.810000
2024-06-27,Bill,13-Week,2024-06-24,2024-06-27,22176470000,1420728000,71421342600,6587380000,15650000000,38615447500,50531369500,25000000,1356495500,2.850000
2024-06-27,Bill,42-Day,2024-06-25,2024-06-27,19236888000,0,60000357000,4150000000,10950000000,36379140000,43482000000,0,0,2.870000
2024-06-27,Bill,26-Week,2024-06-24,2024-06-27,20043530000,1420727900,71421744500,2897125000,12625000000,44983171500,70544408000,28400000,933019000,3.160000
2024-06-28,Note,4-Year 10-Month,2024-06-20,2024-06-28,488720000,0,21000024600,3878000000,7228000000,16570194000,18856890000,0,17218600,2.520000
2024-06-28,Note,1-Year 10-Month,2024-06-26,2024-06-28,9507800000,0,28000082600,150000000,2800000000,18325205000,21793000000,0,3135600,2.920000
2024-07-01,Bond,19-Year 11-Month,2024-06-18,2024-07-01,747000000,452682200,13452687400,2117500000,5019000000,10090502200,12627080000,0,21402000,2.740000
2024-07-01,Note,2-Year,2024-06-25,2024-07-01,9178970000,2402698100,71402712600,14250437100,24232000000,44640960000,63415460000,300000000,314999200,2.750000
2024-07-01,Note,7-Year,2024-06-27,2024-07-01,5215000000,1532155200,45532190200,8115517600,15409000000,30595710000,37291710000,0,34400500,2.580000
2024-07-01,Note,5-Year,2024-06-26,2024-07-01,9333000000,2437519700,72437531400,12343250000,19769000000,48059039700,55493275000,100000000,67448000,2.350000
2024-07-02,Bill,4-Week,2024-06-27,2024-07-02,25631725000,215840300,80216525100,4200000000,12700000000,44182911000,44627066000,0,4865019500,2.550000
2024-07-02,Bill,8-Week,2024-06-27,2024-07-02,20653200000,202350300,75202530100,3639600000,12300000000,48944388800,61718578800,0,1185151200,2.840000
2024-07-02,Bill,17-Week,2024-06-26,2024-07-02,26615819000,161880200,60163508800,2461465000,10375000000,30267362600,34361025000,0,420924300,2.750000
2024-07-05,Bill,26-Week,2024-07-01,2024-07-05,17368250000,4319843200,74320294200,5812095000,14925000000,44333318500,59390048000,0,1040644200,2.990000
2024-07-05,Bill,41-Day,2024-07-02,2024-07-05,23657000000,0,65000733800,3760855000,11075000000,37330536800,62775000000,0,0,3.130000
2024-07-05,Bill,13-Week,2024-07-01,2024-07-05,29228790000,4504979500,77506665100,3147450000,12000000000,38379010400,48615187900,15000000,1187173000,2.760000
2024-07-09,Bill,17-Week,2024-07-03,2024-07-09,26451600000,154988200,60157510000,2928625000,10525000000,29879544600,54444798500,0,537746600,3.150000
2024-07-09,Bill,4-Week,2024-07-03,2024-07-09,22124350000,219566800,85221267500,2770500000,13700000000,54591785800,66730430800,0,4802921100,2.810000
2024-07-09,Bill,8-Week,2024-07-03,2024-07-09,33227120000,206651000,80208669200,3478800000,12450000000,41810975800,59091268000,0,1052302400,2.760000
2024-07-11,Bill,42-Day,2024-07-09,2024-07-11,30565397500,0,70000239100,6500000000,13425000000,32591338600,52559000000,0,0,2.920000
2024-07-11,Bill,52-Week,2024-07-09,2024-07-11,19902770000,2591407200,48591812900,1349745000,7460000000,23150734100,33801325100,12000000,732780700,2.850000
2024-07-11,Bill,13-Week,2024-07-08,2024-07-11,28742895000,4281455500,80281603600,4565462500,13375000000,40225439000,54975141000,100000000,1291025500,2.840000
2024-07-11,Bill,26-Week,2024-07-08,2024-07-11,18795140000,3943445900,73943514400,5573675000,14166000000,43471072100,55705293000,100000000,960051700,2.950000
2024-07-15,Bond,29-Year 10-Month,2024-07-11,2024-07-15,3487264000,3574429100,25574432800,5132500000,8402500000,13347186000,14624210000,0,10522700,2.300000
2024-07-15,Note,3-Year,2024-07-09,2024-07-15,8495000000,9423495200,67423503800,12220717000,22148000000,36774163000,49248380000,250000000,111479600,2.670000
2024-07-15,Note,9-Year 10-Month,2024-07-10,2024-07-15,4489600000,6336488000,45336567200,8122643400,14595000000,26320573400,32613365000,0,26031400,2.580000
2024-07-16,Bill,4-Week,2024-07-11,2024-07-16,25807250000,229402200,90230152600,3483750000,14250000000,54239942600,60004880100,0,5262855400,2.690000
2024-07-16,Bill,8-Week,2024-07-11,2024-07-16,29419195000,216657500,85217033200,4135810000,13350000000,49546621200,53452511200,50000000,1257440400,2.630000
2024-07-16,Bill,17-Week,2024-07-10,2024-07-16,21771124000,152934700,60153308000,5102640000,12900000000,32453330600,54761125000,0,448292100,3.160000
2024-07-18,Bill,42-Day,2024-07-16,2024-07-18,27045037500,0,70000693400,4971050000,12725000000,37727430900,56042000000,0,0,2.920000
2024-07-18,Bill,13-Week,2024-07-15,2024-07-18,32854145000,4477332900,80477940000,3800000000,12300000000,36659232500,51285855000,100000000,1413002700,2.690000
2024-07-18,Bill,26-Week,2024-07-15,2024-07-18,18075185000,4123859100,74124013700,4923000000,13523000000,44437449200,52106853000,0,1207602900,2.850000
2024-07-23,Bill,4-Week,2024-07-18,2024-07-23,31652435000,250030900,90251507800,3566730000,13900000000,48818465300,52937110300,25000000,4786474700,2.590000
2024-07-23,Bill,8-Week,2024-07-18,2024-07-23,39395447000,236140200,85237138100,3350000000,12850000000,40521727500,54257750000,0,1154776100,2.680000
2024-07-23,Bill,17-Week,2024-07-17,2024-07-23,26302688000,166687200,60168391900,2915540000,10950000000,30066911100,50104000000,0,479426700,3.120000
2024-07-25,Bill,13-Week,2024-07-22,2024-07-25,24938000000,4309327700,80309897400,3950000000,13150000000,44351098200,73167671400,200900000,1271818700,3.080000
2024-07-25,Bill,42-Day,2024-07-23,2024-07-25,35376455000,0,70001308700,4315125000,11750000000,29982859700,34957170000,0,0,2.760000
2024-07-25,Bill,26-Week,2024-07-22,2024-07-25,21369200000,3969117600,73969640700,5900000000,15025000000,40346684000,47495284000,200000000,986912800,2.850000
2024-07-30,Bill,4-Week,2024-07-25,2024-07-30,27612495000,276735400,90277923700,3054200000,14150000000,53356454000,62474004000,0,4918505400,2.770000
2024-07-30,Bill,17-Week,2024-07-24,2024-07-30,21633296000,184490200,60185659700,4150000000,11200000000,33512958200,46104150000,100000000,436019300,3.000000
2024-07-30,Bill,8-Week,2024-07-25,2024-07-30,27455040000,261361200,85263831500,3162200000,13450000000,52550255600,68885413000,100000000,1237488900,2.890000
2024-07-31,Bond,19-Year 10-Month,2024-07-17,2024-07-31,1097560000,716779200,13716789100,1855000000,3880000000,9998885600,12360660000,0,18082300,2.680000
2024-07-31,Note,2-Year,2024-07-24,2024-07-31,7290000000,1654106000,31654132700,250000000,3250000000,22406650000,36114450000,0,17763700,3.250000
2024-07-31,Note,5-Year,2024-07-24,2024-07-31,9750770000,3859580700,73859602700,13108280000,22667000000,46937191000,55948191000,4000000,80421000,2.400000
2024-07-31,Note,7-Year,2024-07-25,2024-07-31,3895000000,2426022000,46426114700,7359000000,15467500000,32665495000,40671595000,0,31304700,2.640000
2024-07-31,Note,2-Year,2024-07-23,2024-07-31,6149000000,3804443800,72804526100,9838656000,23356000000,52239325000,75002375000,100000000,315955300,2.810000
2024-07-31,Note,10-Year,2024-07-18,2024-07-31,1502818000,1047600400,20047629100,4419000000,7369000000,12982109200,14590030000,0,34187500,2.380000
2024-08-01,Bill,26-Week,2024-07-29,2024-08-01,14290720000,7197226000,77197594300,4054595000,13193000000,49301772800,59779687000,100000000,1004647900,2.950000
2024-08-01,Bill,13-Week,2024-07-29,2024-08-01,25759128000,7814131200,83814434700,3717585000,13125000000,44155741700,67534194000,0,1175292200,3.010000
2024-08-01,Bill,42-Day,2024-07-30,2024-08-01,19308105000,0,70001947300,3299025000,12850000000,47070934300,56089792000,0,0,2.930000
2024-08-06,Bill,4-Week,2024-08-01,2024-08-06,26722985000,281679300,90283970600,3000000000,14250000000,53902804100,72100826400,1000000,5077115300,2.870000
2024-08-06,Bill,8-Week,2024-08-01,2024-08-06,33670780000,266030400,85266342800,3564480000,14300000000,46058804000,58685600000,0,1152940200,2.740000
2024-08-06,Bill,17-Week,2024-07-31,2024-08-06,19049860000,187786100,60189044400,3611160000,12150000000,36790721400,61884953000,0,403425100,3.240000
2024-08-08,Bill,52-Week,2024-08-06,2024-08-08,19103000000,3689613700,49689669200,1099525000,7337000000,24379317300,31821500000,7000000,746256900,2.930000
2024-08-08,Bill,26-Week,2024-08-05,2024-08-08,28187625000,5614629500,75615418100,2675000000,11725000000,36968504000,47036804000,80000000,965760500,2.670000
2024-08-08,Bill,42-Day,2024-08-06,2024-08-08,31122480000,0,75000617600,5311320000,14600000000,38291181600,51938000000,0,0,2.760000
2024-08-08,Bill,13-Week,2024-08-05,2024-08-08,29360220000,6095883600,82096009600,3725000000,13350000000,40302549100,51479393100,0,1351757200,2.620000
2024-08-13,Bill,8-Week,2024-08-08,2024-08-13,25152425000,277788000,90278113100,3712700000,13600000000,59495351500,71054666000,0,1135964500,2.740000
2024-08-13,Bill,4-Week,2024-08-08,2024-08-13,23949605000,293220800,95294150400,2500000000,15100000000,62184285500,79180711100,0,5176387700,2.770000
2024-08-13,Bill,17-Week,2024-08-07,2024-08-13,21641200000,185192000,60185748300,2251260000,10400000000,35491619500,45882323500,0,476415100,2.890000
2024-08-15,Bond,30-Year,2024-08-08,2024-08-15,4784470000,4754382900,29754413000,3865900000,7495900000,16291085500,17871924000,0,21843600,2.310000
2024-08-15,Note,3-Year,2024-08-06,2024-08-15,8866300000,11030168500,69030182700,11696120000,20279000000,37183145000,44913145000,0,109350200,2.550000
2024-08-15,Bill,42-Day,2024-08-13,2024-08-15,31241475000,0,75000286000,2850000000,13100000000,40634500000,52440250000,0,0,2.810000
2024-08-15,Bill,13-Week,2024-08-12,2024-08-15,23220150000,6952897300,82953680400,3550000000,13500000000,46637228200,74343729000,100000000,1255200800,2.950000
2024-08-15,Bill,26-Week,2024-08-12,2024-08-15,25933500000,6403984200,76404564800,5351280000,14465000000,36317801000,42458579000,100000000,1107659100,2.730000
2024-08-15,Note,10-Year,2024-08-07,2024-08-15,7486140000,7987363300,49987416200,6680000000,12305000000,27708666900,29968390000,0,73631000,2.320000
2024-08-20,Bill,4-Week,2024-08-15,2024-08-20,25345750000,300968200,95301199100,6737100000,18300000000,56607507900,68141837900,0,5040615700,2.900000
2024-08-20,Bill,8-Week,2024-08-15,2024-08-20,29550955000,285127700,90285821800,3144660000,14150000000,55717539700,63394750000,0,1122020000,2.770000
2024-08-20,Bill,17-Week,2024-08-14,2024-08-20,17856070000,190085100,60191055400,2825000000,10875000000,38642010000,67194700000,0,485699200,3.340000
2024-08-22,Bill,42-Day,2024-08-20,2024-08-22,30070720000,0,75000145000,5425000000,13225000000,39151176000,41151176000,0,0,2.720000
2024-08-22,Bill,13-Week,2024-08-19,2024-08-22,22195542000,5599789800,81600640500,3697790000,12900000000,47752422900,75965384000,100000000,1140782800,3.120000
2024-08-22,Bill,26-Week,2024-08-19,2024-08-22,23346995000,5157701000,75157884800,4864665000,13500000000,39330297900,59042920000,100000000,1067596500,3.050000
2024-08-27,Bill,4-Week,2024-08-22,2024-08-27,35373025000,260912300,95261691200,6400000000,18150000000,46920090000,55512290000,76000000,5060934400,2.670000
2024-08-27,Bill,8-Week,2024-08-22,2024-08-27,28154085000,247180100,90247670000,2550000000,13050000000,57720680400,75198000000,0,1101606400,2.830000
2024-08-27,Bill,16-Day,2024-08-21,2024-08-27,23200250000,0,35000228000,2360250000,7100000000,9379500000,21060500000,0,0,3.100000
2024-08-27,Bill,17-Week,2024-08-21,2024-08-27,20902230000,164786600,60164827000,2675000000,10775350000,35738491100,66162425000,100000000,440656100,3.280000
2024-08-29,Bill,42-Day,2024-08-27,2024-08-29,26326060000,0,75000724200,5500000000,14400000000,42809875200,46285136000,0,0,2.670000
2024-08-29,Bill,13-Week,2024-08-26,2024-08-29,20815481500,5297347200,81298351100,5867825000,14600000000,46990752800,66700686000,100000000,1110479700,3.030000
2024-08-29,Bill,26-Week,2024-08-26,2024-08-29,24010835000,4879135400,74879530400,3111085000,11550000000,40708562300,55123835600,0,1026883700,3.050000
2024-08-30,Note,1-Year 11-Month,2024-08-28,2024-08-30,10497790000,0,28000016500,250000000,2650000000,17224350000,20324350000,0,3795500,2.650000
2024-08-30,Bond,29-Year 6-Month,2024-08-22,2024-08-30,548605000,0,8000008400,1239000000,3279000000,6177586800,7223320900,0,16230600,2.610000
2024-09-03,Bill,4-Week,2024-08-29,2024-09-03,23336200000,256299200,85256580900,3500000000,12700000000,51807610000,61617665000,0,5129313300,2.830000
2024-09-03,Bill,8-Week,2024-08-29,2024-09-03,35573675000,241222700,80241809600,4634250000,12250000000,38188725000,40235300000,50000000,1104339700,2.600000
2024-09-03,Note,7-Year,2024-08-29,2024-09-03,6012587500,3498642400,47498677700,4903085000,11000400000,32903696500,39260335000,100000000,31913300,2.500000
2024-09-03,Bill,17-Week,2024-08-28,2024-09-03,20407125000,180917000,60182273900,3036125000,10300000000,35975396000,60648596000,0,414817500,3.250000
2024-09-03,Note,5-Year,2024-08-28,2024-09-03,9184900000,5566022000,75566080600,11356213700,21145000000,49187336500,57684125000,105000000,74475400,2.410000
2024-09-03,Note,2-Year,2024-08-27,2024-09-03,8129000000,5486507400,74486516100,13016500000,23263000000,46975079300,66125782000,255000000,320502900,2.680000
2024-09-03,Bond,20-Year,2024-08-21,2024-09-03,1547625300,1272233600,17272241000,3067000000,5597000000,11300257200,13388792000,0,37134900,2.540000
2024-09-05,Bill,42-Day,2024-09-03,2024-09-05,18536400000,0,65001256000,5165000000,12965000000,41021128000,57382600000,0,0,3.010000
2024-09-05,Bill,13-Week,2024-09-03,2024-09-05,28876360000,867938800,76867965100,5389820000,12750000000,39302627100,41302627100,0,1291263500,2.620000
2024-09-05,Bill,26-Week,2024-09-03,2024-09-05,17046150000,799417300,70799444300,4311500000,12525000000,46567644600,64577661600,200000000,935503000,3.080000
2024-09-05,Bill,52-Week,2024-09-03,2024-09-05,14597540500,525331300,46525347200,982340000,6753000000,29109310000,37467700000,1700000,669441500,3.000000
2024-09-10,Bill,4-Week,2024-09-05,2024-09-10,18810270000,249954600,80250713100,3315260000,14000000000,51385401600,65511378600,0,5254715800,3.030000
2024-09-10,Bill,8-Week,2024-09-05,2024-09-10,26037776000,249954500,80250371900,3800000000,12300000000,48421253300,55534472500,0,1211929900,2.780000
2024-09-10,Bill,17-Week,2024-09-04,2024-09-10,16776335000,187465900,60187983400,3750000000,11650000000,38854615800,62741000000,0,414819900,3.210000
2024-09-12,Bill,42-Day,2024-09-10,2024-09-12,18977000000,0,60000381000,3425000000,10375000000,37176700000,44652300000,100000000,0,2.970000
2024-09-12,Bill,13-Week,2024-09-09,2024-09-12,23266305000,931727700,76933200400,4188575000,12895000000,45855748000,83245847000,200000000,1273713100,3.220000
2024-09-12,Bill,26-Week,2024-09-09,2024-09-12,20569060000,858170100,70858558200,4425000000,12525000000,42870350400,59360426400,100000000,1057493500,2.980000
2024-09-16,Bond,29-Year 11-Month,2024-09-12,2024-09-16,3440060800,210228400,22210237900,3439700000,6654700000,15089231400,16701465000,0,13862300,2.380000
2024-09-16,Note,9-Year 11-Month,2024-09-11,2024-09-16,3988772000,372677600,39372679500,5337000000,12045000000,29607719900,35930315000,0,24938000,2.640000
2024-09-16,Note,3-Year,2024-09-10,2024-09-16,6031675000,554238500,58554417200,6524000000,16953000000,45155539500,58535330000,100000000,93041200,2.660000
2024-09-17,Bill,4-Week,2024-09-12,2024-09-17,17760000000,262188900,80262401700,5625000000,15275000000,50575850400,59995626400,0,4980117000,2.920000
2024-09-17,Bill,8-Week,2024-09-12,2024-09-17,42221875000,262188800,80262309800,7625000000,12625000000,28351200000,30351200000,0,1234135800,2.450000
2024-09-17,Bill,17-Week,2024-09-11,2024-09-17,25314125000,196641600,60196943700,3275000000,9075000000,30791804000,34239804000,0,429641800,2.740000
2024-09-19,Bill,42-Day,2024-09-17,2024-09-19,27566400000,0,60000096900,4192520000,9500000000,27951140900,28051140900,0,0,2.660000
2024-09-19,Bill,13-Week,2024-09-16,2024-09-19,27753757000,259473100,76259546800,4600000000,12300000000,41065220000,41286500000,100000000,1371864900,2.610000
2024-09-19,Bill,26-Week,2024-09-16,2024-09-19,22481000000,238988200,70239803900,3275800000,10975000000,42273145000,55820441000,50000000,920049100,2.980000
2024-09-24,Bill,4-Week,2024-09-19,2024-09-24,25127875000,270049700,80270210700,3203625000,12600000000,45580370900,51887831900,26000000,5028884300,2.870000
2024-09-24,Bill,8-Week,2024-09-19,2024-09-24,27754828000,270049700,80270149100,2950000000,12250000000,47471740000,51022655000,0,1295436700,2.800000
2024-09-24,Bill,17-Week,2024-09-18,2024-09-24,22666588000,202537200,60203301800,1968540000,9675000000,34672587700,45391000000,100000000,418060800,3.050000
2024-09-26,Bill,42-Day,2024-09-24,2024-09-26,18014200000,0,60001142000,1547250000,10295000000,40098400000,53137000000,100000000,0,3.260000
2024-09-26,Bill,13-Week,2024-09-23,2024-09-26,25636926000,985951800,76986212200,4657980000,14600000000,43466128100,53207336300,25000000,1240497800,2.840000
2024-09-26,Bill,26-Week,2024-09-23,2024-09-26,19474850000,908113400,70908369900,5178230000,14898000000,43792595800,77022055000,0,803896200,3.420000
2024-09-27,Note,1-Year 10-Month,2024-09-25,2024-09-27,11917000000,0,28000020000,250000000,2900000000,15827550000,21886600000,0,1225000,2.860000
2024-09-30,Note,7-Year,2024-09-26,2024-09-30,3921320000,908313700,44908314000,8880300000,16247300000,31039905000,39588265000,100000000,25198300,2.630000
2024-09-30,Note,5-Year,2024-09-25,2024-09-30,7997870000,1445044500,71445154300,12723837700,22716000000,49072700000,55987140000,105000000,35107100,2.380000
2024-09-30,Note,2-Year,2024-09-24,2024-09-30,8735885000,1424401000,70424647300,13393939700,22711000000,46150401400,64002970000,355000000,210823200,2.590000
2024-09-30,Note,9-Year 10-Month,2024-09-19,2024-09-30,1114967500,350939300,17350940100,3646000000,6171000000,12206275000,14231725000,0,5177300,2.440000
2024-09-30,Bond,19-Year 11-Month,2024-09-17,2024-09-30,2412422800,268365300,13268394200,2109000000,4059000000,8431829000,10234914000,0,22999100,2.510000
2024-10-01,Bill,4-Week,2024-09-26,2024-10-01,23329800000,290098500,90290126900,2600000000,13125000000,58028327800,63678327800,0,4964804800,2.810000
2024-10-01,Bill,8-Week,2024-09-26,2024-10-01,46295140000,273981900,85274777100,3450000000,12700000000,33591268000,33846418000,0,1173399300,2.420000
2024-10-01,Bill,17-Week,2024-09-25,2024-10-01,22176335000,199845600,62200190400,3088210000,10650000000,36131700000,41369600000,0,426599400,2.800000
2024-10-03,Bill,13-Week,2024-09-30,2024-10-03,24080000000,4927897500,83928292400,3718200000,12600000000,49056382100,54482662100,15000000,1147525900,2.710000
2024-10-03,Bill,42-Day,2024-10-01,2024-10-03,24434000000,0,70001168800,5451800000,13900000000,39835952800,53379745000,0,0,2.640000
2024-10-03,Bill,52-Week,2024-10-01,2024-10-03,18383805000,2994165500,50995113100,1383845000,7425000000,27195275000,41708415000,0,530871600,3.450000
2024-10-03,Bill,26-Week,2024-09-30,2024-10-03,15754100000,4491248300,76491499800,2300000000,11500000000,52141044800,84469819800,100000000,835782600,3.280000
2024-10-08,Bill,8-Week,2024-10-03,2024-10-08,28460325000,279220500,90279705400,3755900000,13300000000,56178294500,76684724500,0,1150005700,2.720000
2024-10-08,Bill,4-Week,2024-10-03,2024-10-08,37198845000,294732800,95295114900,3476900000,15050000000,47910481300,52420936300,0,5181794800,2.500000
2024-10-08,Bill,17-Week,2024-10-02,2024-10-08,22247850000,198556800,64199149000,2713755000,10650000000,38528070700,71480700000,0,353264000,3.370000
2024-10-10,Bill,26-Week,2024-10-07,2024-10-10,20167220000,3941276100,75942310600,7075000000,16050000000,42981886000,88618852000,0,931348700,3.380000
2024-10-10,Bill,13-Week,2024-10-07,2024-10-10,30826160000,4433935700,85433936100,4125000000,12775000000,43827428000,46145428000,0,1259048200,2.620000
2024-10-10,Bill,42-Day,2024-10-08,2024-10-10,27877400000,0,80000939000,4065925000,13175000000,47687245000,58957400000,0,0,2.960000
2024-10-15,Bond,29-Year 10-Month,2024-10-10,2024-10-15,2671673500,301944200,22301948200,1619100000,5780100000,17683030000,21072630000,0,5875500,2.500000
2024-10-15,Note,9-Year 10-Month,2024-10-09,2024-10-15,5421000000,535264800,39535267300,3285500000,9197000000,30221954500,34576265000,0,22097000,2.480000
2024-10-15,Note,3-Year,2024-10-08,2024-10-15,11080102500,796035000,58796091400,13852695000,21959000000,32869545700,40574100000,5000000,80149800,2.450000
2024-10-15,Bill,8-Week,2024-10-10,2024-10-15,28772870000,288451200,90288919700,3400000000,13950000000,56297736000,72369323000,0,1131057900,2.920000
2024-10-15,Bill,17-Week,2024-10-09,2024-10-15,21340495000,205120800,64205231000,4373775500,11685000000,37782522300,62180540000,0,342127900,3.310000
2024-10-15,Bill,4-Week,2024-10-10,2024-10-15,26936732500,304476300,95304793800,3727695000,15025000000,57887495100,64251909800,0,5166685200,2.740000
2024-10-17,Bill,26-Week,2024-10-15,2024-10-17,19022130000,4332755000,76332932800,6407000000,14557000000,44688645000,66521823000,100000000,896064300,3.050000
2024-10-17,Bill,43-Day,2024-10-15,2024-10-17,32068800000,0,80000286000,3762800000,11900000000,43868900000,49018900000,0,0,2.620000
2024-10-17,Bill,13-Week,2024-10-15,2024-10-17,22765550000,4874349500,85875151300,4150000000,13150000000,51708836000,73290723000,0,1381829600,2.960000
2024-10-22,Bill,8-Week,2024-10-17,2024-10-22,32211470000,277083300,90277417200,3200000000,12500000000,52872275000,56222275000,200000000,1101697900,2.680000
2024-10-22,Bill,4-Week,2024-10-17,2024-10-22,22051125000,292476800,95293558400,3050000000,13950000000,63215075000,82096556800,176000000,5263600400,2.900000
2024-10-22,Bill,17-Week,2024-10-16,2024-10-22,22823840000,197036900,64197763400,3150000000,10150000000,37508752800,52986200000,0,351883300,3.050000
2024-10-24,Bill,26-Week,2024-10-21,2024-10-24,18887740000,4049989500,76050267500,6426000000,15076000000,44965811200,52602407200,250000000,751711300,2.920000
2024-10-24,Bill,42-Day,2024-10-22,2024-10-24,28653725000,0,80000328000,4910185000,12610000000,46106430000,49417500000,0,0,2.690000
2024-10-24,Bill,13-Week,2024-10-21,2024-10-24,22105487500,4556238200,85557241900,3909187500,12850000000,52609501000,79954638500,200000000,1087105600,3.070000
2024-10-29,Bill,4-Week,2024-10-24,2024-10-29,23778000000,264474500,95264488300,3300000000,13500000000,61377278700,73083478700,75000000,5166049300,2.830000
2024-10-29,Bill,8-Week,2024-10-24,2024-10-29,26680865000,250554700,90252044100,2897905000,13750000000,58887183600,67387851900,75000000,996757300,2.830000
2024-10-29,Bill,17-Week,2024-10-23,2024-10-29,17079240000,178172200,64178462900,2453780000,10600000000,43901259200,50943499200,75000000,309912300,2.970000
2024-10-31,Bill,26-Week,2024-10-28,2024-10-31,14770000000,7308814600,79309384700,5534000000,14709000000,50190139000,77739499000,0,763635400,3.250000
2024-10-31,Note,5-Year,2024-10-28,2024-10-31,9899215000,1180802700,71180811500,6617000000,16397000000,53333384000,62178444000,0,53007800,2.390000
2024-10-31,Bill,52-Week,2024-10-29,2024-10-31,18244677500,4872543000,52872669900,1965110500,8225000000,26737970000,43012145000,40000000,482603700,3.050000
2024-10-31,Bill,42-Day,2024-10-29,2024-10-31,31222160000,0,80000377000,3250000000,12550000000,45219770000,45784750000,0,0,2.620000
2024-10-31,Note,2-Year,2024-10-29,2024-10-31,7033105000,506058400,30506099400,250000000,3250000000,22676116000,27012700000,0,13738500,2.950000
2024-10-31,Note,7-Year,2024-10-29,2024-10-31,3279000000,742218800,44742219600,9036867500,18162100000,31608374800,42471415000,0,26854500,2.740000
2024-10-31,Bill,13-Week,2024-10-28,2024-10-31,23293660000,8222416400,89223373300,5125740000,13550000000,50326392900,65417327300,0,1183155800,2.900000
2024-10-31,Note,2-Year,2024-10-28,2024-10-31,12274385000,1163934100,70164113400,16322000000,25382000000,39872239000,54514220000,0,271138700,2.500000
2024-10-31,Note,5-Year,2024-10-24,2024-10-31,1887560000,404846600,24404854000,4148000000,7948000000,17877785000,20137185000,0,21790400,2.400000
2024-10-31,Bond,19-Year 10-Month,2024-10-23,2024-10-31,1873296000,219291900,13219300000,2282000000,4632000000,8779095000,11401815000,0,24406100,2.590000
2024-11-05,Bill,4-Week,2024-10-31,2024-11-05,24266600000,266944500,95267264200,3500000000,13900000000,60641611400,71615354800,100000000,5289479100,2.820000
2024-11-05,Bill,8-Week,2024-10-31,2024-11-05,30748440000,252894800,90253105200,2900000000,13600000000,54927863700,57658424500,0,1040922400,2.680000
2024-11-05,Bill,17-Week,2024-10-30,2024-11-05,17132630000,179836200,64179856400,3318820000,10550000000,42949380000,52723300000,0,440076300,2.990000
2024-11-07,Bill,42-Day,2024-11-05,2024-11-07,36190985000,0,80000669000,4028150000,12775000000,39449435000,56286500000,0,0,2.780000
2024-11-07,Bill,13-Week,2024-11-04,2024-11-07,41337560000,6396753600,87396903900,6825000000,13075000000,30631264700,30631264700,0,1188981100,2.440000
2024-11-07,Bill,26-Week,2024-11-04,2024-11-07,14238800000,5686003200,77686272400,5720000000,14520000000,50167545000,61823247000,0,991440100,3.000000
2024-11-12,Bill,4-Week,2024-11-07,2024-11-12,27225950000,274546200,95274707000,4900000000,13800000000,56574923600,60490743600,26000000,5160639100,2.630000
2024-11-12,Bill,8-Week,2024-11-07,2024-11-12,35611885000,260096300,90260736900,5203035000,13325000000,47439934000,57680674000,0,1167797200,2.590000
2024-11-12,Bill,17-Week,2024-11-06,2024-11-12,20667800000,184957300,64185216100,3612040000,11750000000,39208778300,45871658300,0,375148600,2.790000
2024-11-14,Bill,42-Day,2024-11-12,2024-11-14,34926875000,0,80000097000,5385000000,12700000000,39387000000,39387000000,0,0,2.510000
2024-11-14,Bill,13-Week,2024-11-12,2024-11-14,22751770000,7364822300,88365982600,7129620000,16500000000,48661038600,58320628000,75000000,1186052800,2.870000
2024-11-14,Bill,26-Week,2024-11-12,2024-11-14,25819840000,6546508600,78546902100,6478840000,14119000000,37736406000,40226006000,150000000,825189900,2.730000
2024-11-15,Bond,30-Year,2024-11-06,2024-11-15,2540000000,6075680500,31075745000,6756644800,13316900000,15648976000,20455470000,0,17237700,2.640000
2024-11-15,Note,10-Year,2024-11-05,2024-11-15,6157382000,10207143200,52207159000,9879001300,17088000000,25785580000,32770580000,0,71262500,2.580000
2024-11-15,Note,3-Year,2024-11-04,2024-11-15,11412250000,14095578800,72095620100,5561000000,13931000000,40805641500,52947440000,0,76951800,2.600000
2024-11-19,Bill,17-Week,2024-11-13,2024-11-19,20838200000,187428400,64187988100,5046790000,13550000000,37564645900,62569950000,0,371443200,3.150000
2024-11-19,Bill,4-Week,2024-11-14,2024-11-19,26316040000,278214100,95279068500,3000000000,14250000000,59078402900,69920232900,0,5402881400,2.770000
2024-11-19,Bill,8-Week,2024-11-14,2024-11-19,23274612500,263571200,90264556500,3816575000,13315000000,61174800000,73235000000,0,1193255200,2.770000
2024-11-21,Bill,40-Day,2024-11-20,2024-11-21,14934630000,0,50000563100,3159330000,10005000000,31711644100,78459700000,0,0,3.870000
2024-11-21,Bill,42-Day,2024-11-19,2024-11-21,35706150000,0,80000434500,5375790000,14385000000,38566871500,45226000000,0,0,2.550000
2024-11-21,Bill,13-Week,2024-11-18,2024-11-21,33123240000,5918956600,86919324200,4850000000,13750000000,41004406000,48152966000,0,1041981700,2.680000
2024-11-21,Bill,26-Week,2024-11-18,2024-11-21,15771820000,5261294700,77262055800,3248820000,12047000000,51389487900,59362165000,0,743042600,2.870000
2024-11-26,Bill,30-Day,2024-11-25,2024-11-26,10373175000,0,40001399400,2400000000,9000000000,27006295400,48179900000,0,0,3.650000
2024-11-26,Bill,4-Week,2024-11-21,2024-11-26,31111325000,275823100,95275949500,2650000000,14200000000,54729788900,60315288900,0,5204446700,2.680000
2024-11-26,Bill,8-Week,2024-11-21,2024-11-26,40357485000,261306000,90261721500,3600000000,13650000000,44416264000,44516264000,0,1127041900,2.520000
2024-11-26,Bill,17-Week,2024-11-20,2024-11-26,17897340000,185817500,64185984900,2500000000,11050000000,43066522600,66033275000,0,363820700,3.140000
2024-11-29,Bill,52-Week,2024-11-26,2024-11-29,15398040000,3322234700,51322778600,1295000000,8455000000,30069146000,48491841000,0,546830400,3.260000
2024-11-29,Bill,41-Day,2024-11-26,2024-11-29,26262520000,0,80000047000,5281320000,13075000000,48264725000,51064725000,0,0,2.610000
2024-11-29,Note,1-Year 11-Month,2024-11-26,2024-11-29,7967410000,0,28000010800,250000000,3000000000,19761440000,22040600000,0,2979800,2.860000
2024-11-29,Bill,13-Week,2024-11-25,2024-11-29,24532040000,5606271300,86606716400,5197000000,15447000000,49185975300,74481857300,0,1047175200,3.100000
2024-11-29,Bill,26-Week,2024-11-25,2024-11-29,27100065000,4983352200,76983437800,3100000000,11600000000,40185820000,41447870000,0,718887800,2.690000
2024-11-29,Note,9-Year 8-Month,2024-11-21,2024-11-29,2388298000,0,17000014300,2820000000,5170000000,11722135800,13056780000,0,27817500,2.350000
2024-12-02,Note,7-Year,2024-11-27,2024-12-02,4383695000,2992799200,46992807400,11386300000,18433400000,28130460000,37257229000,0,24714200,2.710000
2024-12-02,Note,5-Year,2024-11-26,2024-12-02,7886587500,4761271500,74761379400,17159250000,27496000000,44758601000,53334375000,5000000,58778400,2.430000
2024-12-02,Note,2-Year,2024-11-25,2024-12-02,6283000000,4693253400,73693402000,13089750000,27496000000,48906242700,67159377700,105000000,290408900,2.770000
2024-12-02,Bond,20-Year,2024-11-20,2024-12-02,3594548000,1088290600,17088318100,1259057500,3524000000,11043114000,12207114000,0,34834000,2.340000
2024-12-03,Bill,4-Week,2024-11-27,2024-12-03,19439030000,280021600,95281244400,2250000000,13600000000,67241368700,75752145700,0,5052423200,2.810000
2024-12-03,Bill,8-Week,2024-11-27,2024-12-03,32315700000,265283500,90266093200,3450000000,13200000000,53026130000,56689700000,0,912284700,2.610000
2024-12-03,Bill,17-Week,2024-11-27,2024-12-03,23803880000,188646000,64188740100,3050000000,10200000000,36681440000,40671600000,0,328140700,2.800000
2024-12-05,Bill,42-Day,2024-12-03,2024-12-05,26147400000,0,75000255500,3672575000,13525000000,44725828500,66685750000,0,0,3.000000
2024-12-05,Bill,13-Week,2024-12-02,2024-12-05,26379505000,873066300,81873329800,5514810000,14400000000,47031637100,63795477100,0,1105949500,2.890000
2024-12-05,Bill,26-Week,2024-12-02,2024-12-05,20579505000,776058900,72776622200,4775000000,13350000000,44966265500,62818413000,0,811834000,3.020000
2024-12-06,Bill,4-Day,2024-12-05,2024-12-06,25000200,0,25000200,0,0,0,0,0,0,4.580000
2024-12-10,Bill,4-Week,2024-12-05,2024-12-10,30766320000,277712300,85278553200,3350000000,12900000000,44010074000,52866570000,30000000,5411784700,2.740000
2024-12-10,Bill,8-Week,2024-12-05,2024-12-10,15974640000,261376200,80261770300,3506400000,15225000000,58855654900,104509860000,0,1097109500,3.500000
2024-12-10,Bill,17-Week,2024-12-04,2024-12-10,21797525000,209100900,64209137300,6351945000,13840000000,35250730000,58515560000,0,394759400,3.100000
2024-12-12,Bill,42-Day,2024-12-10,2024-12-12,27909910000,0,70000112500,9163715000,15200000000,32662779500,40516724500,0,0,2.670000
2024-12-12,Bill,13-Week,2024-12-09,2024-12-12,22625260000,1296367500,82296694200,8505190000,17870000000,47489428900,59752267300,50000000,1273071700,2.890000
2024-12-12,Bill,26-Week,2024-12-09,2024-12-12,20760450000,1152326600,73152544200,5400000000,14350000000,43762854600,56868221000,78300000,914007200,2.900000
2024-12-16,Bond,29-Year 11-Month,2024-12-12,2024-12-16,3158760000,157561100,22157590100,4196900000,7241900000,14618640000,16963050000,0,9582000,2.390000
2024-12-16,Note,9-Year 11-Month,2024-12-11,2024-12-16,4091907500,279312900,39279340000,7591500000,14707000000,27245240900,35081720000,0,32984700,2.700000
2024-12-16,Note,3-Year,2024-12-10,2024-12-16,8697800000,415388500,58415483800,11919000000,20849000000,36935370000,47826770000,200000000,97423300,2.580000
2024-12-17,Bill,4-Week,2024-12-12,2024-12-17,20937500000,272285900,80272631500,2320000000,13020000000,50472317000,67960417000,0,5204525200,3.140000
2024-12-17,Bill,8-Week,2024-12-12,2024-12-17,29404760000,255268000,75255530200,3307060000,12120000000,40905550000,47668000000,0,1009080200,2.810000
2024-12-17,Bill,17-Week,2024-12-11,2024-12-17,24048255000,217828600,64217918800,5914512500,13400000000,33358674000,39779354000,75000000,437216700,2.830000
2024-12-19,Bill,42-Day,2024-12-17,2024-12-19,35778440000,0,65000531000,4045120000,10900000000,24936000000,27836000000,0,0,2.590000
2024-12-19,Bill,13-Week,2024-12-16,2024-12-19,31261350000,317222800,81317656200,6007580000,13800000000,41627817600,45107038000,0,1259660600,2.620000
2024-12-19,Bill,26-Week,2024-12-16,2024-12-19,14473320000,281975700,72282382200,7931660000,17015000000,47606562200,83526499000,75000000,999693700,3.290000
2024-12-24,Bill,4-Week,2024-12-19,2024-12-24,20745690000,252480200,80252539100,2754950000,12175000000,50405734300,59281190500,0,5001009200,2.930000
2024-12-24,Bill,8-Week,2024-12-19,2024-12-24,18817651000,236700100,75237297200,2938922500,12137500000,51802022700,64720505000,0,953717200,2.980000
2024-12-24,Bill,17-Week,2024-12-18,2024-12-24,20198200000,201984100,64202176600,3002000000,10227000000,40213600000,50894400000,0,413615500,2.970000
2024-12-26,Bill,26-Week,2024-12-23,2024-12-26,14721540000,1409862300,73409976400,1850000000,8325000000,53815505000,58993105000,28400000,750814400,2.870000
2024-12-26,Bill,42-Day,2024-12-23,2024-12-26,24540500000,0,65000653000,2590500000,10425000000,37749000000,37749000000,0,0,2.680000
2024-12-26,Bill,13-Week,2024-12-23,2024-12-26,21283790000,1586095100,82586370900,1407980000,8325000000,56087754000,70247024000,75000000,1270121400,2.860000
2024-12-26,Bill,52-Week,2024-12-23,2024-12-26,10644375000,939908100,48939928600,550000000,7175000000,35682556200,59625604000,0,504334000,3.370000
2024-12-27,Note,1-Year 10-Month,2024-12-24,2024-12-27,8246000000,0,28000198200,250000000,2650000000,19491000000,23507000000,0,3848200,2.980000
2024-12-31,Bill,4-Week,2024-12-26,2024-12-31,18941070000,256160400,75256931800,2600000000,11675000000,47626933700,65924487700,0,4866564700,2.970000
2024-12-31,Bill,8-Week,2024-12-26,2024-12-31,17585000000,239082900,70239319900,2450000000,11525000000,48700596300,60189300000,0,933866200,2.900000
2024-12-31,Bill,17-Week,2024-12-26,2024-12-31,15847460000,218590100,64218633700,2050000000,10400000000,45474960600,57068220000,30000000,395703800,2.910000
2024-12-31,Note,7-Year,2024-12-26,2024-12-31,4069400000,432795200,44433012100,1251151800,11000600000,38569609500,50510890000,0,30594600,2.760000
2024-12-31,Note,5-Year,2024-12-24,2024-12-31,8696335000,688537800,70688599900,14125500000,24657000000,46916098500,54327170000,80000000,57153600,2.400000
2024-12-31,Note,2-Year,2024-12-23,2024-12-31,7702120000,678701700,69678721900,4546317900,14630000000,56132947500,79309830000,5000000,292021500,2.730000
2024-12-31,Note,4-Year 10-Month,2024-12-19,2024-12-31,5564515000,216397600,22216399300,5068000000,7868000000,11260705000,11260705000,0,35135700,2.100000
2024-12-31,Bond,19-Year 11-Month,2024-12-17,2024-12-31,2313640000,127871300,13127872900,2602000000,4437000000,8006770000,10225770000,0,31975600,2.500000
2025-01-02,Bill,13-Week,2024-12-30,2025-01-02,43560740000,4979552700,88979745900,4150000000,13150000000,34187774400,34272824400,15000000,1124101000,2.380000
2025-01-02,Bill,42-Day,2024-12-30,2025-01-02,17851125000,0,75000098500,2802000000,11902000000,54140512500,74143000000,0,0,2.930000
2025-01-02,Bill,26-Week,2024-12-30,2025-01-02,15783840000,4268188000,76268700400,5475000000,15400000000,49018902800,67009058000,0,861979100,3.030000
2025-01-07,Bill,17-Week,2025-01-02,2025-01-07,24157920000,202696800,64203805900,2412780000,10875000000,36702640800,54473664000,0,450057700,3.040000
2025-01-07,Bill,4-Week,2025-01-02,2025-01-07,31995640000,269206700,85269663100,4975000000,12975000000,39694618500,47194618500,2000000000,5180615600,2.680000
2025-01-07,Bill,8-Week,2025-01-02,2025-01-07,23935395000,253371000,80254272400,2552527500,12400000000,49980087000,68481603000,2000000000,1124641900,2.960000
2025-01-09,Bill,13-Week,2025-01-06,2025-01-09,32956390000,4510897800,88511883800,4525000000,14025000000,44100284000,77255398000,100000000,1320311900,3.010000
2025-01-09,Bill,26-Week,2025-01-06,2025-01-09,15084800000,3866483800,75866858600,5585860000,15542000000,49326219000,67908031000,205000000,905279600,3.200000
2025-01-09,Bill,42-Day,2025-01-07,2025-01-09,36079859100,0,85000499600,3794325000,13550000000,44692198500,63584250000,0,0,2.710000
2025-01-14,Bill,17-Week,2025-01-08,2025-01-14,22379651000,188272700,64189966100,3525030000,11100000000,37478340400,61774625000,0,385594200,3.240000
2025-01-14,Bill,4-Week,2025-01-09,2025-01-14,25022000000,279467400,95280497200,3100000000,14800000000,59912265600,82901801600,0,5566360700,2.920000
2025-01-14,Bill,8-Week,2025-01-09,2025-01-14,27413540000,264758600,90265148800,7980000000,17880000000,52719023800,71477975000,0,1292799400,2.810000
2025-01-15,Note,9-Year 10-Month,2025-01-07,2025-01-15,6081224800,8569799900,47569806200,8931395000,14517000000,23867074400,29048399000,0,34044100,2.530000
2025-01-15,Bond,29-Year 10-Month,2025-01-08,2025-01-15,2780512000,4834246100,26834248000,4549750000,8408000000,14636231600,17596776000,0,10016300,2.520000
2025-01-15,Note,3-Year,2025-01-06,2025-01-15,11178155000,12744830700,70744832300,11358000000,20003000000,35213492500,48119260000,0,102278100,2.620000
2025-01-16,Bill,13-Week,2025-01-13,2025-01-16,27677047000,4845189300,88846648600,6660727500,15775000000,47199572900,77731902000,0,1400762600,3.090000
2025-01-16,Bill,26-Week,2025-01-13,2025-01-16,22081490000,4153019300,76153134200,8226000000,16976000000,39836161000,44061161000,0,946303300,2.810000
2025-01-16,Bill,42-Day,2025-01-14,2025-01-16,30120960000,0,85000812000,3750000000,13150000000,50775534000,74862250000,100000000,0,2.920000
2025-01-21,Bill,17-Week,2025-01-15,2025-01-21,26042498000,184115200,64184243100,2669080000,10350000000,34715928000,59350228000,0,363789300,3.190000
2025-01-21,Bill,4-Week,2025-01-16,2025-01-21,30757607500,273296100,95273806600,3900000000,15100000000,53632395600,71481180600,0,5437280200,2.740000
2025-01-21,Bill,8-Week,2025-01-16,2025-01-21,32670200000,258912100,90259542600,3400000000,14500000000,52141913200,76462955200,0,1204931400,2.890000
2025-01-23,Bill,26-Week,2025-01-21,2025-01-23,17440080000,3932399900,75932585500,8950000000,17350000000,43434869000,55243150000,100000000,924315000,3.040000
2025-01-23,Bill,52-Week,2025-01-21,2025-01-23,13706600000,2621599900,50622191600,845800000,7500000000,31979200000,50185500000,10000000,644136800,3.140000
2025-01-23,Bill,13-Week,2025-01-21,2025-01-23,30905465000,4587799900,88588293600,5650000000,13850000000,45030053900,54713188900,0,1252205600,2.800000
2025-01-23,Bill,33-Day,2025-01-22,2025-01-23,31821560000,0,65000101000,3250000000,10750000000,29583110000,31072000000,0,0,2.700000
2025-01-23,Bill,42-Day,2025-01-21,2025-01-23,26531680000,0,85000536000,2600000000,12100000000,55713890000,57291850000,0,0,2.690000
2025-01-28,Bill,17-Week,2025-01-22,2025-01-28,22381450000,185391600,64185973700,2675000000,10475000000,38362429000,66760127000,0,388119300,3.280000
2025-01-28,Bill,8-Week,2025-01-23,2025-01-28,29492400000,260707100,90261470200,3294800000,13802000000,55619555500,63758675500,0,1070535600,2.750000
2025-01-28,Bill,4-Week,2025-01-23,2025-01-28,30859760000,275190800,95276468200,3680000000,14630000000,54164915200,77414285400,0,5243040000,2.880000
2025-01-30,Bill,26-Week,2025-01-27,2025-01-30,21903557500,7116758000,79116804000,5656932500,13475000000,42435845000,52706525000,100000000,948084000,2.920000
2025-01-30,Bill,42-Day,2025-01-28,2025-01-30,29179770000,0,85000103000,3780200000,13400000000,51726978000,56710535000,0,0,2.710000
2025-01-30,Bill,13-Week,2025-01-27,2025-01-30,22901246000,8302884400,92303255900,4525000000,13625000000,54233764300,87526590300,0,1184556300,3.180000
2025-01-31,Bond,19-Year 10-Month,2025-01-22,2025-01-31,1340740000,721881100,13721915600,2589724000,4859000000,8964044000,12519870000,0,54945500,2.750000
2025-01-31,Note,5-Year,2025-01-27,2025-01-31,7738856500,3887052100,73887058300,18161665000,26987000000,43713023700,52457569000,80000000,133342400,2.400000
2025-01-31,Note,10-Year,2025-01-23,2025-01-31,2014370000,1110586300,21110595700,4631400000,7256400000,13199361000,17189661000,0,22182400,2.480000
2025-01-31,Note,2-Year,2025-01-28,2025-01-31,6255000000,1665879500,31665890500,500000000,3250000000,23216392600,29362000000,0,9713400,3.010000
2025-01-31,Note,7-Year,2025-01-28,2025-01-31,4319098400,2443289900,46443305300,10105700000,18060700000,29392776800,37469376800,0,70474200,2.640000
2025-01-31,Note,2-Year,2025-01-27,2025-01-31,9333500000,3831522900,72831587300,14483500000,25638000000,44277660000,58007660000,155000000,335292200,2.660000
2025-02-04,Bill,4-Week,2025-01-30,2025-02-04,19575535000,278185900,95278617100,3175330000,14900000000,65666219700,92535327000,0,5391834700,3.020000
2025-02-04,Bill,8-Week,2025-01-30,2025-02-04,31302265000,263544400,90263696400,4475000000,14325000000,52646470000,56249430000,0,1150559500,2.630000
2025-02-04,Bill,17-Week,2025-01-29,2025-02-04,21216250000,187409400,64187514500,4670050000,12100000000,37529766500,53189904000,0,419700600,3.100000
2025-02-06,Bill,13-Week,2025-02-03,2025-02-06,38001755000,6467667900,90467679900,4600000000,9350000000,39248237300,44410937300,0,1206399200,2.650000
2025-02-06,Bill,42-Day,2025-02-04,2025-02-06,29910685000,0,85000577000,2325000000,8825000000,52416226000,65247950000,0,0,2.800000
2025-02-06,Bill,26-Week,2025-02-03,2025-02-06,17385625000,5543715200,77543859800,5059000000,9909000000,47455970000,61737029000,80000000,988877900,3.040000
2025-02-11,Bill,4-Week,2025-02-06,2025-02-11,34362575000,282274500,95283470900,2450000000,8850000000,51436315100,58422441100,0,5568466800,2.620000
2025-02-11,Bill,8-Week,2025-02-06,2025-02-11,30077185000,267417900,90267569300,2400000000,8650000000,55907571900,71019696000,0,1111308800,2.770000
2025-02-11,Bill,17-Week,2025-02-05,2025-02-11,22761100000,190163800,64191119100,1925000000,7125000000,38720660000,48766445000,0,373951400,2.990000
2025-02-13,Bill,26-Week,2025-02-10,2025-02-13,23719700000,6354833700,78355189500,7043000000,12143000000,39399988000,42705988000,0,896136800,2.860000
2025-02-13,Bill,42-Day,2025-02-11,2025-02-13,32804310000,0,85001513200,2650000000,8825000000,49278899200,68625500000,0,0,2.910000
2025-02-13,Bill,13-Week,2025-02-10,2025-02-13,28964500000,7413972800,91414062000,4350000000,9525000000,48394505000,69593595000,0,1171458500,3.010000
2025-02-18,Bill,17-Week,2025-02-12,2025-02-18,23645825000,184962200,62185289400,1751225000,6750000000,36003363000,70149121000,0,372281600,3.380000
2025-02-18,Bond,30-Year,2025-02-13,2025-02-18,4078779300,6867830200,31867850600,4636400000,6886400000,16241317000,18382937000,0,13734100,2.330000
2025-02-18,Bill,4-Week,2025-02-13,2025-02-18,30594150000,268493600,90269236300,2577060000,8850000000,49935071500,74124774700,0,5570946200,2.930000
2025-02-18,Note,3-Year,2025-02-11,2025-02-18,5855950000,15933366100,73933406800,9097500000,16587000000,42561086800,54745040000,144300000,129120600,2.790000
2025-02-18,Bill,8-Week,2025-02-13,2025-02-18,27209520000,253577300,85254537200,2515555000,8875000000,53800916400,74807350000,0,1012813000,2.940000
2025-02-18,Note,10-Year,2025-02-12,2025-02-18,6198055000,11537954800,53537960700,5687000000,9437000000,29885601300,34582005000,0,96031600,2.480000
2025-02-20,Bill,13-Week,2025-02-18,2025-02-20,29749480000,4179483600,84179721500,6259800000,11925000000,41907765000,63113157000,0,1059110300,2.810000
2025-02-20,Bill,6-Week,2025-02-18,2025-02-20,36112855000,4179483600,84180086400,4096205000,9415000000,39209410000,39785310000,0,276008800,2.490000
2025-02-20,Bill,26-Week,2025-02-18,2025-02-20,24873085000,3657048000,73657440800,7925000000,11525000000,35074393500,37158465000,0,940530300,2.630000
2025-02-20,Bill,52-Week,2025-02-18,2025-02-20,14835095000,2507690100,50508028900,785000000,5155000000,31086648500,46437816000,0,610544700,3.030000
2025-02-25,Bill,17-Week,2025-02-19,2025-02-25,17729320000,184652200,60185511300,7050000000,11800000000,34673113800,68895700000,0,345779000,3.330000
2025-02-25,Bill,8-Week,2025-02-20,2025-02-25,26714675000,246203000,80246697800,2171350000,8300000000,49781364800,68842057800,0,923577200,2.880000
2025-02-25,Bill,4-Week,2025-02-20,2025-02-25,24135600000,261590700,85262233500,2325000000,8525000000,51993200400,74821291300,0,5326626500,2.920000
2025-02-27,Bill,26-Week,2025-02-24,2025-02-27,15303805000,3255742700,71256930400,9286675000,15100000000,41196197900,57379982000,175000000,918597000,3.050000
2025-02-27,Bill,6-Week,2025-02-25,2025-02-27,28581670000,3590892800,78590919300,5650000000,10900000000,39878730200,68116482000,100000000,329620300,3.050000
2025-02-27,Bill,13-Week,2025-02-24,2025-02-27,22607500000,3638771200,79639122400,3580375000,9350000000,47800884300,62909384300,100000000,921631000,2.900000
2025-02-28,Note,5-Year,2025-02-25,2025-02-28,7390090000,7055323500,77055354600,10151800000,18498000000,52255713000,61313713000,5000000,90277100,2.420000
2025-02-28,Note,1-Year 11-Month,2025-02-26,2025-02-28,8984820000,2822129500,30822172600,500000000,1750000000,18489044000,19052500000,0,3337100,2.720000
2025-02-28,Note,7-Year,2025-02-26,2025-02-28,3856458000,4434774800,48434776000,11049500000,16439000000,29009458500,36208587000,0,39174700,2.640000
2025-02-28,Note,2-Year,2025-02-24,2025-02-28,4700825000,6954533300,75954692700,5229432200,13472000000,58509165000,71927800000,0,260138700,2.560000
2025-02-28,Bond,20-Year,2025-02-19,2025-02-28,2782530000,1612645300,17612690100,3100000000,4500000000,10010448000,12931828000,0,40061800,2.430000
2025-02-28,Bond,30-Year,2025-02-20,2025-02-28,647000000,907113000,9907113500,1367000000,1867000000,6927997400,8261025000,0,6770100,2.480000
2025-03-04,Bill,8-Week,2025-02-27,2025-03-04,23752500000,248160300,75248314000,3400000000,9250000000,46455903000,58369525000,0,944481600,2.980000
2025-03-04,Bill,4-Week,2025-02-27,2025-03-04,19105800000,264704500,80264851400,2200000000,8300000000,52131063700,68292323700,0,5325532700,3.100000
2025-03-04,Bill,17-Week,2025-02-26,2025-03-04,29091680000,198528300,60198566400,3040760000,6975000000,27253836000,35301900000,0,411476300,2.780000
2025-03-06,Bill,6-Week,2025-03-04,2025-03-06,27270315000,547074100,70547498300,2100000000,7900000000,39897309500,51013300000,0,323932700,2.920000
2025-03-06,Bill,13-Week,2025-03-03,2025-03-06,28728475000,593966200,76594304500,6500487500,10700000000,38813993300,44325335800,0,989935500,2.770000
2025-03-06,Bill,26-Week,2025-03-03,2025-03-06,15510900000,531443300,68532093600,5050000000,9750000000,45333948000,65655530000,0,1016442000,3.270000
2025-03-06,Bill,12-Day,2025-03-04,2025-03-06,19663210000,0,40000293000,1925000000,4825000000,18319700000,41658000000,0,0,3.840000
2025-03-11,Bill,17-Week,2025-03-05,2025-03-11,15491650000,209140100,60209170500,1675925000,6700000000,42313452500,68464465000,0,364062600,3.420000
2025-03-11,Bill,4-Week,2025-03-06,2025-03-11,20108320000,261425200,75261461800,1950000000,7500000000,46175290600,63092202600,50000000,5500223500,3.000000
2025-03-11,Bill,8-Week,2025-03-06,2025-03-11,25201700000,261425100,75261873900,3019810000,8300000000,45188075000,67790050000,0,1141508800,3.020000
2025-03-13,Bill,13-Week,2025-03-10,2025-03-13,28459000000,765162900,76765939100,4208660000,9400000000,41269501800,51805869100,0,1132129700,2.820000
2025-03-13,Bill,26-Week,2025-03-10,2025-03-13,16777000000,684619400,68685266500,5325000000,10175000000,44089637800,51414889800,0,892968500,3.030000
2025-03-13,Bill,6-Week,2025-03-11,2025-03-13,33026625000,704755300,70705423900,2609500000,7150000000,33700941000,51811516000,0,301970600,2.970000
2025-03-17,Note,3-Year,2025-03-11,2025-03-17,6630799500,983095500,58983121300,15036243100,20176000000,36161120500,50574773500,5000000,79913700,2.700000
2025-03-17,Note,9-Year 11-Month,2025-03-12,2025-03-17,5089809000,661046900,39661161700,7590682000,11590000000,26232149600,32590607000,0,43966200,2.590000
2025-03-17,Bond,29-Year 11-Month,2025-03-13,2025-03-17,3709140000,372898200,22372924000,4974800000,7034800000,13275686000,15606631000,0,24500800,2.370000
2025-03-18,Bill,17-Week,2025-03-12,2025-03-18,16352680000,204238300,60204558500,1950000000,6600000000,41160164000,64912100000,0,363059200,3.290000
2025-03-18,Bill,4-Week,2025-03-13,2025-03-18,23029817500,255297900,75255777800,2100000000,7900000000,43205829100,61014349100,0,5372613600,3.050000
2025-03-18,Bill,8-Week,2025-03-13,2025-03-18,23990425000,255297900,75255947200,2571710000,8250000000,46893036300,65350027700,0,1032048200,3.040000
2025-03-20,Bill,6-Week,2025-03-18,2025-03-20,31703610000,196513800,70196514700,3384010000,8075000000,34143228500,50580905000,0,358493400,2.910000
2025-03-20,Bill,13-Week,2025-03-17,2025-03-20,27129680000,213357900,76213668700,5172360000,10225000000,41518529900,54425001900,50000000,1166369900,2.890000
2025-03-20,Bill,52-Week,2025-03-18,2025-03-20,18711900000,134752300,48135013900,935000000,5710000000,27132144000,44414000000,3200000,558097300,3.130000
2025-03-20,Bill,26-Week,2025-03-17,2025-03-20,17397881000,190899000,68191103100,4661605000,9850000000,44166029400,57133953400,0,855568200,3.010000
2025-03-25,Bill,17-Week,2025-03-19,2025-03-25,22481560000,202318600,60203400800,1703130000,6825000000,35323295000,49332480000,0,320041700,2.990000
2025-03-25,Bill,4-Week,2025-03-20,2025-03-25,20800000000,252898400,75253794000,2375000000,7925000000,45224957000,78299204500,0,5266450900,3.210000
2025-03-25,Bill,8-Week,2025-03-20,2025-03-25,30984660000,252898300,75252964300,2547580000,7750000000,40077672000,48203467000,0,929071500,2.740000
2025-03-27,Bill,6-Week,2025-03-25,2025-03-27,34725000000,815862600,70816327200,3647500000,7800000000,30800771000,51615521000,100000000,348631600,2.920000
2025-03-27,Bill,26-Week,2025-03-24,2025-03-27,13720525000,792552200,68792666900,3690000000,8690000000,48750559000,73828927000,0,833114600,3.270000
2025-03-27,Bill,13-Week,2025-03-24,2025-03-27,21466182000,885793700,76886389000,6064090000,11225000000,46143469500,59405679500,75000000,1191251500,2.960000
2025-03-28,Note,1-Year 10-Month,2025-03-26,2025-03-28,9569145000,0,28000006300,500000000,2000000000,17915975000,21633150000,0,3801300,2.870000
2025-03-31,Bond,19-Year 11-Month,2025-03-18,2025-03-31,1138000000,383969600,13383978900,2888464300,4422000000,8894788000,12171618000,0,40224000,2.780000
2025-03-31,Note,5-Year,2025-03-26,2025-03-31,9204516500,2067528900,72067530900,7652000000,13402000000,52908549000,60635829000,100000000,50637500,2.330000
2025-03-31,Note,2-Year,2025-03-25,2025-03-31,7293000000,2037992800,71038027300,9301395300,17323000000,51890250000,65490250000,100000000,194070000,2.660000
2025-03-31,Note,9-Year 10-Month,2025-03-20,2025-03-31,1685749000,531650200,18531651200,4164000000,5514000000,12081736800,13704370000,0,19215200,2.350000
2025-03-31,Note,7-Year,2025-03-27,2025-03-31,5564015000,1299589600,45299601700,11476200000,15916700000,26877452200,33917298000,0,26662900,2.530000
2025-04-01,Bill,17-Week,2025-03-26,2025-04-01,21756980000,204827100,60205145200,1823400000,6650000000,35878224000,39063384000,0,371352400,2.780000
2025-04-01,Bill,8-Week,2025-03-27,2025-04-01,28427890000,256033900,75256343000,3301290000,8100000000,41864800000,44064800000,0,973286400,2.680000
2025-04-01,Bill,4-Week,2025-03-27,2025-04-01,15824675000,256033900,75256090500,1713325000,7550000000,51101705600,72726955600,0,5128803200,3.140000
2025-04-03,Bill,26-Week,2025-03-31,2025-04-03,15371187500,4337473600,72337746900,3137787500,8500000000,47870733900,57753973000,100000000,735076500,2.990000
2025-04-03,Bill,14-Day,2025-04-01,2025-04-03,15494160000,0,50001364100,2050000000,5700000000,32328208100,49639500000,0,0,3.430000
2025-04-03,Bill,6-Week,2025-04-01,2025-04-03,22319350000,4465046400,74466383000,1900000000,7500000000,44993636600,50335500000,0,450990000,2.880000
2025-04-03,Bill,13-Week,2025-03-31,2025-04-03,28423300000,4847764600,80848295600,4252000000,8900000000,41368908400,44878038400,0,1044167600,2.740000
2025-04-08,Bill,8-Week,2025-04-03,2025-04-08,22961450000,257422300,75257875100,2150000000,7800000000,48316575500,58745273000,100000000,1006694600,2.870000
2025-04-08,Bill,17-Week,2025-04-02,2025-04-08,20371900000,205937800,60206770500,2925000000,6725000000,36117541000,46511911000,0,434444900,2.980000
2025-04-08,Bill,4-Week,2025-04-03,2025-04-08,16133000000,274583900,80275055600,1900000000,7900000000,55513486000,86436201000,0,5269818900,3.140000
2025-04-08,Bill,14-Day,2025-04-07,2025-04-08,28696690000,0,50001198000,3000000000,5750000000,18213000000,18781000000,0,0,2.650000
2025-04-10,Bill,26-Week,2025-04-07,2025-04-10,15873320000,3826768800,71826902700,2784600000,7925000000,47800075000,54712035000,0,839130900,2.790000
2025-04-10,Bill,6-Week,2025-04-08,2025-04-10,24693840000,3939320900,73939363800,3200000000,7500000000,41192565000,56352925000,5000000,518834900,2.830000
2025-04-10,Bill,13-Week,2025-04-07,2025-04-10,21656440000,4276977000,80277195500,3375000000,8925000000,48817022400,63181060000,15000000,1185411100,2.820000
2025-04-15,Note,3-Year,2025-04-08,2025-04-15,11979447000,9680781300,67680795200,3606100000,11461600000,42204940000,51376940000,105000000,55060900,2.470000
2025-04-15,Bond,29-Year 10-Month,2025-04-10,2025-04-15,2700788000,3672020400,25672036400,5671321700,9132200000,13590553000,16472831500,0,11501300,2.430000
2025-04-15,Note,9-Year 10-Month,2025-04-09,2025-04-15,4162929500,6509490900,45509509700,546000000,7792000000,34194897500,43071415000,0,42276900,2.670000
2025-04-15,Bill,17-Week,2025-04-09,2025-04-15,25646320000,198191900,60198254500,2400820000,6425000000,31390978000,36099938000,0,396245700,2.710000
2025-04-15,Bill,4-Week,2025-04-10,2025-04-15,19361025000,280772000,85281690500,1625000000,8575000000,57537161500,72857663300,0,5291771500,2.950000
2025-04-15,Bill,8-Week,2025-04-10,2025-04-15,19975220000,247739900,75248008400,1975000000,7175000000,51522490000,76928575000,5000000,992321400,3.100000
2025-04-17,Bill,13-Week,2025-04-14,2025-04-17,23948164000,3722594300,79722993400,3150000000,8900000000,46330180100,68063374100,200000000,1226000700,2.960000
2025-04-17,Bill,6-Week,2025-04-15,2025-04-17,24581150000,3428705300,73429471900,2546000000,7475000000,41899715000,55009080000,0,562564600,2.740000
2025-04-17,Bill,52-Week,2025-04-15,2025-04-17,13307750000,2351112100,50351490800,1255000000,4855000000,32394657000,41380600000,0,520403400,2.940000
2025-04-17,Bill,26-Week,2025-04-14,2025-04-17,15768900000,3330742200,71331145600,6284000000,11284000000,44399027500,50165037900,0,761714100,2.800000
2025-04-22,Bill,8-Week,2025-04-17,2025-04-22,24925450000,239006400,75239428800,2590000000,8090000000,46104308300,66199500000,0,940026400,2.940000
2025-04-22,Bill,4-Week,2025-04-17,2025-04-22,22778340000,270874000,85271142200,1950000000,8450000000,53794500900,72125205500,0,5256907300,2.910000
2025-04-22,Bill,17-Week,2025-04-16,2025-04-22,23005780000,191205100,60191404900,957000000,6207000000,35309565000,42556725000,20000000,478603100,2.750000
2025-04-24,Bill,6-Week,2025-04-22,2025-04-24,32344050000,3055972600,73056974500,2578400000,8100000000,34088852000,47086560000,0,558295900,2.830000
2025-04-24,Bill,13-Week,2025-04-21,2025-04-24,22102500000,3317913100,79318471900,5944500000,12150000000,45575018000,64491008000,100000000,1170998900,3.010000
2025-04-24,Bill,26-Week,2025-04-21,2025-04-24,15433500000,2968659000,70968959600,8888000000,14538000000,42017757000,48188800000,200000000,751525100,2.930000
2025-04-29,Bill,4-Week,2025-04-24,2025-04-29,21432600000,279257600,85279304000,2600000000,8800000000,54427946700,65463275700,0,5235714500,2.900000
2025-04-29,Bill,8-Week,2025-04-24,2025-04-29,24512850000,246403800,75246748600,2175000000,7625000000,46710485000,68105020000,0,1023460700,3.010000
2025-04-29,Bill,17-Week,2025-04-23,2025-04-29,24173445000,197122900,60197478500,1760000000,6810000000,33416823000,41443001000,0,418392600,2.920000
2025-04-30,Note,5-Year,2025-04-23,2025-04-30,7768076000,4793536100,74793623100,17362633800,25521000000,44753632000,53759632000,5000000,40643200,2.410000
2025-04-30,Note,2-Year,2025-04-23,2025-04-30,14858720000,2054372600,32054605000,550000000,2050000000,14575000000,17075000000,0,8389400,2.690000
2025-04-30,Note,2-Year,2025-04-22,2025-04-30,9431826300,4725057000,73725067300,20646000000,26496000000,38561700000,52112710000,100000000,124482000,2.520000
2025-04-30,Note,7-Year,2025-04-24,2025-04-30,6706000000,3013079700,47013098600,11173500000,19467900000,26049613000,31965937000,0,25546900,2.550000
2025-04-30,Note,5-Year,2025-04-17,2025-04-30,4484820000,1711977100,26711989800,4412000000,6087000000,15934432000,18583432000,0,41161700,2.280000
2025-04-30,Bond,19-Year 10-Month,2025-04-16,2025-04-30,2189235000,890228100,13890238900,1587646500,3074000000,9106734000,12365634000,0,41753300,2.630000
2025-05-01,Bill,6-Week,2025-04-29,2025-05-01,23974900000,5170910800,75171451300,2525000000,8425000000,42645655900,66725643400,0,485832600,3.140000
2025-05-01,Bill,13-Week,2025-04-28,2025-05-01,20051896700,5614131600,81614722000,3125000000,8625000000,50514444300,74399416000,0,1182468400,3.100000
2025-05-01,Bill,26-Week,2025-04-28,2025-05-01,20159740000,5023170400,73023404900,6620385000,12365300000,39724780000,44874908000,0,678949500,2.800000
2025-05-06,Bill,8-Week,2025-05-01,2025-05-06,18284435000,251831500,75252105800,2145165000,8322000000,53006491200,86654225000,0,1044168300,3.280000
2025-05-06,Bill,4-Week,2025-05-01,2025-05-06,28527175000,285409100,85286150500,2881900000,9075000000,47128201100,53423281700,0,5255496000,2.740000
2025-05-06,Bill,17-Week,2025-04-30,2025-05-06,20090760000,201465200,60201526300,1650000000,6750000000,37523016900,49391050000,0,514648200,3.080000
2025-05-08,Bill,26-Week,2025-05-05,2025-05-08,15682020000,4121160200,72122499800,6123542000,12340000000,44436419200,85681112000,100000000,851263700,3.520000
2025-05-08,Bill,6-Week,2025-05-06,2025-05-08,25516000000,4242370900,74242923200,1850000000,7600000000,41641677500,55228030000,0,515631800,2.910000
2025-05-08,Bill,13-Week,2025-05-05,2025-05-08,27417890000,4606002600,80606707500,3402445000,9140000000,42743356400,48401770000,0,1241072600,2.740000
2025-05-13,Bill,17-Week,2025-05-07,2025-05-13,18785370000,197547900,60197801300,2075000000,7375000000,38495075000,47332900000,0,426727500,3.020000
2025-05-13,Bill,8-Week,2025-05-08,2025-05-13,25042050000,246935000,75247505300,2500000000,7750000000,45922339000,65003815000,0,1022829300,2.980000
2025-05-13,Bill,4-Week,2025-05-08,2025-05-13,27963750000,279859700,85279942600,2412700000,8162700000,48117674000,60058699000,0,5340301200,2.820000
2025-05-13,Bill,16-Day,2025-05-08,2025-05-13,18156470000,0,25000181000,1300000000,3550000000,5438280000,24566000000,0,0,4.000000
2025-05-15,Bill,13-Week,2025-05-12,2025-05-15,34251760000,6671237300,82671712000,3450000000,8550000000,35752115400,36401990400,100000000,1257341700,2.510000
2025-05-15,Bond,30-Year,2025-05-08,2025-05-15,3467657500,8824824300,33824847300,6778900000,9023900000,14669592500,17137543000,0,43910000,2.310000
2025-05-15,Bill,6-Week,2025-05-13,2025-05-15,25260000000,6144560700,76144816500,3842500000,8425000000,39923315000,44414440000,0,555886800,2.770000
2025-05-15,Note,3-Year,2025-05-05,2025-05-15,8037448000,20473592400,78473611500,13688000000,19388000000,36008840000,46689840000,155000000,53103300,2.560000
2025-05-15,Note,10-Year,2025-05-06,2025-05-15,3736150000,14825704800,56825711900,8321500000,13760000000,29794965000,36794765000,0,76435100,2.600000
2025-05-15,Bill,52-Week,2025-05-13,2025-05-15,9890700000,4213413000,52214192500,930000000,5395000000,36185378300,56817264300,0,455838200,3.310000
2025-05-15,Bill,26-Week,2025-05-12,2025-05-15,14596650000,5969001700,73969637500,8453000000,14053000000,43037329500,71036005000,275000000,746893700,3.260000
2025-05-20,Bill,4-Week,2025-05-15,2025-05-20,22928010000,273502000,85273903400,2000430000,9050000000,53682072400,75866220700,0,5284452000,2.910000
2025-05-20,Bill,8-Week,2025-05-15,2025-05-20,22671035000,241325300,75242344500,1939422500,7450000000,48901894000,64930555000,0,970003800,2.850000
2025-05-20,Bill,17-Week,2025-05-14,2025-05-20,20446870000,193060200,60193987800,2677205000,7131000000,36257485500,61429313000,0,399570900,3.280000
2025-05-22,Bill,26-Week,2025-05-19,2025-05-22,25752250000,4251620300,72252146300,7050000000,11550000000,33464051200,36964301200,5000000,802765300,2.590000
2025-05-22,Bill,6-Week,2025-05-20,2025-05-22,25579560000,4376668000,74377770900,3693660000,9223000000,39780878600,58534985000,0,549616300,2.970000
2025-05-22,Bill,13-Week,2025-05-19,2025-05-22,26257640000,4751810900,80751971400,3326000000,8976000000,43761992500,51785695500,0,1298423200,2.760000
2025-05-27,Bill,17-Week,2025-05-21,2025-05-27,22330110000,196549900,60198039800,2061065000,7240000000,34989267300,56485000000,0,424459100,3.210000
2025-05-27,Bill,4-Week,2025-05-22,2025-05-27,23995300000,278445800,85278992500,2369220000,9551000000,52198630000,59534670000,0,5219545000,2.780000
2025-05-27,Bill,8-Week,2025-05-22,2025-05-27,28464310000,245687400,75246671300,3155515000,9110000000,41822455000,64439640000,0,993211200,2.890000
2025-05-29,Bill,13-Week,2025-05-27,2025-05-29,23229225000,4279733600,80280701600,6110000000,12475000000,44315000800,81253000800,0,1197852300,3.180000
2025-05-29,Bill,26-Week,2025-05-27,2025-05-29,23545125000,3829235200,71829451900,6425000000,12050000000,36409369000,49979874000,0,745443700,2.950000
2025-05-29,Bill,6-Week,2025-05-27,2025-05-29,27718524000,3941859900,73943902300,3798760000,9556000000,37761759600,60912276000,0,504189800,3.000000
2025-05-30,Note,9-Year 8-Month,2025-05-22,2025-05-30,2135121500,0,18000018400,2992000000,4192000000,12794028700,14635210000,0,27752200,2.360000
2025-05-30,Note,1-Year 11-Month,2025-05-28,2025-05-30,9774827500,0,28000004100,550000000,1800000000,17653724000,20964000000,0,13419600,2.950000
2025-06-02,Note,2-Year,2025-05-27,2025-06-02,7196928000,9446204800,78446209700,17986500000,25100050000,43508755000,58591755000,5000000,137275200,2.570000
2025-06-02,Note,7-Year,2025-05-29,2025-06-02,2123837500,6023666700,50023709000,10360571300,17404900000,31350156700,39218968000,83000000,31760800,2.690000
2025-06-02,Bond,20-Year,2025-05-21,2025-06-02,2669255000,2190424200,18190439100,2221300000,3626300000,10894000100,13192612000,0,56836800,2.460000
2025-06-02,Note,5-Year,2025-05-28,2025-06-02,6453820000,9583106300,79583112500,8660750000,14995000000,54765969000,62178785000,5000000,42761200,2.390000
2025-06-03,Bill,4-Week,2025-05-29,2025-06-03,18950480000,273840400,75274199000,2895060000,8750000000,46718216000,56025358500,0,5206209600,2.920000
2025-06-03,Bill,8-Week,2025-05-29,2025-06-03,20041600000,237328200,65237681800,2884370000,8100000000,40645605000,56511773000,0,911590600,3.070000
2025-06-03,Bill,17-Week,2025-05-28,2025-06-03,15849164000,219072200,60220188200,6778260000,12740000000,36776891600,66234500000,0,409676600,3.360000
2025-06-05,Bill,6-Week,2025-06-03,2025-06-05,21578110000,1301764100,61302730100,2217340000,7500000000,35193264000,67331805000,0,600700000,3.440000
2025-06-05,Bill,13-Week,2025-06-02,2025-06-05,33165908000,1648901100,77649037300,4704180000,10235000000,35717408500,43542804500,100000000,1166759300,2.680000
2025-06-05,Bill,26-Week,2025-06-02,2025-06-05,19348235000,1475332500,69475588000,7432925000,13211000000,39259823000,64566538000,200000000,782464400,3.130000
2025-06-10,Bill,17-Week,2025-06-04,2025-06-10,20049200000,239254400,60239275500,2388840000,8725000000,36955565400,56521685000,0,406640900,3.130000
2025-06-10,Bill,4-Week,2025-06-05,2025-06-10,12762725000,259192400,65259699700,2250000000,7875000000,43429358000,60285298100,100000000,5271837200,3.260000
2025-06-10,Bill,8-Week,2025-06-05,2025-06-10,20510805000,219316600,55219848900,1950000000,7150000000,31048873200,56119080000,0,924136200,3.380000
2025-06-12,Bill,52-Week,2025-06-10,2025-06-12,11237525000,1568671200,49569475500,1501794000,6082000000,34136510000,55239860000,1700000,520871700,3.220000
2025-06-12,Bill,26-Week,2025-06-09,2025-06-12,24838960000,2222284300,70223101300,7938120000,12160000000,33438181000,38499739000,78300000,779198100,2.740000
2025-06-12,Bill,6-Week,2025-06-10,2025-06-12,17575000000,1797435900,56797571200,2629866000,7120000000,33964366000,55125571200,0,535420300,3.320000
2025-06-12,Bill,13-Week,2025-06-09,2025-06-12,24191964000,2483729600,78483941300,5313220000,10685000000,43925444000,49069218000,0,1333597000,2.690000
2025-06-16,Note,3-Year,2025-06-10,2025-06-16,8786719000,1043064200,59043067400,10430000000,15358000000,38635435000,48573130000,5000000,54097200,2.520000
2025-06-16,Bond,29-Year 11-Month,2025-06-12,2025-06-16,2507004000,395645000,22395657700,5145200000,7780700000,14313193000,17290577000,0,10757700,2.430000
2025-06-16,Note,9-Year 11-Month,2025-06-11,2025-06-16,3483480000,701370600,39701375700,7962750000,12106000000,27429054000,33340554000,0,66264100,2.520000
2025-06-17,Bill,4-Week,2025-06-12,2025-06-17,7894260000,251864400,65252142400,2975000000,8525000000,47971839900,58588520800,0,5130180400,3.220000
2025-06-17,Bill,8-Week,2025-06-12,2025-06-17,30126200000,213116000,55213314800,4930000000,7980000000,18382000000,20430160000,0,938939800,2.670000
2025-06-17,Bill,17-Week,2025-06-11,2025-06-17,19376980000,232490200,60232799400,3043070000,8480000000,37016510000,46786070000,0,398798800,2.960000
2025-06-20,Bill,6-Week,2025-06-17,2025-06-20,24652795000,1309415900,56309596700,3234292500,7450000000,26349755000,30060945000,0,470159300,2.780000
2025-06-20,Bill,13-Week,2025-06-16,2025-06-20,21272800000,1809374500,77809494200,6045000000,11545000000,46168872000,69971306500,83500000,1304369900,2.990000
2025-06-20,Bill,26-Week,2025-06-16,2025-06-20,21526375000,1618914100,69619046100,7467625000,11560000000,37126375000,43015500000,75000000,951147700,2.730000
2025-06-24,Bill,17-Week,2025-06-18,2025-06-24,15829915000,236500600,60236516800,3212945500,8935000000,40415133000,46351940000,0,372788300,2.880000
2025-06-24,Bill,8-Week,2025-06-18,2025-06-24,25019500000,216792200,55216838200,4683475000,8025000000,21654830000,26276100000,2000000000,1135757100,2.700000
2025-06-24,Bill,4-Week,2025-06-18,2025-06-24,10775283300,256209000,65256507700,1740000000,8240000000,46856872000,55996587000,0,4748198300,3.150000
2025-06-26,Bill,13-Week,2025-06-23,2025-06-26,8745000000,3223399300,79225636500,5075000000,13575000000,59942007000,104566925000,75000000,1202590800,3.490000
2025-06-26,Bill,6-Week,2025-06-24,2025-06-26,17665275000,2332723300,57332746700,3408245000,8460000000,32745022900,52071975000,0,548390500,3.110000
2025-06-26,Bill,26-Week,2025-06-23,2025-06-26,25286910000,2884094100,70884503100,4940000000,9865000000,36124454000,40451124000,28400000,841669900,2.700000
2025-06-27,Note,1-Year 10-Month,2025-06-25,2025-06-27,14971000000,0,28000029900,250000000,1750000000,12761908000,13746000000,0,1608900,2.790000
2025-06-30,Note,7-Year,2025-06-26,2025-06-30,5115112500,4378592000,48378592200,5104800000,10147100000,33716042000,39455355000,0,19332700,2.530000
2025-06-30,Note,5-Year,2025-06-25,2025-06-30,7608640000,6965941900,76966020900,17080558400,22593800000,45211732000,53622172000,5000000,43738600,2.360000
2025-06-30,Note,2-Year,2025-06-24,2025-06-30,9048450000,6866428500,75866447200,18085000000,23976000000,41561495000,54133495000,5000000,125905700,2.580000
2025-06-30,Note,4-Year 10-Month,2025-06-17,2025-06-30,1503820500,2288809400,25288893600,4319000000,5919000000,17123940400,22375624000,0,15871300,2.530000
2025-06-30,Bond,19-Year 11-Month,2025-06-16,2025-06-30,1727004400,1293674900,14293677600,2567500000,4109000000,8618112000,11807112000,0,41575300,2.680000
2025-07-01,Bill,17-Week,2025-06-25,2025-07-01,13096750000,263726000,63264275300,4145000000,9520000000,45238458000,65881108000,0,368325300,3.130000
2025-07-01,Bill,8-Week,2025-06-26,2025-07-01,16747130000,209306500,50209826900,5400000000,11050000000,25200209000,43215854000,0,1714933500,3.240000
2025-07-01,Bill,4-Week,2025-06-26,2025-07-01,12048485000,251167700,60251212100,1492770000,7250000000,40373483300,47618483300,0,5078909100,3.060000
2025-07-01,Bill,77-Day,2025-06-26,2025-07-01,30264510000,0,60000678000,3905000000,7905000000,25754100000,27555000000,0,0,2.460000
2025-07-03,Bill,26-Week,2025-06-30,2025-07-03,20505960000,4789880300,75790269800,6018080000,11940000000,42283280000,49867120000,210000000,836310500,2.770000
2025-07-03,Bill,6-Week,2025-07-01,2025-07-03,20021045000,3373155200,53373878800,4070000000,8270000000,24619797500,34476410000,0,705971100,2.970000
2025-07-03,Bill,13-Week,2025-06-30,2025-07-03,16223730000,5329585100,84329792700,5730500000,11775500000,55049316900,83814055400,0,1060191200,3.040000
2025-07-08,Bill,17-Week,2025-07-02,2025-07-08,21397120000,281772000,65282511400,4115000000,9500000000,39019540000,59533500000,0,327061400,3.040000
2025-07-08,Bill,77-Day,2025-07-03,2025-07-08,20880580000,0,60000947000,2676580000,7425000000,36328560000,53441000000,0,0,2.900000
2025-07-08,Bill,4-Week,2025-07-03,2025-07-08,9151000000,238422600,55238694700,1389500000,6200000000,38629483000,52466402200,0,4815675400,3.260000
2025-07-08,Bill,8-Week,2025-07-03,2025-07-08,17872480000,195072900,45195963600,2675755000,7050000000,22319300000,32323500000,0,1381806700,3.100000
2025-07-10,Bill,13-Week,2025-07-07,2025-07-10,23471812500,4719575300,86719644800,4900000000,11900000000,51517075000,65957450000,115000000,1185743100,2.750000
2025-07-10,Bill,26-Week,2025-07-07,2025-07-10,17089560000,4201573100,77202455400,8316000000,14611000000,45674085300,60860927000,100000000,906272200,3.000000
2025-07-10,Bill,6-Week,2025-07-08,2025-07-10,16944870000,2877789800,52877945700,3114905000,7565000000,28714977500,49692400000,50000000,731918400,3.270000
2025-07-10,Bill,52-Week,2025-07-08,2025-07-10,15578125000,2877789700,52877857500,2376625000,6871000000,30866500000,52234800000,0,569262700,3.230000
2025-07-15,Note,3-Year,2025-07-08,2025-07-15,9549700000,6862758600,64862776900,16992784000,22376000000,31302095000,41729070000,5000000,55511300,2.510000
2025-07-15,Note,9-Year 10-Month,2025-07-09,2025-07-15,4229690000,4614613500,43614645500,9220455100,13968000000,25447656000,31292256000,0,42501900,2.610000
2025-07-15,Bill,4-Week,2025-07-10,2025-07-15,15387460000,259508100,80260099700,3750000000,9800000000,54950036200,81084070000,0,4835067500,3.080000
2025-07-15,Bill,8-Week,2025-07-10,2025-07-15,27437120000,227069600,70227968600,4874120000,9760000000,35746710000,48217800000,100000000,1235527400,2.860000
2025-07-15,Bill,17-Week,2025-07-09,2025-07-15,21972780000,210850300,65212666100,3607598000,8570000000,38903028000,63420800000,0,343213700,3.030000
2025-07-15,Bond,29-Year 10-Month,2025-07-10,2025-07-15,2816850000,2603115300,24603117400,6019900000,8108900000,13137015000,15326815000,0,9613100,2.380000
2025-07-17,Bill,6-Week,2025-07-15,2025-07-17,21767220000,2855184200,72855309300,2715915000,8410000000,44425217500,57357230000,0,696537600,2.920000
2025-07-17,Bill,13-Week,2025-07-14,2025-07-17,25511095000,3344644300,85344773700,4693745000,12065000000,49122706900,79192048500,300000000,1258025300,3.100000
2025-07-17,Bill,26-Week,2025-07-14,2025-07-17,16804813500,2977549200,75977882800,7480000000,13550000000,46372177600,65477792000,100000000,1091030000,3.100000
2025-07-22,Bill,8-Week,2025-07-17,2025-07-22,33411360000,239732800,80240274900,3745920000,10600000000,40991132400,47399510000,0,1240663700,2.600000
2025-07-22,Bill,17-Week,2025-07-16,2025-07-22,24285820000,194782800,65195318500,3973570000,8475000000,36088679600,61165348000,100000000,367276100,3.020000
2025-07-22,Bill,4-Week,2025-07-17,2025-07-22,15617540000,269699400,90270238000,3964590000,10205000000,64543308800,85487281600,0,4832839000,2.910000
2025-07-24,Bill,13-Week,2025-07-21,2025-07-24,24876020000,3157086800,85157260300,5300000000,11400000000,49465652800,78200104400,100000000,1196303900,2.980000
2025-07-24,Bill,26-Week,2025-07-21,2025-07-24,19336200000,2810577300,75810659300,7790000000,14140000000,43587337000,64787017000,305000000,956146200,3.060000
2025-07-24,Bill,6-Week,2025-07-22,2025-07-24,24969800000,3080084800,83080376700,2273400000,8700000000,51676611600,70239627600,0,641706300,2.850000
2025-07-29,Bill,8-Week,2025-07-24,2025-07-29,26880290000,240540600,85240750600,5730425000,11850000000,48682040000,56569733000,2000000000,1127196000,2.630000
2025-07-29,Bill,17-Week,2025-07-23,2025-07-29,16434480600,183942800,65185347400,5775000000,10975000000,42218784600,85420185000,0,383588900,3.550000
2025-07-29,Bill,4-Week,2025-07-24,2025-07-29,25978525000,268839600,95268926300,2604700000,9000000000,60604175400,69065715400,0,4857790000,2.690000
2025-07-31,Note,5-Year,2025-07-28,2025-07-31,8544536000,4766718600,74766753000,20611000000,26298000000,40723216400,48310520000,4000000,26721000,2.310000
2025-07-31,Bond,19-Year 10-Month,2025-07-23,2025-07-31,1379975000,885247700,13885258600,2814500000,5018000000,8683210000,12207677000,0,48110900,2.790000
2025-07-31,Note,2-Year,2025-07-28,2025-07-31,7048617500,4698622800,73698811200,23524063000,31113000000,37866200000,54499900000,205000000,159519900,2.620000
2025-07-31,Bill,26-Week,2025-07-28,2025-07-31,15040295000,4361456600,77361508000,6797952500,14110000000,48890430900,84714377000,220000000,937778000,3.360000
2025-07-31,Bill,6-Week,2025-07-29,2025-07-31,30811250000,4779678500,84780729800,4356250000,10515000000,43941870000,49389745000,0,553656300,2.660000
2025-07-31,Note,2-Year,2025-07-29,2025-07-31,11822005000,2042879500,32042881500,250000000,1500000000,17903000000,22020000000,0,5033000,2.810000
2025-07-31,Bill,13-Week,2025-07-28,2025-07-31,17681514000,4899170400,86899304800,4674365000,11300000000,57386435400,92802315000,0,1182676900,3.210000
2025-07-31,Note,7-Year,2025-07-29,2025-07-31,1784000000,2996223100,46996686100,14789730500,24016400000,27343247200,38162144000,0,23334300,2.790000
2025-07-31,Note,10-Year,2025-07-24,2025-07-31,1120066000,1430015600,22430027400,6682500000,8834500000,13110655900,16071412000,0,14284900,2.410000
2025-08-05,Bill,8-Week,2025-07-31,2025-08-05,34848595000,230255300,85230803500,4425390000,10575000000,44065251000,45065251000,100000000,1020174700,2.520000
2025-08-05,Bill,4-Week,2025-07-31,2025-08-05,26205490000,257344200,95257799800,2801540000,9500000000,60081667600,61081667600,0,4848043500,2.630000
2025-08-05,Bill,17-Week,2025-07-30,2025-08-05,15715302500,176077500,65177181200,3569975000,9225000000,45140037900,85027906000,0,428855300,3.450000
2025-08-07,Bill,26-Week,2025-08-04,2025-08-07,11553755000,4070896500,77071461600,6462675000,13242000000,52981411700,77549800000,80000000,947307200,3.140000
2025-08-07,Bill,13-Week,2025-08-04,2025-08-07,18944794000,4572787900,86573490800,5738410000,12160000000,55108457700,98661556000,0,1215112900,3.170000
2025-08-07,Bill,6-Week,2025-08-05,2025-08-07,31339330000,4740085100,89741403400,3239880000,9300000000,49319725000,54816140000,0,587152300,2.600000
2025-08-07,Bill,52-Week,2025-08-05,2025-08-07,18878904000,2788285300,52788599100,2350668000,6155000000,27654420000,32210300000,0,551842100,2.850000
2025-08-12,Bill,17-Week,2025-08-06,2025-08-12,16975480000,174412100,65174652000,3649560000,11100000000,43787874000,73891186000,0,420154900,3.310000
2025-08-12,Bill,4-Week,2025-08-07,2025-08-12,29513812500,268326500,100269741900,3160750000,11025000000,59228207300,77794359800,2000000000,4828635600,2.820000
2025-08-12,Bill,8-Week,2025-08-07,2025-08-12,20637910000,228077400,85228483300,3140650000,11510000000,59652556000,92279545000,0,1013511700,3.160000
2025-08-14,Bill,26-Week,2025-08-11,2025-08-14,13950725000,4988097900,77988611000,6035000000,12385000000,51088758000,80848681000,0,953601000,3.210000
2025-08-14,Bill,6-Week,2025-08-12,2025-08-14,47362000000,5808059300,90808200900,3904000000,9254000000,32374955000,36224955000,0,758902600,2.400000
2025-08-14,Bill,13-Week,2025-08-11,2025-08-14,29291370000,5603069000,87603948600,4453662500,10750000000,46091309400,54728839400,0,1160866100,2.640000
2025-08-15,Note,3-Year,2025-08-05,2025-08-15,10342600000,19683688400,77683702500,16275135000,21043000000,31228990000,40953040000,0,56157600,2.530000
2025-08-15,Bond,30-Year,2025-08-07,2025-08-15,4356975000,8484348400,33484349300,5747800000,7997800000,14856087000,16414087000,0,12668900,2.270000
2025-08-15,Note,10-Year,2025-08-06,2025-08-15,6762778000,14253705400,56253817500,8210000000,12175000000,26884766000,30844416000,0,71952400,2.350000
2025-08-19,Bill,17-Week,2025-08-13,2025-08-19,18497995000,176201100,65176941600,3401952500,8841670000,42464397800,84963221000,0,418241200,3.500000
2025-08-19,Bill,4-Week,2025-08-14,2025-08-19,31523130000,271078700,100271770400,3650000000,10950000000,56619195000,65848660000,2000000000,4914662600,2.670000
2025-08-19,Bill,8-Week,2025-08-14,2025-08-19,34382620000,230416900,85230941000,3864600000,10130000000,45176930000,62934630000,0,1124174700,2.720000
2025-08-21,Bill,6-Week,2025-08-19,2025-08-21,39911745000,3997354800,88997458100,4785400000,10688500000,38935365000,46835365000,0,797163300,2.570000
2025-08-21,Bill,13-Week,2025-08-18,2025-08-21,25301960000,3856271600,85856639500,6765250000,12275000000,47766549700,56383729700,0,1118856300,2.700000
2025-08-21,Bill,26-Week,2025-08-18,2025-08-21,16839978500,3433022300,76433166800,7275270000,12925000000,47005556700,63459000000,10000000,893758800,2.950000
2025-08-26,Bill,17-Week,2025-08-20,2025-08-26,21065380000,175569900,65175674500,4145000000,9395000000,39334540000,60111500000,0,323316400,3.140000
2025-08-26,Bill,4-Week,2025-08-21,2025-08-26,29794720000,270107700,100270704000,4495000000,10995000000,57314900700,59314100700,2000000000,5122546500,2.610000
2025-08-26,Bill,8-Week,2025-08-21,2025-08-26,23058175000,229591400,85229768600,4717805000,11229000000,55588382500,60497755000,0,1169989700,2.710000
2025-08-28,Bill,26-Week,2025-08-25,2025-08-28,11637975000,3160492500,76160596100,10067000000,16717000000,49421061000,91175166000,75000000,870392400,3.360000
2025-08-28,Bill,13-Week,2025-08-25,2025-08-28,23073465000,3550142400,85550429800,5679525000,12383000000,51175005000,81097812800,0,1073435600,3.070000
2025-08-28,Bill,6-Week,2025-08-26,2025-08-28,24272370000,3680025600,88681118900,5737095000,11690000000,53669552500,85254120000,0,740160800,2.930000
2025-08-29,Bond,29-Year 6-Month,2025-08-21,2025-08-29,354775500,0,8000011500,1996000000,3303000000,5602973900,7905114000,0,6267100,2.780000
2025-08-29,Note,1-Year 11-Month,2025-08-27,2025-08-29,5997450000,0,28000072000,200000000,1700000000,21783862500,31310000000,0,2212500,3.220000
2025-09-02,Note,5-Year,2025-08-27,2025-09-02,6139000000,8448289400,78448346900,21480101000,26963000000,42264749000,50435954000,9200000,32271500,2.360000
2025-09-02,Bond,20-Year,2025-08-20,2025-09-02,2040878000,1931037500,17931045300,4193000000,5850000000,9605842000,12441842000,0,76920800,2.540000
2025-09-02,Bill,4-Week,2025-08-28,2025-09-02,29076795000,261553000,100262555400,5291445000,12155000000,57010035900,68208108300,2000000000,5215960100,2.680000
2025-09-02,Bill,8-Week,2025-08-28,2025-09-02,26526420000,222320000,85223324700,3855000000,10155000000,52945191600,70258590000,0,1187872300,2.920000
2025-09-02,Bill,17-Week,2025-08-27,2025-09-02,16816620000,170009300,65170499600,3250350000,8430000000,44403075600,60290052000,0,363792800,3.000000
2025-09-02,Note,2-Year,2025-08-26,2025-09-02,6659350000,8327599600,77327624900,22673100000,32884000000,39032454200,55364243000,305000000,152426100,2.690000
2025-09-02,Note,7-Year,2025-08-28,2025-09-02,4297200000,5310353300,49310372900,5604550000,10164300000,34002535000,39123535000,0,25387600,2.490000
2025-09-04,Bill,52-Week,2025-09-02,2025-09-04,7569752500,1006165600,51006327000,1127025000,5920000000,40258898000,80211690000,1700000,500016300,3.820000
2025-09-04,Bill,26-Week,2025-09-02,2025-09-04,24426935000,1469001700,74469295200,7815000000,12265000000,38999613000,46044613000,0,864587200,2.700000
2025-09-04,Bill,6-Week,2025-09-02,2025-09-04,30334750000,1710481600,86710659000,4597990000,10130000000,48848142400,52228417400,0,686969000,2.640000
2025-09-04,Bill,13-Week,2025-09-02,2025-09-04,22378180000,1650111600,83650546400,5780000000,12105000000,51625013000,69192934200,0,1170823400,2.960000
2025-09-09,Bill,4-Week,2025-09-04,2025-09-09,30980465000,277177700,100277478100,5780000000,12730000000,56698768100,79333515600,0,5201217800,2.780000
2025-09-09,Bill,8-Week,2025-09-04,2025-09-09,32285747500,235600900,85236145600,5848375000,11101000000,45314222500,63640339000,0,1098730700,2.790000
2025-09-09,Bill,17-Week,2025-09-03,2025-09-09,19843470000,180165400,65180254300,3703692500,9051000000,40880940900,77818275000,0,375422900,3.340000
2025-09-11,Bill,6-Week,2025-09-09,2025-09-11,31103275000,2814926500,87815146400,4805550000,11670000000,47752558000,58569168000,100000000,702096900,2.730000
2025-09-11,Bill,13-Week,2025-09-08,2025-09-11,29091640000,2715576000,84716249300,6658440000,12745000000,43995039500,53925519500,0,1219264600,2.810000
2025-09-11,Bill,26-Week,2025-09-08,2025-09-11,16050080000,2417525000,75418193000,6825000000,12825000000,48096735000,71221935000,200000000,912216200,3.170000
2025-09-15,Note,9-Year 11-Month,2025-09-10,2025-09-15,1638000000,0,39000024500,4920500000,10467000000,32322912000,38952910000,0,44224500,2.650000
2025-09-15,Note,3-Year,2025-09-09,2025-09-15,4835680000,0,58000146200,10047772800,17365000000,42895327400,55264245000,8000000,87783400,2.730000
2025-09-15,Bond,29-Year 11-Month,2025-09-11,2025-09-15,2185951000,0,22000000200,6150500000,8410500000,13619698000,15489698000,0,15414200,2.380000
2025-09-16,Bill,8-Week,2025-09-11,2025-09-16,23767750000,239316400,85239555800,4712205000,11375000000,54952945500,69350911500,0,1055213300,2.810000
2025-09-16,Bill,17-Week,2025-09-10,2025-09-16,19893200000,183006600,65184733900,3538800000,9575000000,41015616000,70138000000,0,389780100,3.260000
2025-09-16,Bill,4-Week,2025-09-11,2025-09-16,29398200000,281548700,100282313500,4457475000,11950000000,59726208600,69245733600,100000000,5016499200,2.640000
2025-09-18,Bill,13-Week,2025-09-15,2025-09-18,23201216000,2302955800,84303153900,5219045000,12135000000,51179504400,84392296900,84000000,1244427000,3.110000
2025-09-18,Bill,6-Week,2025-09-16,2025-09-18,29843620000,2387210400,87387729700,4075000000,11575000000,49623699800,61185943000,100000000,762303500,2.820000
2025-09-18,Bill,26-Week,2025-09-15,2025-09-18,18655825000,2050192400,75050325800,4918825000,11595000000,47824007400,72190479000,0,796882800,3.090000
2025-09-23,Bill,8-Week,2025-09-18,2025-09-23,28631650000,240447400,85241010900,6276615000,11875000000,48753319000,62466894000,0,952597200,2.760000
2025-09-23,Bill,4-Week,2025-09-18,2025-09-23,30469900000,282879300,100283646300,6450000000,13550000000,56803115300,69894455500,0,5059509000,2.710000
2025-09-23,Bill,17-Week,2025-09-17,2025-09-23,20699635000,183871500,65184038900,4655000000,9255000000,39098655000,55846680000,0,371079700,3.060000
2025-09-25,Bill,13-Week,2025-09-22,2025-09-25,15487114000,3356537000,85357331000,5121616500,13265000000,59411973400,96808748600,75000000,1096451100,3.330000
2025-09-25,Bill,6-Week,2025-09-23,2025-09-25,41139895000,3479337200,88479476900,4604000000,10404000000,37763095000,42711035000,0,814560700,2.510000
2025-09-25,Bill,26-Week,2025-09-22,2025-09-25,17569140000,2988136600,75988591500,7205000000,13105000000,46803564200,59068642000,0,698529000,3.010000
2025-09-26,Note,1-Year 10-Month,2025-09-24,2025-09-26,8075885000,0,28000093600,250000000,1750000000,19643465000,25502000000,0,2930600,3.150000
2025-09-30,Note,7-Year,2025-09-25,2025-09-30,5275000000,2429608900,46429614600,13877103400,17828200000,24791596000,29209596000,0,16707300,2.400000
2025-09-30,Note,5-Year,2025-09-24,2025-09-30,8347846400,3865286900,73865290100,20016676800,26120000000,41534274000,48035354000,5000000,33088000,2.340000
2025-09-30,Note,2-Year,2025-09-23,2025-09-30,7889380000,3810068500,72810112800,21131182300,28009000000,39661255000,52834255000,5000000,129647000,2.510000
2025-09-30,Note,9-Year 10-Month,2025-09-18,2025-09-30,3373105000,1049149200,20049149800,4952000000,6452000000,10631707500,11358550000,0,13617100,2.200000
2025-09-30,Bond,19-Year 11-Month,2025-09-16,2025-09-30,976440000,717838900,13717873000,3592431200,5281000000,8323068000,11112344000,0,54474900,2.740000
2025-09-30,Bill,17-Week,2025-09-24,2025-09-30,18446867500,184828900,65185678400,3935225000,9325000000,42149024000,52141075000,0,342156000,2.930000
2025-09-30,Bill,4-Week,2025-09-25,2025-09-30,35726885000,284352300,100284544700,5403910000,12040000000,52403266600,59920709600,0,5178360900,2.610000
2025-09-30,Bill,8-Week,2025-09-25,2025-09-30,27751900000,241699300,85241769600,5077800000,12100000000,50860751000,56742591000,0,909420100,2.650000
2025-10-02,Bill,26-Week,2025-09-29,2025-10-02,18151045000,4193366400,77193381700,5973320000,11900000000,47403245000,63589186000,100000000,605390200,3.000000
2025-10-02,Bill,52-Week,2025-09-30,2025-10-02,19942915000,2872168700,52872725000,2097000000,5597000000,27141500000,39285450000,0,413833800,2.920000
2025-10-02,Bill,6-Week,2025-09-30,2025-10-02,33798760000,4882687000,89882731100,4850500000,10400500000,44743195000,46987235000,100000000,798893100,2.580000
2025-10-02,Bill,13-Week,2025-09-29,2025-10-02,27427695000,4710356900,86710476800,5625700000,11275000000,47169473000,53498828000,0,987129300,2.740000
2025-10-07,Bill,17-Week,2025-10-01,2025-10-07,18535300000,190389800,67190518200,4110000000,9625000000,43924098400,71454000000,0,298565500,3.320000
2025-10-07,Bill,8-Week,2025-10-02,2025-10-07,25471962500,255747500,90256372400,3550000000,11200000000,59512776200,88439636400,0,974803300,3.010000
2025-10-07,Bill,4-Week,2025-10-02,2025-10-07,34318607500,298372200,105298650500,5615485000,13600000000,56554281600,66187225100,2000000000,5169650400,2.670000
2025-10-09,Bill,6-Week,2025-10-07,2025-10-09,31506075000,4419169800,94419353200,3768900000,11400000000,53076330500,59593483000,100000000,822408900,2.690000
2025-10-09,Bill,13-Week,2025-10-06,2025-10-09,30010544000,4124558500,88125303900,4975445000,12015000000,46943832600,66161680000,115000000,1054026800,2.910000
2025-10-09,Bill,26-Week,2025-10-06,2025-10-09,20707187500,3682641400,78682800100,6786525000,13635000000,46005391500,66174249000,0,757807200,3.040000
2025-10-14,Bill,8-Week,2025-10-09,2025-10-14,31698545000,258114200,95258597700,2970000000,12080000000,56893437400,73799557000,2000000000,1016480600,2.880000
2025-10-14,Bill,4-Week,2025-10-09,2025-10-14,32750260000,298869200,110299178800,6055000000,14305000000,62657456800,95509828000,2000000000,5209330800,2.920000
2025-10-14,Bill,17-Week,2025-10-08,2025-10-14,17076680000,187472400,69188586000,2535000000,8185000000,48934084200,78973700000,0,319471100,3.280000
2025-10-15,Bond,29-Year 10-Month,2025-10-09,2025-10-15,1901737000,408392700,22408408700,5898400000,8085400000,14156320500,16416553000,0,20642500,2.380000
2025-10-15,Note,9-Year 10-Month,2025-10-08,2025-10-15,3539221000,723968800,39723990300,9381000000,13340000000,26001456000,30898481000,0,31312500,2.480000
2025-10-15,Note,3-Year,2025-10-07,2025-10-15,6203000000,1076671700,59076806400,15372614400,22778000000,36265910000,48526860000,5000000,51584400,2.660000
2025-10-16,Bill,6-Week,2025-10-14,2025-10-16,32692200000,3087819700,98088159900,5037400000,11965000000,55881965000,61509225000,0,733414200,2.620000
2025-10-16,Bill,26-Week,2025-10-14,2025-10-16,16522650000,2502759000,79502879100,6131000000,12181000000,52793687000,64397607000,100000000,725594600,2.950000
2025-10-16,Bill,13-Week,2025-10-14,2025-10-16,24997952000,2795289400,88795490800,5201000000,11701000000,53648411100,69283711100,200000000,1124132300,2.880000
2025-10-21,Bill,4-Week,2025-10-16,2025-10-21,28808385000,300682000,110302463200,3690000000,12540000000,68919983600,84976114000,2000000000,5234784600,2.790000
2025-10-21,Bill,8-Week,2025-10-16,2025-10-21,29166585000,259679800,95260759300,3405000000,11755000000,60897657200,80839642000,0,1094708500,2.910000
2025-10-21,Bill,17-Week,2025-10-15,2025-10-21,22450610000,188609500,69188942600,3072510000,7200000000,43080445000,54469300000,0,277055900,2.870000
2025-10-23,Bill,26-Week,2025-10-20,2025-10-23,19265886000,2668340100,79668482400,6768000000,13348000000,49546892000,66641368000,200000000,640035000,3.020000
2025-10-23,Bill,6-Week,2025-10-21,2025-10-23,30932030000,3292108100,98292517600,5345000000,13795000000,57058010500,77591445000,200000000,737723000,2.930000
2025-10-23,Bill,13-Week,2025-10-20,2025-10-23,29203825000,2980224100,88980319300,4558175000,11568000000,50167688000,77152847000,250000000,1010637800,3.010000
2025-10-28,Bill,17-Week,2025-10-22,2025-10-28,21031962000,194005400,69194728900,2980000000,8530000000,44413677400,72011000000,100000000,340483100,3.270000
2025-10-28,Bill,4-Week,2025-10-23,2025-10-28,31302222500,309284000,110309903100,3600000000,12800000000,66573029500,76376454500,2000000000,5216827200,2.730000
2025-10-28,Bill,8-Week,2025-10-23,2025-10-28,33561710000,267108900,95267196100,3425000000,11125000000,56384623100,66241658100,200000000,1023323600,2.770000
2025-10-30,Bill,13-Week,2025-10-27,2025-10-30,null,null,null,null,null,null,null,null,null,null
2025-10-30,Bill,6-Week,2025-10-28,2025-10-30,null,null,null,null,null,null,null,null,null,null
2025-10-30,Bill,26-Week,2025-10-27,2025-10-30,null,null,null,null,null,null,null,null,null,null
2025-10-30,Bill,52-Week,2025-10-28,2025-10-30,null,null,null,null,null,null,null,null,null,null
2025-10-31,Note,5-Year,2025-10-23,2025-10-31,3485311500,1492973100,27492981400,6306755000,8932000000,16064949100,23403996000,0,32938700,2.510000
2025-10-31,Bond,19-Year 10-Month,2025-10-22,2025-10-31,1298000000,746486500,13746497600,3405962100,5082000000,8230074000,11691274000,0,28764000,2.730000
2025-10-31,Note,2-Year,2025-10-27,2025-10-31,null,null,null,null,null,null,null,null,null,null
2025-10-31,Note,2-Year,2025-10-29,2025-10-31,null,null,null,null,null,null,null,null,null,null
2025-10-31,Note,5-Year,2025-10-27,2025-10-31,null,null,null,null,null,null,null,null,null,null
2025-10-31,Note,7-Year,2025-10-28,2025-10-31,null,null,null,null,null,null,null,null,null,null
